pr	head_resolution	exact_head_sha_if_resident	coverage_source	selected_claim_ids	final_lifecycle_disposition	controlling_review	canonical_extraction	notes
375	PINNED_IN_REVIEW_C_FINAL_HEAD_RECONCILIATION@a6aa936ba8bf538177e34af60db7e2f0a58f8dfd		PR712@a6aa936ba8bf538177e34af60db7e2f0a58f8dfd		HISTORICAL_FULL_PROPOSAL	Reviewer C final census @ a6aa936ba8bf538177e34af60db7e2f0a58f8dfd	No direct canonical extraction in this freeze	Lifecycle recommendation only; exact mathematical disposition remains in Reviewer C PR_CENSUS/PASS2_FINAL_REVIEW at the frozen head.
376	PINNED_IN_REVIEW_C_FINAL_HEAD_RECONCILIATION@a6aa936ba8bf538177e34af60db7e2f0a58f8dfd		PR712@a6aa936ba8bf538177e34af60db7e2f0a58f8dfd		HISTORICAL_FULL_PROPOSAL	Reviewer C final census @ a6aa936ba8bf538177e34af60db7e2f0a58f8dfd	No direct canonical extraction in this freeze	Lifecycle recommendation only; exact mathematical disposition remains in Reviewer C PR_CENSUS/PASS2_FINAL_REVIEW at the frozen head.
377	PINNED_IN_REVIEW_C_FINAL_HEAD_RECONCILIATION@a6aa936ba8bf538177e34af60db7e2f0a58f8dfd		PR712@a6aa936ba8bf538177e34af60db7e2f0a58f8dfd		ADMINISTRATIVE	Reviewer C final census @ a6aa936ba8bf538177e34af60db7e2f0a58f8dfd	No direct canonical extraction in this freeze	Lifecycle recommendation only; exact mathematical disposition remains in Reviewer C PR_CENSUS/PASS2_FINAL_REVIEW at the frozen head.
378	PINNED_IN_REVIEW_C_FINAL_HEAD_RECONCILIATION@a6aa936ba8bf538177e34af60db7e2f0a58f8dfd		PR712@a6aa936ba8bf538177e34af60db7e2f0a58f8dfd		SUPERSEDED	Reviewer C final census @ a6aa936ba8bf538177e34af60db7e2f0a58f8dfd	No direct canonical extraction in this freeze	Lifecycle recommendation only; exact mathematical disposition remains in Reviewer C PR_CENSUS/PASS2_FINAL_REVIEW at the frozen head.
379	EXACT_HEAD_RESIDENT_IN_RECONCILIATION	589f1c05ccaf248cf08c87fefa7d5ab6d2380708	PR712@a6aa936ba8bf538177e34af60db7e2f0a58f8dfd	HEAT.HERMITE.COUNTABLE_CRITERION|OPEN.HEAT.HERMITE_CONSTANT_FOUR	LIVE_OPEN_GATE	Reviewer C final census @ a6aa936ba8bf538177e34af60db7e2f0a58f8dfd; Reviewer D reconciled claim rows	Extract selected semantic IDs only	Lifecycle recommendation only; exact mathematical disposition remains in Reviewer C PR_CENSUS/PASS2_FINAL_REVIEW at the frozen head.
380	PINNED_IN_REVIEW_C_FINAL_HEAD_RECONCILIATION@a6aa936ba8bf538177e34af60db7e2f0a58f8dfd		PR712@a6aa936ba8bf538177e34af60db7e2f0a58f8dfd		REFUTED	Reviewer C final census @ a6aa936ba8bf538177e34af60db7e2f0a58f8dfd	No direct canonical extraction in this freeze	Lifecycle recommendation only; exact mathematical disposition remains in Reviewer C PR_CENSUS/PASS2_FINAL_REVIEW at the frozen head.
381	EXACT_HEAD_RESIDENT_IN_RECONCILIATION	8b32a5941a349df16bdce59909ad66741293cb0a	PR712@a6aa936ba8bf538177e34af60db7e2f0a58f8dfd	ARITH.CARRY.FACTOR64_PAYMENT	LIVE_OPEN_GATE	Reviewer C final census @ a6aa936ba8bf538177e34af60db7e2f0a58f8dfd; Reviewer D reconciled claim rows	Extract selected semantic IDs only	Lifecycle recommendation only; exact mathematical disposition remains in Reviewer C PR_CENSUS/PASS2_FINAL_REVIEW at the frozen head.
382	EXACT_HEAD_RESIDENT_IN_RECONCILIATION	d5630815f68554649445cbe19989b562dc685bd3	PR712@a6aa936ba8bf538177e34af60db7e2f0a58f8dfd	OPEN.ARITH.CARRY_WEIGHTED_RESPONSE|REFUTATION.CARRY.SOURCE_BLIND_CONVEXITY	LIVE_OPEN_GATE	Reviewer C final census @ a6aa936ba8bf538177e34af60db7e2f0a58f8dfd; Reviewer D reconciled claim rows	Extract selected semantic IDs only	Lifecycle recommendation only; exact mathematical disposition remains in Reviewer C PR_CENSUS/PASS2_FINAL_REVIEW at the frozen head.
383	EXACT_HEAD_RESIDENT_IN_RECONCILIATION	d764be15bd8ea902ad260484eab44d19a9e82175	PR712@a6aa936ba8bf538177e34af60db7e2f0a58f8dfd	Q4.CARRY_FOURIER_CORE|Q4.HAAR_FINE_SCALE|Q4.JORDAN_PERIODIZED|Q4.FOURTEEN_ROW_RENEWAL	CANONICALIZED	Reviewer C final census @ a6aa936ba8bf538177e34af60db7e2f0a58f8dfd; Reviewer D reconciled claim rows	Extract selected semantic IDs only	Lifecycle recommendation only; exact mathematical disposition remains in Reviewer C PR_CENSUS/PASS2_FINAL_REVIEW at the frozen head.
384	EXACT_HEAD_RESIDENT_IN_RECONCILIATION	95ed673529fd4ed8ac9308f6ef43e11bda1954c1	PR712@a6aa936ba8bf538177e34af60db7e2f0a58f8dfd		SUPERSEDED	Reviewer C final census @ a6aa936ba8bf538177e34af60db7e2f0a58f8dfd	No direct canonical extraction in this freeze	Lifecycle recommendation only; exact mathematical disposition remains in Reviewer C PR_CENSUS/PASS2_FINAL_REVIEW at the frozen head.
385	EXACT_HEAD_RESIDENT_IN_RECONCILIATION	ea2d7c26c1fd3a58c3e31609cb2411ea0c0fd20a	PR712@a6aa936ba8bf538177e34af60db7e2f0a58f8dfd	HEAT.HERMITE.UNCONDITIONAL_REGIONS	CANONICALIZED	Reviewer C final census @ a6aa936ba8bf538177e34af60db7e2f0a58f8dfd; Reviewer D reconciled claim rows	Extract selected semantic IDs only	Lifecycle recommendation only; exact mathematical disposition remains in Reviewer C PR_CENSUS/PASS2_FINAL_REVIEW at the frozen head.
386	EXACT_HEAD_RESIDENT_IN_RECONCILIATION	66e60006bedbababefae22ad8f88f06753139a2b	PR712@a6aa936ba8bf538177e34af60db7e2f0a58f8dfd	Q4.FOURIER_GOLDBACH	CANONICALIZED	Reviewer C final census @ a6aa936ba8bf538177e34af60db7e2f0a58f8dfd; Reviewer D reconciled claim rows	Extract selected semantic IDs only	Lifecycle recommendation only; exact mathematical disposition remains in Reviewer C PR_CENSUS/PASS2_FINAL_REVIEW at the frozen head.
387	PINNED_IN_REVIEW_C_FINAL_HEAD_RECONCILIATION@a6aa936ba8bf538177e34af60db7e2f0a58f8dfd		PR712@a6aa936ba8bf538177e34af60db7e2f0a58f8dfd		REFUTED	Reviewer C final census @ a6aa936ba8bf538177e34af60db7e2f0a58f8dfd	No direct canonical extraction in this freeze	Lifecycle recommendation only; exact mathematical disposition remains in Reviewer C PR_CENSUS/PASS2_FINAL_REVIEW at the frozen head.
388	EXACT_HEAD_RESIDENT_IN_RECONCILIATION	ede3f2db2fe0c571964d2e603ba5d91ee463091a	PR712@a6aa936ba8bf538177e34af60db7e2f0a58f8dfd	REFUTATION.BROWNIAN.COFINAL_STABILITY	REFUTED	Reviewer C final census @ a6aa936ba8bf538177e34af60db7e2f0a58f8dfd; Reviewer D reconciled claim rows	Extract selected semantic IDs only	Lifecycle recommendation only; exact mathematical disposition remains in Reviewer C PR_CENSUS/PASS2_FINAL_REVIEW at the frozen head.
389	PINNED_IN_REVIEW_C_FINAL_HEAD_RECONCILIATION@a6aa936ba8bf538177e34af60db7e2f0a58f8dfd		PR712@a6aa936ba8bf538177e34af60db7e2f0a58f8dfd		SUPERSEDED	Reviewer C final census @ a6aa936ba8bf538177e34af60db7e2f0a58f8dfd	No direct canonical extraction in this freeze	Lifecycle recommendation only; exact mathematical disposition remains in Reviewer C PR_CENSUS/PASS2_FINAL_REVIEW at the frozen head.
390	PINNED_IN_REVIEW_C_FINAL_HEAD_RECONCILIATION@a6aa936ba8bf538177e34af60db7e2f0a58f8dfd		PR712@a6aa936ba8bf538177e34af60db7e2f0a58f8dfd		SUPERSEDED	Reviewer C final census @ a6aa936ba8bf538177e34af60db7e2f0a58f8dfd	No direct canonical extraction in this freeze	Lifecycle recommendation only; exact mathematical disposition remains in Reviewer C PR_CENSUS/PASS2_FINAL_REVIEW at the frozen head.
391	PINNED_IN_REVIEW_C_FINAL_HEAD_RECONCILIATION@a6aa936ba8bf538177e34af60db7e2f0a58f8dfd		PR712@a6aa936ba8bf538177e34af60db7e2f0a58f8dfd		ADMINISTRATIVE	Reviewer C final census @ a6aa936ba8bf538177e34af60db7e2f0a58f8dfd	No direct canonical extraction in this freeze	Lifecycle recommendation only; exact mathematical disposition remains in Reviewer C PR_CENSUS/PASS2_FINAL_REVIEW at the frozen head.
392	PINNED_IN_REVIEW_C_FINAL_HEAD_RECONCILIATION@a6aa936ba8bf538177e34af60db7e2f0a58f8dfd		PR712@a6aa936ba8bf538177e34af60db7e2f0a58f8dfd		SUPERSEDED	Reviewer C final census @ a6aa936ba8bf538177e34af60db7e2f0a58f8dfd	No direct canonical extraction in this freeze	Lifecycle recommendation only; exact mathematical disposition remains in Reviewer C PR_CENSUS/PASS2_FINAL_REVIEW at the frozen head.
393	EXACT_HEAD_RESIDENT_IN_RECONCILIATION	ec118df8a133a1e4800f292641d42af1ba79f938	PR712@a6aa936ba8bf538177e34af60db7e2f0a58f8dfd	OPERATOR.SAFE_LINE.HAUSDORFF_PICK	LIVE_OPEN_GATE	Reviewer C final census @ a6aa936ba8bf538177e34af60db7e2f0a58f8dfd; Reviewer D reconciled claim rows	Extract selected semantic IDs only	Lifecycle recommendation only; exact mathematical disposition remains in Reviewer C PR_CENSUS/PASS2_FINAL_REVIEW at the frozen head.
394	EXACT_HEAD_RESIDENT_IN_RECONCILIATION	82ee32348b05512514462966bfeb4e2de4ae5ecf	PR712@a6aa936ba8bf538177e34af60db7e2f0a58f8dfd	OPEN.OPERATOR.RADIAL_CURVATURE	LIVE_OPEN_GATE	Reviewer C final census @ a6aa936ba8bf538177e34af60db7e2f0a58f8dfd; Reviewer D reconciled claim rows	Extract selected semantic IDs only	Lifecycle recommendation only; exact mathematical disposition remains in Reviewer C PR_CENSUS/PASS2_FINAL_REVIEW at the frozen head.
395	EXACT_HEAD_RESIDENT_IN_RECONCILIATION	7106b3b2e06b8193861851890db12767a03b5df4	PR712@a6aa936ba8bf538177e34af60db7e2f0a58f8dfd	OPERATOR.CATALAN_VK_SAFE_DISC	LIVE_OPEN_GATE	Reviewer C final census @ a6aa936ba8bf538177e34af60db7e2f0a58f8dfd; Reviewer D reconciled claim rows	Extract selected semantic IDs only	Lifecycle recommendation only; exact mathematical disposition remains in Reviewer C PR_CENSUS/PASS2_FINAL_REVIEW at the frozen head.
396	EXACT_HEAD_RESIDENT_IN_RECONCILIATION	a7e140614a2544b320c274acc5c599e5176cea97	PR712@a6aa936ba8bf538177e34af60db7e2f0a58f8dfd	OPERATOR.GREEN_REMOVAL_PORTS	LIVE_OPEN_GATE	Reviewer C final census @ a6aa936ba8bf538177e34af60db7e2f0a58f8dfd; Reviewer D reconciled claim rows	Extract selected semantic IDs only	Lifecycle recommendation only; exact mathematical disposition remains in Reviewer C PR_CENSUS/PASS2_FINAL_REVIEW at the frozen head.
397	PINNED_IN_REVIEW_C_FINAL_HEAD_RECONCILIATION@a6aa936ba8bf538177e34af60db7e2f0a58f8dfd		PR712@a6aa936ba8bf538177e34af60db7e2f0a58f8dfd		SUPERSEDED	Reviewer C final census @ a6aa936ba8bf538177e34af60db7e2f0a58f8dfd	No direct canonical extraction in this freeze	Lifecycle recommendation only; exact mathematical disposition remains in Reviewer C PR_CENSUS/PASS2_FINAL_REVIEW at the frozen head.
398	PINNED_IN_REVIEW_C_FINAL_HEAD_RECONCILIATION@a6aa936ba8bf538177e34af60db7e2f0a58f8dfd		PR712@a6aa936ba8bf538177e34af60db7e2f0a58f8dfd		REFUTED	Reviewer C final census @ a6aa936ba8bf538177e34af60db7e2f0a58f8dfd	No direct canonical extraction in this freeze	Lifecycle recommendation only; exact mathematical disposition remains in Reviewer C PR_CENSUS/PASS2_FINAL_REVIEW at the frozen head.
399	PINNED_IN_REVIEW_C_FINAL_HEAD_RECONCILIATION@a6aa936ba8bf538177e34af60db7e2f0a58f8dfd		PR712@a6aa936ba8bf538177e34af60db7e2f0a58f8dfd		SUPERSEDED	Reviewer C final census @ a6aa936ba8bf538177e34af60db7e2f0a58f8dfd	No direct canonical extraction in this freeze	Lifecycle recommendation only; exact mathematical disposition remains in Reviewer C PR_CENSUS/PASS2_FINAL_REVIEW at the frozen head.
400	EXACT_HEAD_RESIDENT_IN_RECONCILIATION	7dc9fec9eb5fab4ee9340ddbc5a52e36a6ab617e	PR712@a6aa936ba8bf538177e34af60db7e2f0a58f8dfd	OPERATOR.SUZUKI.AMPLITUDE_EMBEDDING|API.SUZUKI.FOCK_FIRST_CHAOS|OPEN.OPERATOR.SUZUKI_FIRST_CHAOS_DOMINATION	LIVE_OPEN_GATE	Reviewer C final census @ a6aa936ba8bf538177e34af60db7e2f0a58f8dfd; Reviewer D reconciled claim rows	Extract selected semantic IDs only	Lifecycle recommendation only; exact mathematical disposition remains in Reviewer C PR_CENSUS/PASS2_FINAL_REVIEW at the frozen head.
401	PINNED_IN_REVIEW_C_FINAL_HEAD_RECONCILIATION@a6aa936ba8bf538177e34af60db7e2f0a58f8dfd		PR712@a6aa936ba8bf538177e34af60db7e2f0a58f8dfd		SUPERSEDED	Reviewer C final census @ a6aa936ba8bf538177e34af60db7e2f0a58f8dfd	No direct canonical extraction in this freeze	Lifecycle recommendation only; exact mathematical disposition remains in Reviewer C PR_CENSUS/PASS2_FINAL_REVIEW at the frozen head.
402	PINNED_IN_REVIEW_C_FINAL_HEAD_RECONCILIATION@a6aa936ba8bf538177e34af60db7e2f0a58f8dfd		PR712@a6aa936ba8bf538177e34af60db7e2f0a58f8dfd		SUPERSEDED	Reviewer C final census @ a6aa936ba8bf538177e34af60db7e2f0a58f8dfd	No direct canonical extraction in this freeze	Lifecycle recommendation only; exact mathematical disposition remains in Reviewer C PR_CENSUS/PASS2_FINAL_REVIEW at the frozen head.
403	PINNED_IN_REVIEW_C_FINAL_HEAD_RECONCILIATION@a6aa936ba8bf538177e34af60db7e2f0a58f8dfd		PR712@a6aa936ba8bf538177e34af60db7e2f0a58f8dfd		SUPERSEDED	Reviewer C final census @ a6aa936ba8bf538177e34af60db7e2f0a58f8dfd	No direct canonical extraction in this freeze	Lifecycle recommendation only; exact mathematical disposition remains in Reviewer C PR_CENSUS/PASS2_FINAL_REVIEW at the frozen head.
404	PINNED_IN_REVIEW_C_FINAL_HEAD_RECONCILIATION@a6aa936ba8bf538177e34af60db7e2f0a58f8dfd		PR712@a6aa936ba8bf538177e34af60db7e2f0a58f8dfd		SUPERSEDED	Reviewer C final census @ a6aa936ba8bf538177e34af60db7e2f0a58f8dfd	No direct canonical extraction in this freeze	Lifecycle recommendation only; exact mathematical disposition remains in Reviewer C PR_CENSUS/PASS2_FINAL_REVIEW at the frozen head.
405	PINNED_IN_REVIEW_C_FINAL_HEAD_RECONCILIATION@a6aa936ba8bf538177e34af60db7e2f0a58f8dfd		PR712@a6aa936ba8bf538177e34af60db7e2f0a58f8dfd		HISTORICAL_FULL_PROPOSAL	Reviewer C final census @ a6aa936ba8bf538177e34af60db7e2f0a58f8dfd	No direct canonical extraction in this freeze	Lifecycle recommendation only; exact mathematical disposition remains in Reviewer C PR_CENSUS/PASS2_FINAL_REVIEW at the frozen head.
406	PINNED_IN_REVIEW_C_FINAL_HEAD_RECONCILIATION@a6aa936ba8bf538177e34af60db7e2f0a58f8dfd		PR712@a6aa936ba8bf538177e34af60db7e2f0a58f8dfd		SUPERSEDED	Reviewer C final census @ a6aa936ba8bf538177e34af60db7e2f0a58f8dfd	No direct canonical extraction in this freeze	Lifecycle recommendation only; exact mathematical disposition remains in Reviewer C PR_CENSUS/PASS2_FINAL_REVIEW at the frozen head.
407	PINNED_IN_REVIEW_C_FINAL_HEAD_RECONCILIATION@a6aa936ba8bf538177e34af60db7e2f0a58f8dfd		PR712@a6aa936ba8bf538177e34af60db7e2f0a58f8dfd		SUPERSEDED	Reviewer C final census @ a6aa936ba8bf538177e34af60db7e2f0a58f8dfd	No direct canonical extraction in this freeze	Lifecycle recommendation only; exact mathematical disposition remains in Reviewer C PR_CENSUS/PASS2_FINAL_REVIEW at the frozen head.
408	EXACT_HEAD_RESIDENT_IN_RECONCILIATION	ea3948ea21d90b9c9824874c5051dcc76e216a5b	PR712@a6aa936ba8bf538177e34af60db7e2f0a58f8dfd	OPERATOR.PRIME_JULIA_ABSORPTION	LIVE_OPEN_GATE	Reviewer C final census @ a6aa936ba8bf538177e34af60db7e2f0a58f8dfd; Reviewer D reconciled claim rows	Extract selected semantic IDs only	Lifecycle recommendation only; exact mathematical disposition remains in Reviewer C PR_CENSUS/PASS2_FINAL_REVIEW at the frozen head.
409	PINNED_IN_REVIEW_C_FINAL_HEAD_RECONCILIATION@a6aa936ba8bf538177e34af60db7e2f0a58f8dfd		PR712@a6aa936ba8bf538177e34af60db7e2f0a58f8dfd		SUPERSEDED	Reviewer C final census @ a6aa936ba8bf538177e34af60db7e2f0a58f8dfd	No direct canonical extraction in this freeze	Lifecycle recommendation only; exact mathematical disposition remains in Reviewer C PR_CENSUS/PASS2_FINAL_REVIEW at the frozen head.
410	PINNED_IN_REVIEW_C_FINAL_HEAD_RECONCILIATION@a6aa936ba8bf538177e34af60db7e2f0a58f8dfd		PR712@a6aa936ba8bf538177e34af60db7e2f0a58f8dfd		SUPERSEDED	Reviewer C final census @ a6aa936ba8bf538177e34af60db7e2f0a58f8dfd	No direct canonical extraction in this freeze	Lifecycle recommendation only; exact mathematical disposition remains in Reviewer C PR_CENSUS/PASS2_FINAL_REVIEW at the frozen head.
411	PINNED_IN_REVIEW_C_FINAL_HEAD_RECONCILIATION@a6aa936ba8bf538177e34af60db7e2f0a58f8dfd		PR712@a6aa936ba8bf538177e34af60db7e2f0a58f8dfd		SUPERSEDED	Reviewer C final census @ a6aa936ba8bf538177e34af60db7e2f0a58f8dfd	No direct canonical extraction in this freeze	Lifecycle recommendation only; exact mathematical disposition remains in Reviewer C PR_CENSUS/PASS2_FINAL_REVIEW at the frozen head.
412	PINNED_IN_REVIEW_C_FINAL_HEAD_RECONCILIATION@a6aa936ba8bf538177e34af60db7e2f0a58f8dfd		PR712@a6aa936ba8bf538177e34af60db7e2f0a58f8dfd		SUPERSEDED	Reviewer C final census @ a6aa936ba8bf538177e34af60db7e2f0a58f8dfd	No direct canonical extraction in this freeze	Lifecycle recommendation only; exact mathematical disposition remains in Reviewer C PR_CENSUS/PASS2_FINAL_REVIEW at the frozen head.
413	PINNED_IN_REVIEW_C_FINAL_HEAD_RECONCILIATION@a6aa936ba8bf538177e34af60db7e2f0a58f8dfd		PR712@a6aa936ba8bf538177e34af60db7e2f0a58f8dfd		SUPERSEDED	Reviewer C final census @ a6aa936ba8bf538177e34af60db7e2f0a58f8dfd	No direct canonical extraction in this freeze	Lifecycle recommendation only; exact mathematical disposition remains in Reviewer C PR_CENSUS/PASS2_FINAL_REVIEW at the frozen head.
414	PINNED_IN_REVIEW_C_FINAL_HEAD_RECONCILIATION@a6aa936ba8bf538177e34af60db7e2f0a58f8dfd		PR712@a6aa936ba8bf538177e34af60db7e2f0a58f8dfd		SUPERSEDED	Reviewer C final census @ a6aa936ba8bf538177e34af60db7e2f0a58f8dfd	No direct canonical extraction in this freeze	Lifecycle recommendation only; exact mathematical disposition remains in Reviewer C PR_CENSUS/PASS2_FINAL_REVIEW at the frozen head.
415	PINNED_IN_REVIEW_C_FINAL_HEAD_RECONCILIATION@a6aa936ba8bf538177e34af60db7e2f0a58f8dfd		PR712@a6aa936ba8bf538177e34af60db7e2f0a58f8dfd		SUPERSEDED	Reviewer C final census @ a6aa936ba8bf538177e34af60db7e2f0a58f8dfd	No direct canonical extraction in this freeze	Lifecycle recommendation only; exact mathematical disposition remains in Reviewer C PR_CENSUS/PASS2_FINAL_REVIEW at the frozen head.
416	PINNED_IN_REVIEW_C_FINAL_HEAD_RECONCILIATION@a6aa936ba8bf538177e34af60db7e2f0a58f8dfd		PR712@a6aa936ba8bf538177e34af60db7e2f0a58f8dfd		SUPERSEDED	Reviewer C final census @ a6aa936ba8bf538177e34af60db7e2f0a58f8dfd	No direct canonical extraction in this freeze	Lifecycle recommendation only; exact mathematical disposition remains in Reviewer C PR_CENSUS/PASS2_FINAL_REVIEW at the frozen head.
417	NO_REMOTE_PR_OBJECT_SEQUENCE_GAP		PR712@a6aa936ba8bf538177e34af60db7e2f0a58f8dfd		ADMINISTRATIVE	Reviewer C final census @ a6aa936ba8bf538177e34af60db7e2f0a58f8dfd	No direct canonical extraction in this freeze	GitHub sequence gap: Reviewer C found no remote PR object; no scientific claim is omitted.
418	PINNED_IN_REVIEW_C_FINAL_HEAD_RECONCILIATION@a6aa936ba8bf538177e34af60db7e2f0a58f8dfd		PR712@a6aa936ba8bf538177e34af60db7e2f0a58f8dfd		SUPERSEDED	Reviewer C final census @ a6aa936ba8bf538177e34af60db7e2f0a58f8dfd	No direct canonical extraction in this freeze	Lifecycle recommendation only; exact mathematical disposition remains in Reviewer C PR_CENSUS/PASS2_FINAL_REVIEW at the frozen head.
419	PINNED_IN_REVIEW_C_FINAL_HEAD_RECONCILIATION@a6aa936ba8bf538177e34af60db7e2f0a58f8dfd		PR712@a6aa936ba8bf538177e34af60db7e2f0a58f8dfd		SUPERSEDED	Reviewer C final census @ a6aa936ba8bf538177e34af60db7e2f0a58f8dfd	No direct canonical extraction in this freeze	Lifecycle recommendation only; exact mathematical disposition remains in Reviewer C PR_CENSUS/PASS2_FINAL_REVIEW at the frozen head.
420	PINNED_IN_REVIEW_C_FINAL_HEAD_RECONCILIATION@a6aa936ba8bf538177e34af60db7e2f0a58f8dfd		PR712@a6aa936ba8bf538177e34af60db7e2f0a58f8dfd		SUPERSEDED	Reviewer C final census @ a6aa936ba8bf538177e34af60db7e2f0a58f8dfd	No direct canonical extraction in this freeze	Lifecycle recommendation only; exact mathematical disposition remains in Reviewer C PR_CENSUS/PASS2_FINAL_REVIEW at the frozen head.
421	PINNED_IN_REVIEW_C_FINAL_HEAD_RECONCILIATION@a6aa936ba8bf538177e34af60db7e2f0a58f8dfd		PR712@a6aa936ba8bf538177e34af60db7e2f0a58f8dfd		SUPERSEDED	Reviewer C final census @ a6aa936ba8bf538177e34af60db7e2f0a58f8dfd	No direct canonical extraction in this freeze	Lifecycle recommendation only; exact mathematical disposition remains in Reviewer C PR_CENSUS/PASS2_FINAL_REVIEW at the frozen head.
422	PINNED_IN_REVIEW_C_FINAL_HEAD_RECONCILIATION@a6aa936ba8bf538177e34af60db7e2f0a58f8dfd		PR712@a6aa936ba8bf538177e34af60db7e2f0a58f8dfd		SUPERSEDED	Reviewer C final census @ a6aa936ba8bf538177e34af60db7e2f0a58f8dfd	No direct canonical extraction in this freeze	Lifecycle recommendation only; exact mathematical disposition remains in Reviewer C PR_CENSUS/PASS2_FINAL_REVIEW at the frozen head.
423	PINNED_IN_REVIEW_C_FINAL_HEAD_RECONCILIATION@a6aa936ba8bf538177e34af60db7e2f0a58f8dfd		PR712@a6aa936ba8bf538177e34af60db7e2f0a58f8dfd		SUPERSEDED	Reviewer C final census @ a6aa936ba8bf538177e34af60db7e2f0a58f8dfd	No direct canonical extraction in this freeze	Lifecycle recommendation only; exact mathematical disposition remains in Reviewer C PR_CENSUS/PASS2_FINAL_REVIEW at the frozen head.
424	PINNED_IN_REVIEW_C_FINAL_HEAD_RECONCILIATION@a6aa936ba8bf538177e34af60db7e2f0a58f8dfd		PR712@a6aa936ba8bf538177e34af60db7e2f0a58f8dfd		SUPERSEDED	Reviewer C final census @ a6aa936ba8bf538177e34af60db7e2f0a58f8dfd	No direct canonical extraction in this freeze	Lifecycle recommendation only; exact mathematical disposition remains in Reviewer C PR_CENSUS/PASS2_FINAL_REVIEW at the frozen head.
425	PINNED_IN_REVIEW_C_FINAL_HEAD_RECONCILIATION@a6aa936ba8bf538177e34af60db7e2f0a58f8dfd		PR712@a6aa936ba8bf538177e34af60db7e2f0a58f8dfd		SUPERSEDED	Reviewer C final census @ a6aa936ba8bf538177e34af60db7e2f0a58f8dfd	No direct canonical extraction in this freeze	Lifecycle recommendation only; exact mathematical disposition remains in Reviewer C PR_CENSUS/PASS2_FINAL_REVIEW at the frozen head.
426	PINNED_IN_REVIEW_C_FINAL_HEAD_RECONCILIATION@a6aa936ba8bf538177e34af60db7e2f0a58f8dfd		PR712@a6aa936ba8bf538177e34af60db7e2f0a58f8dfd		SUPERSEDED	Reviewer C final census @ a6aa936ba8bf538177e34af60db7e2f0a58f8dfd	No direct canonical extraction in this freeze	Lifecycle recommendation only; exact mathematical disposition remains in Reviewer C PR_CENSUS/PASS2_FINAL_REVIEW at the frozen head.
427	PINNED_IN_REVIEW_C_FINAL_HEAD_RECONCILIATION@a6aa936ba8bf538177e34af60db7e2f0a58f8dfd		PR712@a6aa936ba8bf538177e34af60db7e2f0a58f8dfd		SUPERSEDED	Reviewer C final census @ a6aa936ba8bf538177e34af60db7e2f0a58f8dfd	No direct canonical extraction in this freeze	Lifecycle recommendation only; exact mathematical disposition remains in Reviewer C PR_CENSUS/PASS2_FINAL_REVIEW at the frozen head.
428	PINNED_IN_REVIEW_C_FINAL_HEAD_RECONCILIATION@a6aa936ba8bf538177e34af60db7e2f0a58f8dfd		PR712@a6aa936ba8bf538177e34af60db7e2f0a58f8dfd		SUPERSEDED	Reviewer C final census @ a6aa936ba8bf538177e34af60db7e2f0a58f8dfd	No direct canonical extraction in this freeze	Lifecycle recommendation only; exact mathematical disposition remains in Reviewer C PR_CENSUS/PASS2_FINAL_REVIEW at the frozen head.
429	PINNED_IN_REVIEW_C_FINAL_HEAD_RECONCILIATION@a6aa936ba8bf538177e34af60db7e2f0a58f8dfd		PR712@a6aa936ba8bf538177e34af60db7e2f0a58f8dfd		SUPERSEDED	Reviewer C final census @ a6aa936ba8bf538177e34af60db7e2f0a58f8dfd	No direct canonical extraction in this freeze	Lifecycle recommendation only; exact mathematical disposition remains in Reviewer C PR_CENSUS/PASS2_FINAL_REVIEW at the frozen head.
430	PINNED_IN_REVIEW_C_FINAL_HEAD_RECONCILIATION@a6aa936ba8bf538177e34af60db7e2f0a58f8dfd		PR712@a6aa936ba8bf538177e34af60db7e2f0a58f8dfd		SUPERSEDED	Reviewer C final census @ a6aa936ba8bf538177e34af60db7e2f0a58f8dfd	No direct canonical extraction in this freeze	Lifecycle recommendation only; exact mathematical disposition remains in Reviewer C PR_CENSUS/PASS2_FINAL_REVIEW at the frozen head.
431	EXACT_HEAD_RESIDENT_IN_RECONCILIATION	78a622e32ef36e587099bb95cb791461b75d26bf	PR712@a6aa936ba8bf538177e34af60db7e2f0a58f8dfd		HISTORICAL_FULL_PROPOSAL	Reviewer C final census @ a6aa936ba8bf538177e34af60db7e2f0a58f8dfd	No direct canonical extraction in this freeze	Lifecycle recommendation only; exact mathematical disposition remains in Reviewer C PR_CENSUS/PASS2_FINAL_REVIEW at the frozen head.
432	PINNED_IN_REVIEW_C_FINAL_HEAD_RECONCILIATION@a6aa936ba8bf538177e34af60db7e2f0a58f8dfd		PR712@a6aa936ba8bf538177e34af60db7e2f0a58f8dfd		SUPERSEDED	Reviewer C final census @ a6aa936ba8bf538177e34af60db7e2f0a58f8dfd	No direct canonical extraction in this freeze	Lifecycle recommendation only; exact mathematical disposition remains in Reviewer C PR_CENSUS/PASS2_FINAL_REVIEW at the frozen head.
433	PINNED_IN_REVIEW_C_FINAL_HEAD_RECONCILIATION@a6aa936ba8bf538177e34af60db7e2f0a58f8dfd		PR712@a6aa936ba8bf538177e34af60db7e2f0a58f8dfd		SUPERSEDED	Reviewer C final census @ a6aa936ba8bf538177e34af60db7e2f0a58f8dfd	No direct canonical extraction in this freeze	Lifecycle recommendation only; exact mathematical disposition remains in Reviewer C PR_CENSUS/PASS2_FINAL_REVIEW at the frozen head.
434	PINNED_IN_REVIEW_C_FINAL_HEAD_RECONCILIATION@a6aa936ba8bf538177e34af60db7e2f0a58f8dfd		PR712@a6aa936ba8bf538177e34af60db7e2f0a58f8dfd		SUPERSEDED	Reviewer C final census @ a6aa936ba8bf538177e34af60db7e2f0a58f8dfd	No direct canonical extraction in this freeze	Lifecycle recommendation only; exact mathematical disposition remains in Reviewer C PR_CENSUS/PASS2_FINAL_REVIEW at the frozen head.
435	PINNED_IN_REVIEW_C_FINAL_HEAD_RECONCILIATION@a6aa936ba8bf538177e34af60db7e2f0a58f8dfd		PR712@a6aa936ba8bf538177e34af60db7e2f0a58f8dfd		SUPERSEDED	Reviewer C final census @ a6aa936ba8bf538177e34af60db7e2f0a58f8dfd	No direct canonical extraction in this freeze	Lifecycle recommendation only; exact mathematical disposition remains in Reviewer C PR_CENSUS/PASS2_FINAL_REVIEW at the frozen head.
436	EXACT_HEAD_RESIDENT_IN_RECONCILIATION	9aeccd55779689d3ee105d16a0caf6f600ff1ea2	PR712@a6aa936ba8bf538177e34af60db7e2f0a58f8dfd		HISTORICAL_FULL_PROPOSAL	Reviewer C final census @ a6aa936ba8bf538177e34af60db7e2f0a58f8dfd	No direct canonical extraction in this freeze	Lifecycle recommendation only; exact mathematical disposition remains in Reviewer C PR_CENSUS/PASS2_FINAL_REVIEW at the frozen head.
437	PINNED_IN_REVIEW_C_FINAL_HEAD_RECONCILIATION@a6aa936ba8bf538177e34af60db7e2f0a58f8dfd		PR712@a6aa936ba8bf538177e34af60db7e2f0a58f8dfd		SUPERSEDED	Reviewer C final census @ a6aa936ba8bf538177e34af60db7e2f0a58f8dfd	No direct canonical extraction in this freeze	Lifecycle recommendation only; exact mathematical disposition remains in Reviewer C PR_CENSUS/PASS2_FINAL_REVIEW at the frozen head.
438	EXACT_HEAD_RESIDENT_IN_RECONCILIATION	bb7327d21c47410820cda2671f45dbe709a72eea	PR712@a6aa936ba8bf538177e34af60db7e2f0a58f8dfd	OPERATOR.BIRMAN_SCHWINGER.NORMAL_FORM|OPERATOR.XI.PICK_ORDER2|OPEN.OPERATOR.XI.PICK_ORDER4_PLUS	LIVE_OPEN_GATE	Reviewer C final census @ a6aa936ba8bf538177e34af60db7e2f0a58f8dfd; Reviewer D reconciled claim rows	Extract selected semantic IDs only	Lifecycle recommendation only; exact mathematical disposition remains in Reviewer C PR_CENSUS/PASS2_FINAL_REVIEW at the frozen head.
439	EXACT_HEAD_RESIDENT_IN_RECONCILIATION	706445c01d4a5c9f852a4faf1329bd9858dc727a	PR712@a6aa936ba8bf538177e34af60db7e2f0a58f8dfd	ARITH.CAUSAL_PACKET_BUDGET	CANONICALIZED	Reviewer C final census @ a6aa936ba8bf538177e34af60db7e2f0a58f8dfd; Reviewer D reconciled claim rows	Extract selected semantic IDs only	Lifecycle recommendation only; exact mathematical disposition remains in Reviewer C PR_CENSUS/PASS2_FINAL_REVIEW at the frozen head.
440	PINNED_IN_REVIEW_C_FINAL_HEAD_RECONCILIATION@a6aa936ba8bf538177e34af60db7e2f0a58f8dfd		PR712@a6aa936ba8bf538177e34af60db7e2f0a58f8dfd		SUPERSEDED	Reviewer C final census @ a6aa936ba8bf538177e34af60db7e2f0a58f8dfd	No direct canonical extraction in this freeze	Lifecycle recommendation only; exact mathematical disposition remains in Reviewer C PR_CENSUS/PASS2_FINAL_REVIEW at the frozen head.
441	PINNED_IN_REVIEW_C_FINAL_HEAD_RECONCILIATION@a6aa936ba8bf538177e34af60db7e2f0a58f8dfd		PR712@a6aa936ba8bf538177e34af60db7e2f0a58f8dfd		SUPERSEDED	Reviewer C final census @ a6aa936ba8bf538177e34af60db7e2f0a58f8dfd	No direct canonical extraction in this freeze	Lifecycle recommendation only; exact mathematical disposition remains in Reviewer C PR_CENSUS/PASS2_FINAL_REVIEW at the frozen head.
442	PINNED_IN_REVIEW_C_FINAL_HEAD_RECONCILIATION@a6aa936ba8bf538177e34af60db7e2f0a58f8dfd		PR712@a6aa936ba8bf538177e34af60db7e2f0a58f8dfd		SUPERSEDED	Reviewer C final census @ a6aa936ba8bf538177e34af60db7e2f0a58f8dfd	No direct canonical extraction in this freeze	Lifecycle recommendation only; exact mathematical disposition remains in Reviewer C PR_CENSUS/PASS2_FINAL_REVIEW at the frozen head.
443	PINNED_IN_REVIEW_C_FINAL_HEAD_RECONCILIATION@a6aa936ba8bf538177e34af60db7e2f0a58f8dfd		PR712@a6aa936ba8bf538177e34af60db7e2f0a58f8dfd		HISTORICAL_FULL_PROPOSAL	Reviewer C final census @ a6aa936ba8bf538177e34af60db7e2f0a58f8dfd	No direct canonical extraction in this freeze	Lifecycle recommendation only; exact mathematical disposition remains in Reviewer C PR_CENSUS/PASS2_FINAL_REVIEW at the frozen head.
444	PINNED_IN_REVIEW_C_FINAL_HEAD_RECONCILIATION@a6aa936ba8bf538177e34af60db7e2f0a58f8dfd		PR712@a6aa936ba8bf538177e34af60db7e2f0a58f8dfd		SUPERSEDED	Reviewer C final census @ a6aa936ba8bf538177e34af60db7e2f0a58f8dfd	No direct canonical extraction in this freeze	Lifecycle recommendation only; exact mathematical disposition remains in Reviewer C PR_CENSUS/PASS2_FINAL_REVIEW at the frozen head.
445	EXACT_HEAD_RESIDENT_IN_RECONCILIATION	c079c2ef21022be951027de1316aecf1168422c1	PR712@a6aa936ba8bf538177e34af60db7e2f0a58f8dfd	OPERATOR.XI.PICK_ORDER3.DETERMINANT|OPERATOR.XI.PICK_ORDER3.TP_CURVATURE	LIVE_OPEN_GATE	Reviewer C final census @ a6aa936ba8bf538177e34af60db7e2f0a58f8dfd; Reviewer D reconciled claim rows	Extract selected semantic IDs only	Lifecycle recommendation only; exact mathematical disposition remains in Reviewer C PR_CENSUS/PASS2_FINAL_REVIEW at the frozen head.
446	EXACT_HEAD_RESIDENT_IN_RECONCILIATION	880d14cb4bcbf542ec199137d60c58d9a8fd723d	PR712@a6aa936ba8bf538177e34af60db7e2f0a58f8dfd	OPERATOR.XI.RECIPROCAL_CONCAVITY.SUM|OPERATOR.XI.RECIPROCAL_CONCAVITY.ONE_ORBIT|OPERATOR.XI.CRITICAL_RESERVE_BUDGET|OPERATOR.XI.RECIPROCAL_CONCAVITY.ACTUAL|OPERATOR.XI.PICK_ORDER3	LIVE_OPEN_GATE	Reviewer C final census @ a6aa936ba8bf538177e34af60db7e2f0a58f8dfd; Reviewer D reconciled claim rows	Extract selected semantic IDs only	Lifecycle recommendation only; exact mathematical disposition remains in Reviewer C PR_CENSUS/PASS2_FINAL_REVIEW at the frozen head.
447	PINNED_IN_REVIEW_C_FINAL_HEAD_RECONCILIATION@a6aa936ba8bf538177e34af60db7e2f0a58f8dfd		PR712@a6aa936ba8bf538177e34af60db7e2f0a58f8dfd		SUPERSEDED	Reviewer C final census @ a6aa936ba8bf538177e34af60db7e2f0a58f8dfd	No direct canonical extraction in this freeze	Lifecycle recommendation only; exact mathematical disposition remains in Reviewer C PR_CENSUS/PASS2_FINAL_REVIEW at the frozen head.
448	PINNED_IN_REVIEW_C_FINAL_HEAD_RECONCILIATION@a6aa936ba8bf538177e34af60db7e2f0a58f8dfd		PR712@a6aa936ba8bf538177e34af60db7e2f0a58f8dfd		SUPERSEDED	Reviewer C final census @ a6aa936ba8bf538177e34af60db7e2f0a58f8dfd	No direct canonical extraction in this freeze	Lifecycle recommendation only; exact mathematical disposition remains in Reviewer C PR_CENSUS/PASS2_FINAL_REVIEW at the frozen head.
449	PINNED_IN_REVIEW_C_FINAL_HEAD_RECONCILIATION@a6aa936ba8bf538177e34af60db7e2f0a58f8dfd		PR712@a6aa936ba8bf538177e34af60db7e2f0a58f8dfd		SUPERSEDED	Reviewer C final census @ a6aa936ba8bf538177e34af60db7e2f0a58f8dfd	No direct canonical extraction in this freeze	Lifecycle recommendation only; exact mathematical disposition remains in Reviewer C PR_CENSUS/PASS2_FINAL_REVIEW at the frozen head.
450	PINNED_IN_REVIEW_C_FINAL_HEAD_RECONCILIATION@a6aa936ba8bf538177e34af60db7e2f0a58f8dfd		PR712@a6aa936ba8bf538177e34af60db7e2f0a58f8dfd		SUPERSEDED	Reviewer C final census @ a6aa936ba8bf538177e34af60db7e2f0a58f8dfd	No direct canonical extraction in this freeze	Lifecycle recommendation only; exact mathematical disposition remains in Reviewer C PR_CENSUS/PASS2_FINAL_REVIEW at the frozen head.
451	PINNED_IN_REVIEW_C_FINAL_HEAD_RECONCILIATION@a6aa936ba8bf538177e34af60db7e2f0a58f8dfd		PR712@a6aa936ba8bf538177e34af60db7e2f0a58f8dfd		HISTORICAL_FULL_PROPOSAL	Reviewer C final census @ a6aa936ba8bf538177e34af60db7e2f0a58f8dfd	No direct canonical extraction in this freeze	Lifecycle recommendation only; exact mathematical disposition remains in Reviewer C PR_CENSUS/PASS2_FINAL_REVIEW at the frozen head.
452	PINNED_IN_REVIEW_C_FINAL_HEAD_RECONCILIATION@a6aa936ba8bf538177e34af60db7e2f0a58f8dfd		PR712@a6aa936ba8bf538177e34af60db7e2f0a58f8dfd		SUPERSEDED	Reviewer C final census @ a6aa936ba8bf538177e34af60db7e2f0a58f8dfd	No direct canonical extraction in this freeze	Lifecycle recommendation only; exact mathematical disposition remains in Reviewer C PR_CENSUS/PASS2_FINAL_REVIEW at the frozen head.
453	PINNED_IN_REVIEW_C_FINAL_HEAD_RECONCILIATION@a6aa936ba8bf538177e34af60db7e2f0a58f8dfd		PR712@a6aa936ba8bf538177e34af60db7e2f0a58f8dfd		SUPERSEDED	Reviewer C final census @ a6aa936ba8bf538177e34af60db7e2f0a58f8dfd	No direct canonical extraction in this freeze	Lifecycle recommendation only; exact mathematical disposition remains in Reviewer C PR_CENSUS/PASS2_FINAL_REVIEW at the frozen head.
454	EXACT_HEAD_RESIDENT_IN_RECONCILIATION	a0409d54250bc211d62718a1aedb6fa020d7f091	PR712@a6aa936ba8bf538177e34af60db7e2f0a58f8dfd	ARITH.FINITE_FARKAS	CANONICALIZED	Reviewer C final census @ a6aa936ba8bf538177e34af60db7e2f0a58f8dfd; Reviewer D reconciled claim rows	Extract selected semantic IDs only	Lifecycle recommendation only; exact mathematical disposition remains in Reviewer C PR_CENSUS/PASS2_FINAL_REVIEW at the frozen head.
455	PINNED_IN_REVIEW_C_FINAL_HEAD_RECONCILIATION@a6aa936ba8bf538177e34af60db7e2f0a58f8dfd		PR712@a6aa936ba8bf538177e34af60db7e2f0a58f8dfd		HISTORICAL_FULL_PROPOSAL	Reviewer C final census @ a6aa936ba8bf538177e34af60db7e2f0a58f8dfd	No direct canonical extraction in this freeze	Lifecycle recommendation only; exact mathematical disposition remains in Reviewer C PR_CENSUS/PASS2_FINAL_REVIEW at the frozen head.
456	PINNED_IN_REVIEW_C_FINAL_HEAD_RECONCILIATION@a6aa936ba8bf538177e34af60db7e2f0a58f8dfd		PR712@a6aa936ba8bf538177e34af60db7e2f0a58f8dfd		SUPERSEDED	Reviewer C final census @ a6aa936ba8bf538177e34af60db7e2f0a58f8dfd	No direct canonical extraction in this freeze	Lifecycle recommendation only; exact mathematical disposition remains in Reviewer C PR_CENSUS/PASS2_FINAL_REVIEW at the frozen head.
457	PINNED_IN_REVIEW_C_FINAL_HEAD_RECONCILIATION@a6aa936ba8bf538177e34af60db7e2f0a58f8dfd		PR712@a6aa936ba8bf538177e34af60db7e2f0a58f8dfd		SUPERSEDED	Reviewer C final census @ a6aa936ba8bf538177e34af60db7e2f0a58f8dfd	No direct canonical extraction in this freeze	Lifecycle recommendation only; exact mathematical disposition remains in Reviewer C PR_CENSUS/PASS2_FINAL_REVIEW at the frozen head.
458	PINNED_IN_REVIEW_C_FINAL_HEAD_RECONCILIATION@a6aa936ba8bf538177e34af60db7e2f0a58f8dfd		PR712@a6aa936ba8bf538177e34af60db7e2f0a58f8dfd		SUPERSEDED	Reviewer C final census @ a6aa936ba8bf538177e34af60db7e2f0a58f8dfd	No direct canonical extraction in this freeze	Lifecycle recommendation only; exact mathematical disposition remains in Reviewer C PR_CENSUS/PASS2_FINAL_REVIEW at the frozen head.
459	PINNED_IN_REVIEW_C_FINAL_HEAD_RECONCILIATION@a6aa936ba8bf538177e34af60db7e2f0a58f8dfd		PR712@a6aa936ba8bf538177e34af60db7e2f0a58f8dfd		SUPERSEDED	Reviewer C final census @ a6aa936ba8bf538177e34af60db7e2f0a58f8dfd	No direct canonical extraction in this freeze	Lifecycle recommendation only; exact mathematical disposition remains in Reviewer C PR_CENSUS/PASS2_FINAL_REVIEW at the frozen head.
460	EXACT_HEAD_RESIDENT_IN_RECONCILIATION	db9a767e312d9928f5ef827762dcb4ef95494af0	PR712@a6aa936ba8bf538177e34af60db7e2f0a58f8dfd		LIVE_OPEN_GATE	Reviewer C final census @ a6aa936ba8bf538177e34af60db7e2f0a58f8dfd	No direct canonical extraction in this freeze	Lifecycle recommendation only; exact mathematical disposition remains in Reviewer C PR_CENSUS/PASS2_FINAL_REVIEW at the frozen head.
461	EXACT_HEAD_RESIDENT_IN_RECONCILIATION	ea633d416609565b3926f37c9302c93e1b818e2d	PR712@a6aa936ba8bf538177e34af60db7e2f0a58f8dfd	OPERATOR.XI.FRACTIONAL_STRING_GROWING_ORDER	LIVE_OPEN_GATE	Reviewer C final census @ a6aa936ba8bf538177e34af60db7e2f0a58f8dfd; Reviewer D reconciled claim rows	Extract selected semantic IDs only	Lifecycle recommendation only; exact mathematical disposition remains in Reviewer C PR_CENSUS/PASS2_FINAL_REVIEW at the frozen head.
462	PINNED_IN_REVIEW_C_FINAL_HEAD_RECONCILIATION@a6aa936ba8bf538177e34af60db7e2f0a58f8dfd		PR712@a6aa936ba8bf538177e34af60db7e2f0a58f8dfd		SUPERSEDED	Reviewer C final census @ a6aa936ba8bf538177e34af60db7e2f0a58f8dfd	No direct canonical extraction in this freeze	Lifecycle recommendation only; exact mathematical disposition remains in Reviewer C PR_CENSUS/PASS2_FINAL_REVIEW at the frozen head.
463	PINNED_IN_REVIEW_C_FINAL_HEAD_RECONCILIATION@a6aa936ba8bf538177e34af60db7e2f0a58f8dfd		PR712@a6aa936ba8bf538177e34af60db7e2f0a58f8dfd		SUPERSEDED	Reviewer C final census @ a6aa936ba8bf538177e34af60db7e2f0a58f8dfd	No direct canonical extraction in this freeze	Lifecycle recommendation only; exact mathematical disposition remains in Reviewer C PR_CENSUS/PASS2_FINAL_REVIEW at the frozen head.
464	PINNED_IN_REVIEW_C_FINAL_HEAD_RECONCILIATION@a6aa936ba8bf538177e34af60db7e2f0a58f8dfd		PR712@a6aa936ba8bf538177e34af60db7e2f0a58f8dfd		HISTORICAL_FULL_PROPOSAL	Reviewer C final census @ a6aa936ba8bf538177e34af60db7e2f0a58f8dfd	No direct canonical extraction in this freeze	Lifecycle recommendation only; exact mathematical disposition remains in Reviewer C PR_CENSUS/PASS2_FINAL_REVIEW at the frozen head.
465	PINNED_IN_REVIEW_C_FINAL_HEAD_RECONCILIATION@a6aa936ba8bf538177e34af60db7e2f0a58f8dfd		PR712@a6aa936ba8bf538177e34af60db7e2f0a58f8dfd		SUPERSEDED	Reviewer C final census @ a6aa936ba8bf538177e34af60db7e2f0a58f8dfd	No direct canonical extraction in this freeze	Lifecycle recommendation only; exact mathematical disposition remains in Reviewer C PR_CENSUS/PASS2_FINAL_REVIEW at the frozen head.
466	PINNED_IN_REVIEW_C_FINAL_HEAD_RECONCILIATION@a6aa936ba8bf538177e34af60db7e2f0a58f8dfd		PR712@a6aa936ba8bf538177e34af60db7e2f0a58f8dfd		SUPERSEDED	Reviewer C final census @ a6aa936ba8bf538177e34af60db7e2f0a58f8dfd	No direct canonical extraction in this freeze	Lifecycle recommendation only; exact mathematical disposition remains in Reviewer C PR_CENSUS/PASS2_FINAL_REVIEW at the frozen head.
467	PINNED_IN_REVIEW_C_FINAL_HEAD_RECONCILIATION@a6aa936ba8bf538177e34af60db7e2f0a58f8dfd		PR712@a6aa936ba8bf538177e34af60db7e2f0a58f8dfd		SUPERSEDED	Reviewer C final census @ a6aa936ba8bf538177e34af60db7e2f0a58f8dfd	No direct canonical extraction in this freeze	Lifecycle recommendation only; exact mathematical disposition remains in Reviewer C PR_CENSUS/PASS2_FINAL_REVIEW at the frozen head.
468	PINNED_IN_REVIEW_C_FINAL_HEAD_RECONCILIATION@a6aa936ba8bf538177e34af60db7e2f0a58f8dfd		PR712@a6aa936ba8bf538177e34af60db7e2f0a58f8dfd		SUPERSEDED	Reviewer C final census @ a6aa936ba8bf538177e34af60db7e2f0a58f8dfd	No direct canonical extraction in this freeze	Lifecycle recommendation only; exact mathematical disposition remains in Reviewer C PR_CENSUS/PASS2_FINAL_REVIEW at the frozen head.
469	PINNED_IN_REVIEW_C_FINAL_HEAD_RECONCILIATION@a6aa936ba8bf538177e34af60db7e2f0a58f8dfd		PR712@a6aa936ba8bf538177e34af60db7e2f0a58f8dfd		HISTORICAL_FULL_PROPOSAL	Reviewer C final census @ a6aa936ba8bf538177e34af60db7e2f0a58f8dfd	No direct canonical extraction in this freeze	Lifecycle recommendation only; exact mathematical disposition remains in Reviewer C PR_CENSUS/PASS2_FINAL_REVIEW at the frozen head.
470	EXACT_HEAD_RESIDENT_IN_RECONCILIATION	89af3206ea1894884613e1188b5ab9a6a4cd74f0	PR712@a6aa936ba8bf538177e34af60db7e2f0a58f8dfd	ARITH.Y4_REPAIR_CONE	CANONICALIZED	Reviewer C final census @ a6aa936ba8bf538177e34af60db7e2f0a58f8dfd; Reviewer D reconciled claim rows	Extract selected semantic IDs only	Lifecycle recommendation only; exact mathematical disposition remains in Reviewer C PR_CENSUS/PASS2_FINAL_REVIEW at the frozen head.
471	PINNED_IN_REVIEW_C_FINAL_HEAD_RECONCILIATION@a6aa936ba8bf538177e34af60db7e2f0a58f8dfd		PR712@a6aa936ba8bf538177e34af60db7e2f0a58f8dfd		SUPERSEDED	Reviewer C final census @ a6aa936ba8bf538177e34af60db7e2f0a58f8dfd	No direct canonical extraction in this freeze	Lifecycle recommendation only; exact mathematical disposition remains in Reviewer C PR_CENSUS/PASS2_FINAL_REVIEW at the frozen head.
472	EXACT_HEAD_RESIDENT_IN_RECONCILIATION	bb364396e09717237351d4aed9aadf6c570cb7fc	PR712@a6aa936ba8bf538177e34af60db7e2f0a58f8dfd	ARITH.Y4_RADIAL_NULL_GAUGE	CANONICALIZED	Reviewer C final census @ a6aa936ba8bf538177e34af60db7e2f0a58f8dfd; Reviewer D reconciled claim rows	Extract selected semantic IDs only	Lifecycle recommendation only; exact mathematical disposition remains in Reviewer C PR_CENSUS/PASS2_FINAL_REVIEW at the frozen head.
473	PINNED_IN_REVIEW_C_FINAL_HEAD_RECONCILIATION@a6aa936ba8bf538177e34af60db7e2f0a58f8dfd		PR712@a6aa936ba8bf538177e34af60db7e2f0a58f8dfd		HISTORICAL_FULL_PROPOSAL	Reviewer C final census @ a6aa936ba8bf538177e34af60db7e2f0a58f8dfd	No direct canonical extraction in this freeze	Lifecycle recommendation only; exact mathematical disposition remains in Reviewer C PR_CENSUS/PASS2_FINAL_REVIEW at the frozen head.
474	PINNED_IN_REVIEW_C_FINAL_HEAD_RECONCILIATION@a6aa936ba8bf538177e34af60db7e2f0a58f8dfd		PR712@a6aa936ba8bf538177e34af60db7e2f0a58f8dfd		SUPERSEDED	Reviewer C final census @ a6aa936ba8bf538177e34af60db7e2f0a58f8dfd	No direct canonical extraction in this freeze	Lifecycle recommendation only; exact mathematical disposition remains in Reviewer C PR_CENSUS/PASS2_FINAL_REVIEW at the frozen head.
475	PINNED_IN_REVIEW_C_FINAL_HEAD_RECONCILIATION@a6aa936ba8bf538177e34af60db7e2f0a58f8dfd		PR712@a6aa936ba8bf538177e34af60db7e2f0a58f8dfd		SUPERSEDED	Reviewer C final census @ a6aa936ba8bf538177e34af60db7e2f0a58f8dfd	No direct canonical extraction in this freeze	Lifecycle recommendation only; exact mathematical disposition remains in Reviewer C PR_CENSUS/PASS2_FINAL_REVIEW at the frozen head.
476	PINNED_IN_REVIEW_C_FINAL_HEAD_RECONCILIATION@a6aa936ba8bf538177e34af60db7e2f0a58f8dfd		PR712@a6aa936ba8bf538177e34af60db7e2f0a58f8dfd		HISTORICAL_FULL_PROPOSAL	Reviewer C final census @ a6aa936ba8bf538177e34af60db7e2f0a58f8dfd	No direct canonical extraction in this freeze	Lifecycle recommendation only; exact mathematical disposition remains in Reviewer C PR_CENSUS/PASS2_FINAL_REVIEW at the frozen head.
477	PINNED_IN_REVIEW_C_FINAL_HEAD_RECONCILIATION@a6aa936ba8bf538177e34af60db7e2f0a58f8dfd		PR712@a6aa936ba8bf538177e34af60db7e2f0a58f8dfd		SUPERSEDED	Reviewer C final census @ a6aa936ba8bf538177e34af60db7e2f0a58f8dfd	No direct canonical extraction in this freeze	Lifecycle recommendation only; exact mathematical disposition remains in Reviewer C PR_CENSUS/PASS2_FINAL_REVIEW at the frozen head.
478	PINNED_IN_REVIEW_C_FINAL_HEAD_RECONCILIATION@a6aa936ba8bf538177e34af60db7e2f0a58f8dfd		PR712@a6aa936ba8bf538177e34af60db7e2f0a58f8dfd		SUPERSEDED	Reviewer C final census @ a6aa936ba8bf538177e34af60db7e2f0a58f8dfd	No direct canonical extraction in this freeze	Lifecycle recommendation only; exact mathematical disposition remains in Reviewer C PR_CENSUS/PASS2_FINAL_REVIEW at the frozen head.
479	PINNED_IN_REVIEW_C_FINAL_HEAD_RECONCILIATION@a6aa936ba8bf538177e34af60db7e2f0a58f8dfd		PR712@a6aa936ba8bf538177e34af60db7e2f0a58f8dfd		SUPERSEDED	Reviewer C final census @ a6aa936ba8bf538177e34af60db7e2f0a58f8dfd	No direct canonical extraction in this freeze	Lifecycle recommendation only; exact mathematical disposition remains in Reviewer C PR_CENSUS/PASS2_FINAL_REVIEW at the frozen head.
480	PINNED_IN_REVIEW_C_FINAL_HEAD_RECONCILIATION@a6aa936ba8bf538177e34af60db7e2f0a58f8dfd		PR712@a6aa936ba8bf538177e34af60db7e2f0a58f8dfd		SUPERSEDED	Reviewer C final census @ a6aa936ba8bf538177e34af60db7e2f0a58f8dfd	No direct canonical extraction in this freeze	Lifecycle recommendation only; exact mathematical disposition remains in Reviewer C PR_CENSUS/PASS2_FINAL_REVIEW at the frozen head.
481	PINNED_IN_REVIEW_C_FINAL_HEAD_RECONCILIATION@a6aa936ba8bf538177e34af60db7e2f0a58f8dfd		PR712@a6aa936ba8bf538177e34af60db7e2f0a58f8dfd		HISTORICAL_FULL_PROPOSAL	Reviewer C final census @ a6aa936ba8bf538177e34af60db7e2f0a58f8dfd	No direct canonical extraction in this freeze	Lifecycle recommendation only; exact mathematical disposition remains in Reviewer C PR_CENSUS/PASS2_FINAL_REVIEW at the frozen head.
482	PINNED_IN_REVIEW_C_FINAL_HEAD_RECONCILIATION@a6aa936ba8bf538177e34af60db7e2f0a58f8dfd		PR712@a6aa936ba8bf538177e34af60db7e2f0a58f8dfd		SUPERSEDED	Reviewer C final census @ a6aa936ba8bf538177e34af60db7e2f0a58f8dfd	No direct canonical extraction in this freeze	Lifecycle recommendation only; exact mathematical disposition remains in Reviewer C PR_CENSUS/PASS2_FINAL_REVIEW at the frozen head.
483	PINNED_IN_REVIEW_C_FINAL_HEAD_RECONCILIATION@a6aa936ba8bf538177e34af60db7e2f0a58f8dfd		PR712@a6aa936ba8bf538177e34af60db7e2f0a58f8dfd		SUPERSEDED	Reviewer C final census @ a6aa936ba8bf538177e34af60db7e2f0a58f8dfd	No direct canonical extraction in this freeze	Lifecycle recommendation only; exact mathematical disposition remains in Reviewer C PR_CENSUS/PASS2_FINAL_REVIEW at the frozen head.
484	PINNED_IN_REVIEW_C_FINAL_HEAD_RECONCILIATION@a6aa936ba8bf538177e34af60db7e2f0a58f8dfd		PR712@a6aa936ba8bf538177e34af60db7e2f0a58f8dfd		SUPERSEDED	Reviewer C final census @ a6aa936ba8bf538177e34af60db7e2f0a58f8dfd	No direct canonical extraction in this freeze	Lifecycle recommendation only; exact mathematical disposition remains in Reviewer C PR_CENSUS/PASS2_FINAL_REVIEW at the frozen head.
485	PINNED_IN_REVIEW_C_FINAL_HEAD_RECONCILIATION@a6aa936ba8bf538177e34af60db7e2f0a58f8dfd		PR712@a6aa936ba8bf538177e34af60db7e2f0a58f8dfd		SUPERSEDED	Reviewer C final census @ a6aa936ba8bf538177e34af60db7e2f0a58f8dfd	No direct canonical extraction in this freeze	Lifecycle recommendation only; exact mathematical disposition remains in Reviewer C PR_CENSUS/PASS2_FINAL_REVIEW at the frozen head.
486	PINNED_IN_REVIEW_C_FINAL_HEAD_RECONCILIATION@a6aa936ba8bf538177e34af60db7e2f0a58f8dfd		PR712@a6aa936ba8bf538177e34af60db7e2f0a58f8dfd		HISTORICAL_FULL_PROPOSAL	Reviewer C final census @ a6aa936ba8bf538177e34af60db7e2f0a58f8dfd	No direct canonical extraction in this freeze	Lifecycle recommendation only; exact mathematical disposition remains in Reviewer C PR_CENSUS/PASS2_FINAL_REVIEW at the frozen head.
487	PINNED_IN_REVIEW_C_FINAL_HEAD_RECONCILIATION@a6aa936ba8bf538177e34af60db7e2f0a58f8dfd		PR712@a6aa936ba8bf538177e34af60db7e2f0a58f8dfd		SUPERSEDED	Reviewer C final census @ a6aa936ba8bf538177e34af60db7e2f0a58f8dfd	No direct canonical extraction in this freeze	Lifecycle recommendation only; exact mathematical disposition remains in Reviewer C PR_CENSUS/PASS2_FINAL_REVIEW at the frozen head.
488	PINNED_IN_REVIEW_C_FINAL_HEAD_RECONCILIATION@a6aa936ba8bf538177e34af60db7e2f0a58f8dfd		PR712@a6aa936ba8bf538177e34af60db7e2f0a58f8dfd		HISTORICAL_FULL_PROPOSAL	Reviewer C final census @ a6aa936ba8bf538177e34af60db7e2f0a58f8dfd	No direct canonical extraction in this freeze	Lifecycle recommendation only; exact mathematical disposition remains in Reviewer C PR_CENSUS/PASS2_FINAL_REVIEW at the frozen head.
489	PINNED_IN_REVIEW_C_FINAL_HEAD_RECONCILIATION@a6aa936ba8bf538177e34af60db7e2f0a58f8dfd		PR712@a6aa936ba8bf538177e34af60db7e2f0a58f8dfd		HISTORICAL_FULL_PROPOSAL	Reviewer C final census @ a6aa936ba8bf538177e34af60db7e2f0a58f8dfd	No direct canonical extraction in this freeze	Lifecycle recommendation only; exact mathematical disposition remains in Reviewer C PR_CENSUS/PASS2_FINAL_REVIEW at the frozen head.
490	PINNED_IN_REVIEW_C_FINAL_HEAD_RECONCILIATION@a6aa936ba8bf538177e34af60db7e2f0a58f8dfd		PR712@a6aa936ba8bf538177e34af60db7e2f0a58f8dfd		SUPERSEDED	Reviewer C final census @ a6aa936ba8bf538177e34af60db7e2f0a58f8dfd	No direct canonical extraction in this freeze	Lifecycle recommendation only; exact mathematical disposition remains in Reviewer C PR_CENSUS/PASS2_FINAL_REVIEW at the frozen head.
491	PINNED_IN_REVIEW_C_FINAL_HEAD_RECONCILIATION@a6aa936ba8bf538177e34af60db7e2f0a58f8dfd		PR712@a6aa936ba8bf538177e34af60db7e2f0a58f8dfd		SUPERSEDED	Reviewer C final census @ a6aa936ba8bf538177e34af60db7e2f0a58f8dfd	No direct canonical extraction in this freeze	Lifecycle recommendation only; exact mathematical disposition remains in Reviewer C PR_CENSUS/PASS2_FINAL_REVIEW at the frozen head.
492	PINNED_IN_REVIEW_C_FINAL_HEAD_RECONCILIATION@a6aa936ba8bf538177e34af60db7e2f0a58f8dfd		PR712@a6aa936ba8bf538177e34af60db7e2f0a58f8dfd		SUPERSEDED	Reviewer C final census @ a6aa936ba8bf538177e34af60db7e2f0a58f8dfd	No direct canonical extraction in this freeze	Lifecycle recommendation only; exact mathematical disposition remains in Reviewer C PR_CENSUS/PASS2_FINAL_REVIEW at the frozen head.
493	PINNED_IN_REVIEW_C_FINAL_HEAD_RECONCILIATION@a6aa936ba8bf538177e34af60db7e2f0a58f8dfd		PR712@a6aa936ba8bf538177e34af60db7e2f0a58f8dfd		SUPERSEDED	Reviewer C final census @ a6aa936ba8bf538177e34af60db7e2f0a58f8dfd	No direct canonical extraction in this freeze	Lifecycle recommendation only; exact mathematical disposition remains in Reviewer C PR_CENSUS/PASS2_FINAL_REVIEW at the frozen head.
494	PINNED_IN_REVIEW_C_FINAL_HEAD_RECONCILIATION@a6aa936ba8bf538177e34af60db7e2f0a58f8dfd		PR712@a6aa936ba8bf538177e34af60db7e2f0a58f8dfd		HISTORICAL_FULL_PROPOSAL	Reviewer C final census @ a6aa936ba8bf538177e34af60db7e2f0a58f8dfd	No direct canonical extraction in this freeze	Lifecycle recommendation only; exact mathematical disposition remains in Reviewer C PR_CENSUS/PASS2_FINAL_REVIEW at the frozen head.
495	PINNED_IN_REVIEW_C_FINAL_HEAD_RECONCILIATION@a6aa936ba8bf538177e34af60db7e2f0a58f8dfd		PR712@a6aa936ba8bf538177e34af60db7e2f0a58f8dfd		SUPERSEDED	Reviewer C final census @ a6aa936ba8bf538177e34af60db7e2f0a58f8dfd	No direct canonical extraction in this freeze	Lifecycle recommendation only; exact mathematical disposition remains in Reviewer C PR_CENSUS/PASS2_FINAL_REVIEW at the frozen head.
496	PINNED_IN_REVIEW_C_FINAL_HEAD_RECONCILIATION@a6aa936ba8bf538177e34af60db7e2f0a58f8dfd		PR712@a6aa936ba8bf538177e34af60db7e2f0a58f8dfd		SUPERSEDED	Reviewer C final census @ a6aa936ba8bf538177e34af60db7e2f0a58f8dfd	No direct canonical extraction in this freeze	Lifecycle recommendation only; exact mathematical disposition remains in Reviewer C PR_CENSUS/PASS2_FINAL_REVIEW at the frozen head.
497	PINNED_IN_REVIEW_C_FINAL_HEAD_RECONCILIATION@a6aa936ba8bf538177e34af60db7e2f0a58f8dfd		PR712@a6aa936ba8bf538177e34af60db7e2f0a58f8dfd		HISTORICAL_FULL_PROPOSAL	Reviewer C final census @ a6aa936ba8bf538177e34af60db7e2f0a58f8dfd	No direct canonical extraction in this freeze	Lifecycle recommendation only; exact mathematical disposition remains in Reviewer C PR_CENSUS/PASS2_FINAL_REVIEW at the frozen head.
498	PINNED_IN_REVIEW_C_FINAL_HEAD_RECONCILIATION@a6aa936ba8bf538177e34af60db7e2f0a58f8dfd		PR712@a6aa936ba8bf538177e34af60db7e2f0a58f8dfd		SUPERSEDED	Reviewer C final census @ a6aa936ba8bf538177e34af60db7e2f0a58f8dfd	No direct canonical extraction in this freeze	Lifecycle recommendation only; exact mathematical disposition remains in Reviewer C PR_CENSUS/PASS2_FINAL_REVIEW at the frozen head.
499	PINNED_IN_REVIEW_C_FINAL_HEAD_RECONCILIATION@a6aa936ba8bf538177e34af60db7e2f0a58f8dfd		PR712@a6aa936ba8bf538177e34af60db7e2f0a58f8dfd		SUPERSEDED	Reviewer C final census @ a6aa936ba8bf538177e34af60db7e2f0a58f8dfd	No direct canonical extraction in this freeze	Lifecycle recommendation only; exact mathematical disposition remains in Reviewer C PR_CENSUS/PASS2_FINAL_REVIEW at the frozen head.
500	PINNED_IN_REVIEW_C_FINAL_HEAD_RECONCILIATION@a6aa936ba8bf538177e34af60db7e2f0a58f8dfd		PR712@a6aa936ba8bf538177e34af60db7e2f0a58f8dfd		SUPERSEDED	Reviewer C final census @ a6aa936ba8bf538177e34af60db7e2f0a58f8dfd	No direct canonical extraction in this freeze	Lifecycle recommendation only; exact mathematical disposition remains in Reviewer C PR_CENSUS/PASS2_FINAL_REVIEW at the frozen head.
501	PINNED_IN_REVIEW_C_FINAL_HEAD_RECONCILIATION@a6aa936ba8bf538177e34af60db7e2f0a58f8dfd		PR712@a6aa936ba8bf538177e34af60db7e2f0a58f8dfd		SUPERSEDED	Reviewer C final census @ a6aa936ba8bf538177e34af60db7e2f0a58f8dfd	No direct canonical extraction in this freeze	Lifecycle recommendation only; exact mathematical disposition remains in Reviewer C PR_CENSUS/PASS2_FINAL_REVIEW at the frozen head.
502	PINNED_IN_REVIEW_C_FINAL_HEAD_RECONCILIATION@a6aa936ba8bf538177e34af60db7e2f0a58f8dfd		PR712@a6aa936ba8bf538177e34af60db7e2f0a58f8dfd		SUPERSEDED	Reviewer C final census @ a6aa936ba8bf538177e34af60db7e2f0a58f8dfd	No direct canonical extraction in this freeze	Lifecycle recommendation only; exact mathematical disposition remains in Reviewer C PR_CENSUS/PASS2_FINAL_REVIEW at the frozen head.
503	PINNED_IN_REVIEW_C_FINAL_HEAD_RECONCILIATION@a6aa936ba8bf538177e34af60db7e2f0a58f8dfd		PR712@a6aa936ba8bf538177e34af60db7e2f0a58f8dfd		SUPERSEDED	Reviewer C final census @ a6aa936ba8bf538177e34af60db7e2f0a58f8dfd	No direct canonical extraction in this freeze	Lifecycle recommendation only; exact mathematical disposition remains in Reviewer C PR_CENSUS/PASS2_FINAL_REVIEW at the frozen head.
504	PINNED_IN_REVIEW_C_FINAL_HEAD_RECONCILIATION@a6aa936ba8bf538177e34af60db7e2f0a58f8dfd		PR712@a6aa936ba8bf538177e34af60db7e2f0a58f8dfd		SUPERSEDED	Reviewer C final census @ a6aa936ba8bf538177e34af60db7e2f0a58f8dfd	No direct canonical extraction in this freeze	Lifecycle recommendation only; exact mathematical disposition remains in Reviewer C PR_CENSUS/PASS2_FINAL_REVIEW at the frozen head.
505	PINNED_IN_REVIEW_C_FINAL_HEAD_RECONCILIATION@a6aa936ba8bf538177e34af60db7e2f0a58f8dfd		PR712@a6aa936ba8bf538177e34af60db7e2f0a58f8dfd		SUPERSEDED	Reviewer C final census @ a6aa936ba8bf538177e34af60db7e2f0a58f8dfd	No direct canonical extraction in this freeze	Lifecycle recommendation only; exact mathematical disposition remains in Reviewer C PR_CENSUS/PASS2_FINAL_REVIEW at the frozen head.
506	PINNED_IN_REVIEW_C_FINAL_HEAD_RECONCILIATION@a6aa936ba8bf538177e34af60db7e2f0a58f8dfd		PR712@a6aa936ba8bf538177e34af60db7e2f0a58f8dfd		SUPERSEDED	Reviewer C final census @ a6aa936ba8bf538177e34af60db7e2f0a58f8dfd	No direct canonical extraction in this freeze	Lifecycle recommendation only; exact mathematical disposition remains in Reviewer C PR_CENSUS/PASS2_FINAL_REVIEW at the frozen head.
507	PINNED_IN_REVIEW_C_FINAL_HEAD_RECONCILIATION@a6aa936ba8bf538177e34af60db7e2f0a58f8dfd		PR712@a6aa936ba8bf538177e34af60db7e2f0a58f8dfd		SUPERSEDED	Reviewer C final census @ a6aa936ba8bf538177e34af60db7e2f0a58f8dfd	No direct canonical extraction in this freeze	Lifecycle recommendation only; exact mathematical disposition remains in Reviewer C PR_CENSUS/PASS2_FINAL_REVIEW at the frozen head.
508	EXACT_HEAD_RESIDENT_IN_RECONCILIATION	4ae97dffd1f76ed3244b8f3028560ffa80663caf	PR712@a6aa936ba8bf538177e34af60db7e2f0a58f8dfd		RETAINED_COMPUTATIONAL_CERTIFICATE	Reviewer C final census @ a6aa936ba8bf538177e34af60db7e2f0a58f8dfd	No direct canonical extraction in this freeze	Lifecycle recommendation only; exact mathematical disposition remains in Reviewer C PR_CENSUS/PASS2_FINAL_REVIEW at the frozen head.
509	PINNED_IN_REVIEW_C_FINAL_HEAD_RECONCILIATION@a6aa936ba8bf538177e34af60db7e2f0a58f8dfd		PR712@a6aa936ba8bf538177e34af60db7e2f0a58f8dfd		SUPERSEDED	Reviewer C final census @ a6aa936ba8bf538177e34af60db7e2f0a58f8dfd	No direct canonical extraction in this freeze	Lifecycle recommendation only; exact mathematical disposition remains in Reviewer C PR_CENSUS/PASS2_FINAL_REVIEW at the frozen head.
510	PINNED_IN_REVIEW_C_FINAL_HEAD_RECONCILIATION@a6aa936ba8bf538177e34af60db7e2f0a58f8dfd		PR712@a6aa936ba8bf538177e34af60db7e2f0a58f8dfd		SUPERSEDED	Reviewer C final census @ a6aa936ba8bf538177e34af60db7e2f0a58f8dfd	No direct canonical extraction in this freeze	Lifecycle recommendation only; exact mathematical disposition remains in Reviewer C PR_CENSUS/PASS2_FINAL_REVIEW at the frozen head.
511	PINNED_IN_REVIEW_C_FINAL_HEAD_RECONCILIATION@a6aa936ba8bf538177e34af60db7e2f0a58f8dfd		PR712@a6aa936ba8bf538177e34af60db7e2f0a58f8dfd		SUPERSEDED	Reviewer C final census @ a6aa936ba8bf538177e34af60db7e2f0a58f8dfd	No direct canonical extraction in this freeze	Lifecycle recommendation only; exact mathematical disposition remains in Reviewer C PR_CENSUS/PASS2_FINAL_REVIEW at the frozen head.
512	PINNED_IN_REVIEW_C_FINAL_HEAD_RECONCILIATION@a6aa936ba8bf538177e34af60db7e2f0a58f8dfd		PR712@a6aa936ba8bf538177e34af60db7e2f0a58f8dfd		SUPERSEDED	Reviewer C final census @ a6aa936ba8bf538177e34af60db7e2f0a58f8dfd	No direct canonical extraction in this freeze	Lifecycle recommendation only; exact mathematical disposition remains in Reviewer C PR_CENSUS/PASS2_FINAL_REVIEW at the frozen head.
513	PINNED_IN_REVIEW_C_FINAL_HEAD_RECONCILIATION@a6aa936ba8bf538177e34af60db7e2f0a58f8dfd		PR712@a6aa936ba8bf538177e34af60db7e2f0a58f8dfd		SUPERSEDED	Reviewer C final census @ a6aa936ba8bf538177e34af60db7e2f0a58f8dfd	No direct canonical extraction in this freeze	Lifecycle recommendation only; exact mathematical disposition remains in Reviewer C PR_CENSUS/PASS2_FINAL_REVIEW at the frozen head.
514	PINNED_IN_REVIEW_C_FINAL_HEAD_RECONCILIATION@a6aa936ba8bf538177e34af60db7e2f0a58f8dfd		PR712@a6aa936ba8bf538177e34af60db7e2f0a58f8dfd		SUPERSEDED	Reviewer C final census @ a6aa936ba8bf538177e34af60db7e2f0a58f8dfd	No direct canonical extraction in this freeze	Lifecycle recommendation only; exact mathematical disposition remains in Reviewer C PR_CENSUS/PASS2_FINAL_REVIEW at the frozen head.
515	PINNED_IN_REVIEW_C_FINAL_HEAD_RECONCILIATION@a6aa936ba8bf538177e34af60db7e2f0a58f8dfd		PR712@a6aa936ba8bf538177e34af60db7e2f0a58f8dfd		SUPERSEDED	Reviewer C final census @ a6aa936ba8bf538177e34af60db7e2f0a58f8dfd	No direct canonical extraction in this freeze	Lifecycle recommendation only; exact mathematical disposition remains in Reviewer C PR_CENSUS/PASS2_FINAL_REVIEW at the frozen head.
516	PINNED_IN_REVIEW_C_FINAL_HEAD_RECONCILIATION@a6aa936ba8bf538177e34af60db7e2f0a58f8dfd		PR712@a6aa936ba8bf538177e34af60db7e2f0a58f8dfd		SUPERSEDED	Reviewer C final census @ a6aa936ba8bf538177e34af60db7e2f0a58f8dfd	No direct canonical extraction in this freeze	Lifecycle recommendation only; exact mathematical disposition remains in Reviewer C PR_CENSUS/PASS2_FINAL_REVIEW at the frozen head.
517	PINNED_IN_REVIEW_C_FINAL_HEAD_RECONCILIATION@a6aa936ba8bf538177e34af60db7e2f0a58f8dfd		PR712@a6aa936ba8bf538177e34af60db7e2f0a58f8dfd		SUPERSEDED	Reviewer C final census @ a6aa936ba8bf538177e34af60db7e2f0a58f8dfd	No direct canonical extraction in this freeze	Lifecycle recommendation only; exact mathematical disposition remains in Reviewer C PR_CENSUS/PASS2_FINAL_REVIEW at the frozen head.
518	PINNED_IN_REVIEW_C_FINAL_HEAD_RECONCILIATION@a6aa936ba8bf538177e34af60db7e2f0a58f8dfd		PR712@a6aa936ba8bf538177e34af60db7e2f0a58f8dfd		HISTORICAL_FULL_PROPOSAL	Reviewer C final census @ a6aa936ba8bf538177e34af60db7e2f0a58f8dfd	No direct canonical extraction in this freeze	Lifecycle recommendation only; exact mathematical disposition remains in Reviewer C PR_CENSUS/PASS2_FINAL_REVIEW at the frozen head.
519	PINNED_IN_REVIEW_C_FINAL_HEAD_RECONCILIATION@a6aa936ba8bf538177e34af60db7e2f0a58f8dfd		PR712@a6aa936ba8bf538177e34af60db7e2f0a58f8dfd		SUPERSEDED	Reviewer C final census @ a6aa936ba8bf538177e34af60db7e2f0a58f8dfd	No direct canonical extraction in this freeze	Lifecycle recommendation only; exact mathematical disposition remains in Reviewer C PR_CENSUS/PASS2_FINAL_REVIEW at the frozen head.
520	EXACT_HEAD_RESIDENT_IN_RECONCILIATION	41db5f783c751e66c786f18fa7fbd6d9bf229a8d	PR712@a6aa936ba8bf538177e34af60db7e2f0a58f8dfd	Q4.HEAT.PHASE_LOCKED_SUBLINEAR	LIVE_OPEN_GATE	Reviewer C final census @ a6aa936ba8bf538177e34af60db7e2f0a58f8dfd; Reviewer D reconciled claim rows	Extract selected semantic IDs only	Lifecycle recommendation only; exact mathematical disposition remains in Reviewer C PR_CENSUS/PASS2_FINAL_REVIEW at the frozen head.
521	EXACT_HEAD_RESIDENT_IN_RECONCILIATION	b4a60a54b1d730a73ab1eb6bb571485dd40438d0	PR712@a6aa936ba8bf538177e34af60db7e2f0a58f8dfd	ARITH.LIVE_MARGINAL_FARKAS	LIVE_OPEN_GATE	Reviewer C final census @ a6aa936ba8bf538177e34af60db7e2f0a58f8dfd; Reviewer D reconciled claim rows	Extract selected semantic IDs only	Lifecycle recommendation only; exact mathematical disposition remains in Reviewer C PR_CENSUS/PASS2_FINAL_REVIEW at the frozen head.
522	PINNED_IN_REVIEW_C_FINAL_HEAD_RECONCILIATION@a6aa936ba8bf538177e34af60db7e2f0a58f8dfd		PR712@a6aa936ba8bf538177e34af60db7e2f0a58f8dfd		SUPERSEDED	Reviewer C final census @ a6aa936ba8bf538177e34af60db7e2f0a58f8dfd	No direct canonical extraction in this freeze	Lifecycle recommendation only; exact mathematical disposition remains in Reviewer C PR_CENSUS/PASS2_FINAL_REVIEW at the frozen head.
523	PINNED_IN_REVIEW_C_FINAL_HEAD_RECONCILIATION@a6aa936ba8bf538177e34af60db7e2f0a58f8dfd		PR712@a6aa936ba8bf538177e34af60db7e2f0a58f8dfd		SUPERSEDED	Reviewer C final census @ a6aa936ba8bf538177e34af60db7e2f0a58f8dfd	No direct canonical extraction in this freeze	Lifecycle recommendation only; exact mathematical disposition remains in Reviewer C PR_CENSUS/PASS2_FINAL_REVIEW at the frozen head.
524	PINNED_IN_REVIEW_C_FINAL_HEAD_RECONCILIATION@a6aa936ba8bf538177e34af60db7e2f0a58f8dfd		PR712@a6aa936ba8bf538177e34af60db7e2f0a58f8dfd		HISTORICAL_FULL_PROPOSAL	Reviewer C final census @ a6aa936ba8bf538177e34af60db7e2f0a58f8dfd	No direct canonical extraction in this freeze	Lifecycle recommendation only; exact mathematical disposition remains in Reviewer C PR_CENSUS/PASS2_FINAL_REVIEW at the frozen head.
525	PINNED_IN_REVIEW_C_FINAL_HEAD_RECONCILIATION@a6aa936ba8bf538177e34af60db7e2f0a58f8dfd		PR712@a6aa936ba8bf538177e34af60db7e2f0a58f8dfd		SUPERSEDED	Reviewer C final census @ a6aa936ba8bf538177e34af60db7e2f0a58f8dfd	No direct canonical extraction in this freeze	Lifecycle recommendation only; exact mathematical disposition remains in Reviewer C PR_CENSUS/PASS2_FINAL_REVIEW at the frozen head.
526	PINNED_IN_REVIEW_C_FINAL_HEAD_RECONCILIATION@a6aa936ba8bf538177e34af60db7e2f0a58f8dfd		PR712@a6aa936ba8bf538177e34af60db7e2f0a58f8dfd		SUPERSEDED	Reviewer C final census @ a6aa936ba8bf538177e34af60db7e2f0a58f8dfd	No direct canonical extraction in this freeze	Lifecycle recommendation only; exact mathematical disposition remains in Reviewer C PR_CENSUS/PASS2_FINAL_REVIEW at the frozen head.
527	PINNED_IN_REVIEW_C_FINAL_HEAD_RECONCILIATION@a6aa936ba8bf538177e34af60db7e2f0a58f8dfd		PR712@a6aa936ba8bf538177e34af60db7e2f0a58f8dfd		SUPERSEDED	Reviewer C final census @ a6aa936ba8bf538177e34af60db7e2f0a58f8dfd	No direct canonical extraction in this freeze	Lifecycle recommendation only; exact mathematical disposition remains in Reviewer C PR_CENSUS/PASS2_FINAL_REVIEW at the frozen head.
528	PINNED_IN_REVIEW_C_FINAL_HEAD_RECONCILIATION@a6aa936ba8bf538177e34af60db7e2f0a58f8dfd		PR712@a6aa936ba8bf538177e34af60db7e2f0a58f8dfd		SUPERSEDED	Reviewer C final census @ a6aa936ba8bf538177e34af60db7e2f0a58f8dfd	No direct canonical extraction in this freeze	Lifecycle recommendation only; exact mathematical disposition remains in Reviewer C PR_CENSUS/PASS2_FINAL_REVIEW at the frozen head.
529	PINNED_IN_REVIEW_C_FINAL_HEAD_RECONCILIATION@a6aa936ba8bf538177e34af60db7e2f0a58f8dfd		PR712@a6aa936ba8bf538177e34af60db7e2f0a58f8dfd		HISTORICAL_FULL_PROPOSAL	Reviewer C final census @ a6aa936ba8bf538177e34af60db7e2f0a58f8dfd	No direct canonical extraction in this freeze	Lifecycle recommendation only; exact mathematical disposition remains in Reviewer C PR_CENSUS/PASS2_FINAL_REVIEW at the frozen head.
530	PINNED_IN_REVIEW_C_FINAL_HEAD_RECONCILIATION@a6aa936ba8bf538177e34af60db7e2f0a58f8dfd		PR712@a6aa936ba8bf538177e34af60db7e2f0a58f8dfd		SUPERSEDED	Reviewer C final census @ a6aa936ba8bf538177e34af60db7e2f0a58f8dfd	No direct canonical extraction in this freeze	Lifecycle recommendation only; exact mathematical disposition remains in Reviewer C PR_CENSUS/PASS2_FINAL_REVIEW at the frozen head.
531	PINNED_IN_REVIEW_C_FINAL_HEAD_RECONCILIATION@a6aa936ba8bf538177e34af60db7e2f0a58f8dfd		PR712@a6aa936ba8bf538177e34af60db7e2f0a58f8dfd		SUPERSEDED	Reviewer C final census @ a6aa936ba8bf538177e34af60db7e2f0a58f8dfd	No direct canonical extraction in this freeze	Lifecycle recommendation only; exact mathematical disposition remains in Reviewer C PR_CENSUS/PASS2_FINAL_REVIEW at the frozen head.
532	PINNED_IN_REVIEW_C_FINAL_HEAD_RECONCILIATION@a6aa936ba8bf538177e34af60db7e2f0a58f8dfd		PR712@a6aa936ba8bf538177e34af60db7e2f0a58f8dfd		HISTORICAL_FULL_PROPOSAL	Reviewer C final census @ a6aa936ba8bf538177e34af60db7e2f0a58f8dfd	No direct canonical extraction in this freeze	Lifecycle recommendation only; exact mathematical disposition remains in Reviewer C PR_CENSUS/PASS2_FINAL_REVIEW at the frozen head.
533	PINNED_IN_REVIEW_C_FINAL_HEAD_RECONCILIATION@a6aa936ba8bf538177e34af60db7e2f0a58f8dfd		PR712@a6aa936ba8bf538177e34af60db7e2f0a58f8dfd		HISTORICAL_FULL_PROPOSAL	Reviewer C final census @ a6aa936ba8bf538177e34af60db7e2f0a58f8dfd	No direct canonical extraction in this freeze	Lifecycle recommendation only; exact mathematical disposition remains in Reviewer C PR_CENSUS/PASS2_FINAL_REVIEW at the frozen head.
534	PINNED_IN_REVIEW_C_FINAL_HEAD_RECONCILIATION@a6aa936ba8bf538177e34af60db7e2f0a58f8dfd		PR712@a6aa936ba8bf538177e34af60db7e2f0a58f8dfd		HISTORICAL_FULL_PROPOSAL	Reviewer C final census @ a6aa936ba8bf538177e34af60db7e2f0a58f8dfd	No direct canonical extraction in this freeze	Lifecycle recommendation only; exact mathematical disposition remains in Reviewer C PR_CENSUS/PASS2_FINAL_REVIEW at the frozen head.
535	PINNED_IN_REVIEW_C_FINAL_HEAD_RECONCILIATION@a6aa936ba8bf538177e34af60db7e2f0a58f8dfd		PR712@a6aa936ba8bf538177e34af60db7e2f0a58f8dfd		HISTORICAL_FULL_PROPOSAL	Reviewer C final census @ a6aa936ba8bf538177e34af60db7e2f0a58f8dfd	No direct canonical extraction in this freeze	Lifecycle recommendation only; exact mathematical disposition remains in Reviewer C PR_CENSUS/PASS2_FINAL_REVIEW at the frozen head.
536	PINNED_IN_REVIEW_C_FINAL_HEAD_RECONCILIATION@a6aa936ba8bf538177e34af60db7e2f0a58f8dfd		PR712@a6aa936ba8bf538177e34af60db7e2f0a58f8dfd		HISTORICAL_FULL_PROPOSAL	Reviewer C final census @ a6aa936ba8bf538177e34af60db7e2f0a58f8dfd	No direct canonical extraction in this freeze	Lifecycle recommendation only; exact mathematical disposition remains in Reviewer C PR_CENSUS/PASS2_FINAL_REVIEW at the frozen head.
537	PINNED_IN_REVIEW_C_FINAL_HEAD_RECONCILIATION@a6aa936ba8bf538177e34af60db7e2f0a58f8dfd		PR712@a6aa936ba8bf538177e34af60db7e2f0a58f8dfd		HISTORICAL_FULL_PROPOSAL	Reviewer C final census @ a6aa936ba8bf538177e34af60db7e2f0a58f8dfd	No direct canonical extraction in this freeze	Lifecycle recommendation only; exact mathematical disposition remains in Reviewer C PR_CENSUS/PASS2_FINAL_REVIEW at the frozen head.
538	PINNED_IN_REVIEW_C_FINAL_HEAD_RECONCILIATION@a6aa936ba8bf538177e34af60db7e2f0a58f8dfd		PR712@a6aa936ba8bf538177e34af60db7e2f0a58f8dfd		SUPERSEDED	Reviewer C final census @ a6aa936ba8bf538177e34af60db7e2f0a58f8dfd	No direct canonical extraction in this freeze	Lifecycle recommendation only; exact mathematical disposition remains in Reviewer C PR_CENSUS/PASS2_FINAL_REVIEW at the frozen head.
539	PINNED_IN_REVIEW_C_FINAL_HEAD_RECONCILIATION@a6aa936ba8bf538177e34af60db7e2f0a58f8dfd		PR712@a6aa936ba8bf538177e34af60db7e2f0a58f8dfd		SUPERSEDED	Reviewer C final census @ a6aa936ba8bf538177e34af60db7e2f0a58f8dfd	No direct canonical extraction in this freeze	Lifecycle recommendation only; exact mathematical disposition remains in Reviewer C PR_CENSUS/PASS2_FINAL_REVIEW at the frozen head.
540	EXACT_HEAD_RESIDENT_IN_RECONCILIATION	d2984600a848aca04f27b46bda86bd92229a4a0b	PR712@a6aa936ba8bf538177e34af60db7e2f0a58f8dfd	Q4.POSITIVE_DIVISOR_COMPILER	LIVE_OPEN_GATE	Reviewer C final census @ a6aa936ba8bf538177e34af60db7e2f0a58f8dfd; Reviewer D reconciled claim rows	Extract selected semantic IDs only	Lifecycle recommendation only; exact mathematical disposition remains in Reviewer C PR_CENSUS/PASS2_FINAL_REVIEW at the frozen head.
541	PINNED_IN_REVIEW_C_FINAL_HEAD_RECONCILIATION@a6aa936ba8bf538177e34af60db7e2f0a58f8dfd		PR712@a6aa936ba8bf538177e34af60db7e2f0a58f8dfd		REFUTED	Reviewer C final census @ a6aa936ba8bf538177e34af60db7e2f0a58f8dfd	No direct canonical extraction in this freeze	Lifecycle recommendation only; exact mathematical disposition remains in Reviewer C PR_CENSUS/PASS2_FINAL_REVIEW at the frozen head.
542	PINNED_IN_REVIEW_C_FINAL_HEAD_RECONCILIATION@a6aa936ba8bf538177e34af60db7e2f0a58f8dfd		PR712@a6aa936ba8bf538177e34af60db7e2f0a58f8dfd		HISTORICAL_FULL_PROPOSAL	Reviewer C final census @ a6aa936ba8bf538177e34af60db7e2f0a58f8dfd	No direct canonical extraction in this freeze	Lifecycle recommendation only; exact mathematical disposition remains in Reviewer C PR_CENSUS/PASS2_FINAL_REVIEW at the frozen head.
543	PINNED_IN_REVIEW_C_FINAL_HEAD_RECONCILIATION@a6aa936ba8bf538177e34af60db7e2f0a58f8dfd		PR712@a6aa936ba8bf538177e34af60db7e2f0a58f8dfd		HISTORICAL_FULL_PROPOSAL	Reviewer C final census @ a6aa936ba8bf538177e34af60db7e2f0a58f8dfd	No direct canonical extraction in this freeze	Lifecycle recommendation only; exact mathematical disposition remains in Reviewer C PR_CENSUS/PASS2_FINAL_REVIEW at the frozen head.
544	EXACT_HEAD_RESIDENT_IN_RECONCILIATION	d4dcd1256dc9c8e110c860cff87b3f89aee842a5	PR712@a6aa936ba8bf538177e34af60db7e2f0a58f8dfd		REFUTED	Reviewer C final census @ a6aa936ba8bf538177e34af60db7e2f0a58f8dfd	No direct canonical extraction in this freeze	Lifecycle recommendation only; exact mathematical disposition remains in Reviewer C PR_CENSUS/PASS2_FINAL_REVIEW at the frozen head.
545	PINNED_IN_REVIEW_C_FINAL_HEAD_RECONCILIATION@a6aa936ba8bf538177e34af60db7e2f0a58f8dfd		PR712@a6aa936ba8bf538177e34af60db7e2f0a58f8dfd		SUPERSEDED	Reviewer C final census @ a6aa936ba8bf538177e34af60db7e2f0a58f8dfd	No direct canonical extraction in this freeze	Lifecycle recommendation only; exact mathematical disposition remains in Reviewer C PR_CENSUS/PASS2_FINAL_REVIEW at the frozen head.
546	PINNED_IN_REVIEW_C_FINAL_HEAD_RECONCILIATION@a6aa936ba8bf538177e34af60db7e2f0a58f8dfd		PR712@a6aa936ba8bf538177e34af60db7e2f0a58f8dfd		SUPERSEDED	Reviewer C final census @ a6aa936ba8bf538177e34af60db7e2f0a58f8dfd	No direct canonical extraction in this freeze	Lifecycle recommendation only; exact mathematical disposition remains in Reviewer C PR_CENSUS/PASS2_FINAL_REVIEW at the frozen head.
547	EXACT_HEAD_RESIDENT_IN_RECONCILIATION	d60f93b0e207a83a283fb229eb988aa4c404765d	PR712@a6aa936ba8bf538177e34af60db7e2f0a58f8dfd	CONSUMER.MELLIN.ANNULAR_ROWS23	CANONICALIZED	Reviewer C final census @ a6aa936ba8bf538177e34af60db7e2f0a58f8dfd; Reviewer D reconciled claim rows	Extract selected semantic IDs only	Lifecycle recommendation only; exact mathematical disposition remains in Reviewer C PR_CENSUS/PASS2_FINAL_REVIEW at the frozen head.
548	PINNED_IN_REVIEW_C_FINAL_HEAD_RECONCILIATION@a6aa936ba8bf538177e34af60db7e2f0a58f8dfd		PR712@a6aa936ba8bf538177e34af60db7e2f0a58f8dfd		HISTORICAL_FULL_PROPOSAL	Reviewer C final census @ a6aa936ba8bf538177e34af60db7e2f0a58f8dfd	No direct canonical extraction in this freeze	Lifecycle recommendation only; exact mathematical disposition remains in Reviewer C PR_CENSUS/PASS2_FINAL_REVIEW at the frozen head.
549	PINNED_IN_REVIEW_C_FINAL_HEAD_RECONCILIATION@a6aa936ba8bf538177e34af60db7e2f0a58f8dfd		PR712@a6aa936ba8bf538177e34af60db7e2f0a58f8dfd		HISTORICAL_FULL_PROPOSAL	Reviewer C final census @ a6aa936ba8bf538177e34af60db7e2f0a58f8dfd	No direct canonical extraction in this freeze	Lifecycle recommendation only; exact mathematical disposition remains in Reviewer C PR_CENSUS/PASS2_FINAL_REVIEW at the frozen head.
550	PINNED_IN_REVIEW_C_FINAL_HEAD_RECONCILIATION@a6aa936ba8bf538177e34af60db7e2f0a58f8dfd		PR712@a6aa936ba8bf538177e34af60db7e2f0a58f8dfd		HISTORICAL_FULL_PROPOSAL	Reviewer C final census @ a6aa936ba8bf538177e34af60db7e2f0a58f8dfd	No direct canonical extraction in this freeze	Lifecycle recommendation only; exact mathematical disposition remains in Reviewer C PR_CENSUS/PASS2_FINAL_REVIEW at the frozen head.
551	PINNED_IN_REVIEW_C_FINAL_HEAD_RECONCILIATION@a6aa936ba8bf538177e34af60db7e2f0a58f8dfd		PR712@a6aa936ba8bf538177e34af60db7e2f0a58f8dfd		SUPERSEDED	Reviewer C final census @ a6aa936ba8bf538177e34af60db7e2f0a58f8dfd	No direct canonical extraction in this freeze	Lifecycle recommendation only; exact mathematical disposition remains in Reviewer C PR_CENSUS/PASS2_FINAL_REVIEW at the frozen head.
552	PINNED_IN_REVIEW_C_FINAL_HEAD_RECONCILIATION@a6aa936ba8bf538177e34af60db7e2f0a58f8dfd		PR712@a6aa936ba8bf538177e34af60db7e2f0a58f8dfd		SUPERSEDED	Reviewer C final census @ a6aa936ba8bf538177e34af60db7e2f0a58f8dfd	No direct canonical extraction in this freeze	Lifecycle recommendation only; exact mathematical disposition remains in Reviewer C PR_CENSUS/PASS2_FINAL_REVIEW at the frozen head.
553	PINNED_IN_REVIEW_C_FINAL_HEAD_RECONCILIATION@a6aa936ba8bf538177e34af60db7e2f0a58f8dfd		PR712@a6aa936ba8bf538177e34af60db7e2f0a58f8dfd		SUPERSEDED	Reviewer C final census @ a6aa936ba8bf538177e34af60db7e2f0a58f8dfd	No direct canonical extraction in this freeze	Lifecycle recommendation only; exact mathematical disposition remains in Reviewer C PR_CENSUS/PASS2_FINAL_REVIEW at the frozen head.
554	PINNED_IN_REVIEW_C_FINAL_HEAD_RECONCILIATION@a6aa936ba8bf538177e34af60db7e2f0a58f8dfd		PR712@a6aa936ba8bf538177e34af60db7e2f0a58f8dfd		SUPERSEDED	Reviewer C final census @ a6aa936ba8bf538177e34af60db7e2f0a58f8dfd	No direct canonical extraction in this freeze	Lifecycle recommendation only; exact mathematical disposition remains in Reviewer C PR_CENSUS/PASS2_FINAL_REVIEW at the frozen head.
555	PINNED_IN_REVIEW_C_FINAL_HEAD_RECONCILIATION@a6aa936ba8bf538177e34af60db7e2f0a58f8dfd		PR712@a6aa936ba8bf538177e34af60db7e2f0a58f8dfd		HISTORICAL_FULL_PROPOSAL	Reviewer C final census @ a6aa936ba8bf538177e34af60db7e2f0a58f8dfd	No direct canonical extraction in this freeze	Lifecycle recommendation only; exact mathematical disposition remains in Reviewer C PR_CENSUS/PASS2_FINAL_REVIEW at the frozen head.
556	PINNED_IN_REVIEW_C_FINAL_HEAD_RECONCILIATION@a6aa936ba8bf538177e34af60db7e2f0a58f8dfd		PR712@a6aa936ba8bf538177e34af60db7e2f0a58f8dfd		HISTORICAL_FULL_PROPOSAL	Reviewer C final census @ a6aa936ba8bf538177e34af60db7e2f0a58f8dfd	No direct canonical extraction in this freeze	Lifecycle recommendation only; exact mathematical disposition remains in Reviewer C PR_CENSUS/PASS2_FINAL_REVIEW at the frozen head.
557	PINNED_IN_REVIEW_C_FINAL_HEAD_RECONCILIATION@a6aa936ba8bf538177e34af60db7e2f0a58f8dfd		PR712@a6aa936ba8bf538177e34af60db7e2f0a58f8dfd		SUPERSEDED	Reviewer C final census @ a6aa936ba8bf538177e34af60db7e2f0a58f8dfd	No direct canonical extraction in this freeze	Lifecycle recommendation only; exact mathematical disposition remains in Reviewer C PR_CENSUS/PASS2_FINAL_REVIEW at the frozen head.
558	PINNED_IN_REVIEW_C_FINAL_HEAD_RECONCILIATION@a6aa936ba8bf538177e34af60db7e2f0a58f8dfd		PR712@a6aa936ba8bf538177e34af60db7e2f0a58f8dfd		HISTORICAL_FULL_PROPOSAL	Reviewer C final census @ a6aa936ba8bf538177e34af60db7e2f0a58f8dfd	No direct canonical extraction in this freeze	Lifecycle recommendation only; exact mathematical disposition remains in Reviewer C PR_CENSUS/PASS2_FINAL_REVIEW at the frozen head.
559	PINNED_IN_REVIEW_C_FINAL_HEAD_RECONCILIATION@a6aa936ba8bf538177e34af60db7e2f0a58f8dfd		PR712@a6aa936ba8bf538177e34af60db7e2f0a58f8dfd		HISTORICAL_FULL_PROPOSAL	Reviewer C final census @ a6aa936ba8bf538177e34af60db7e2f0a58f8dfd	No direct canonical extraction in this freeze	Lifecycle recommendation only; exact mathematical disposition remains in Reviewer C PR_CENSUS/PASS2_FINAL_REVIEW at the frozen head.
560	PINNED_IN_REVIEW_C_FINAL_HEAD_RECONCILIATION@a6aa936ba8bf538177e34af60db7e2f0a58f8dfd		PR712@a6aa936ba8bf538177e34af60db7e2f0a58f8dfd		HISTORICAL_FULL_PROPOSAL	Reviewer C final census @ a6aa936ba8bf538177e34af60db7e2f0a58f8dfd	No direct canonical extraction in this freeze	Lifecycle recommendation only; exact mathematical disposition remains in Reviewer C PR_CENSUS/PASS2_FINAL_REVIEW at the frozen head.
561	EXACT_HEAD_RESIDENT_IN_RECONCILIATION	db9bdc63c855c6ddf664b763d748f8155a6a2c67	PR712@a6aa936ba8bf538177e34af60db7e2f0a58f8dfd		REFUTED	Reviewer C final census @ a6aa936ba8bf538177e34af60db7e2f0a58f8dfd	No direct canonical extraction in this freeze	Lifecycle recommendation only; exact mathematical disposition remains in Reviewer C PR_CENSUS/PASS2_FINAL_REVIEW at the frozen head.
562	PINNED_IN_REVIEW_C_FINAL_HEAD_RECONCILIATION@a6aa936ba8bf538177e34af60db7e2f0a58f8dfd		PR712@a6aa936ba8bf538177e34af60db7e2f0a58f8dfd		SUPERSEDED	Reviewer C final census @ a6aa936ba8bf538177e34af60db7e2f0a58f8dfd	No direct canonical extraction in this freeze	Lifecycle recommendation only; exact mathematical disposition remains in Reviewer C PR_CENSUS/PASS2_FINAL_REVIEW at the frozen head.
563	EXACT_HEAD_RESIDENT_IN_RECONCILIATION	c4cc65cccb3f13a6499506cf3c26bd521c455864	PR712@a6aa936ba8bf538177e34af60db7e2f0a58f8dfd		LIVE_OPEN_GATE	Reviewer C final census @ a6aa936ba8bf538177e34af60db7e2f0a58f8dfd	No direct canonical extraction in this freeze	Lifecycle recommendation only; exact mathematical disposition remains in Reviewer C PR_CENSUS/PASS2_FINAL_REVIEW at the frozen head.
564	PINNED_IN_REVIEW_C_FINAL_HEAD_RECONCILIATION@a6aa936ba8bf538177e34af60db7e2f0a58f8dfd		PR712@a6aa936ba8bf538177e34af60db7e2f0a58f8dfd		SUPERSEDED	Reviewer C final census @ a6aa936ba8bf538177e34af60db7e2f0a58f8dfd	No direct canonical extraction in this freeze	Lifecycle recommendation only; exact mathematical disposition remains in Reviewer C PR_CENSUS/PASS2_FINAL_REVIEW at the frozen head.
565	PINNED_IN_REVIEW_C_FINAL_HEAD_RECONCILIATION@a6aa936ba8bf538177e34af60db7e2f0a58f8dfd		PR712@a6aa936ba8bf538177e34af60db7e2f0a58f8dfd		HISTORICAL_FULL_PROPOSAL	Reviewer C final census @ a6aa936ba8bf538177e34af60db7e2f0a58f8dfd	No direct canonical extraction in this freeze	Lifecycle recommendation only; exact mathematical disposition remains in Reviewer C PR_CENSUS/PASS2_FINAL_REVIEW at the frozen head.
566	PINNED_IN_REVIEW_C_FINAL_HEAD_RECONCILIATION@a6aa936ba8bf538177e34af60db7e2f0a58f8dfd		PR712@a6aa936ba8bf538177e34af60db7e2f0a58f8dfd		HISTORICAL_FULL_PROPOSAL	Reviewer C final census @ a6aa936ba8bf538177e34af60db7e2f0a58f8dfd	No direct canonical extraction in this freeze	Lifecycle recommendation only; exact mathematical disposition remains in Reviewer C PR_CENSUS/PASS2_FINAL_REVIEW at the frozen head.
567	PINNED_IN_REVIEW_C_FINAL_HEAD_RECONCILIATION@a6aa936ba8bf538177e34af60db7e2f0a58f8dfd		PR712@a6aa936ba8bf538177e34af60db7e2f0a58f8dfd		SUPERSEDED	Reviewer C final census @ a6aa936ba8bf538177e34af60db7e2f0a58f8dfd	No direct canonical extraction in this freeze	Lifecycle recommendation only; exact mathematical disposition remains in Reviewer C PR_CENSUS/PASS2_FINAL_REVIEW at the frozen head.
568	PINNED_IN_REVIEW_C_FINAL_HEAD_RECONCILIATION@a6aa936ba8bf538177e34af60db7e2f0a58f8dfd		PR712@a6aa936ba8bf538177e34af60db7e2f0a58f8dfd		SUPERSEDED	Reviewer C final census @ a6aa936ba8bf538177e34af60db7e2f0a58f8dfd	No direct canonical extraction in this freeze	Lifecycle recommendation only; exact mathematical disposition remains in Reviewer C PR_CENSUS/PASS2_FINAL_REVIEW at the frozen head.
569	PINNED_IN_REVIEW_C_FINAL_HEAD_RECONCILIATION@a6aa936ba8bf538177e34af60db7e2f0a58f8dfd		PR712@a6aa936ba8bf538177e34af60db7e2f0a58f8dfd		SUPERSEDED	Reviewer C final census @ a6aa936ba8bf538177e34af60db7e2f0a58f8dfd	No direct canonical extraction in this freeze	Lifecycle recommendation only; exact mathematical disposition remains in Reviewer C PR_CENSUS/PASS2_FINAL_REVIEW at the frozen head.
570	PINNED_IN_REVIEW_C_FINAL_HEAD_RECONCILIATION@a6aa936ba8bf538177e34af60db7e2f0a58f8dfd		PR712@a6aa936ba8bf538177e34af60db7e2f0a58f8dfd		SUPERSEDED	Reviewer C final census @ a6aa936ba8bf538177e34af60db7e2f0a58f8dfd	No direct canonical extraction in this freeze	Lifecycle recommendation only; exact mathematical disposition remains in Reviewer C PR_CENSUS/PASS2_FINAL_REVIEW at the frozen head.
571	PINNED_IN_REVIEW_C_FINAL_HEAD_RECONCILIATION@a6aa936ba8bf538177e34af60db7e2f0a58f8dfd		PR712@a6aa936ba8bf538177e34af60db7e2f0a58f8dfd		SUPERSEDED	Reviewer C final census @ a6aa936ba8bf538177e34af60db7e2f0a58f8dfd	No direct canonical extraction in this freeze	Lifecycle recommendation only; exact mathematical disposition remains in Reviewer C PR_CENSUS/PASS2_FINAL_REVIEW at the frozen head.
572	PINNED_IN_REVIEW_C_FINAL_HEAD_RECONCILIATION@a6aa936ba8bf538177e34af60db7e2f0a58f8dfd		PR712@a6aa936ba8bf538177e34af60db7e2f0a58f8dfd		SUPERSEDED	Reviewer C final census @ a6aa936ba8bf538177e34af60db7e2f0a58f8dfd	No direct canonical extraction in this freeze	Lifecycle recommendation only; exact mathematical disposition remains in Reviewer C PR_CENSUS/PASS2_FINAL_REVIEW at the frozen head.
573	EXACT_HEAD_RESIDENT_IN_RECONCILIATION	0865242eb9dc0ed6094afc8a87a52b974c6f1307	PR712@a6aa936ba8bf538177e34af60db7e2f0a58f8dfd		LIVE_OPEN_GATE	Reviewer C final census @ a6aa936ba8bf538177e34af60db7e2f0a58f8dfd	No direct canonical extraction in this freeze	Lifecycle recommendation only; exact mathematical disposition remains in Reviewer C PR_CENSUS/PASS2_FINAL_REVIEW at the frozen head.
574	PINNED_IN_REVIEW_C_FINAL_HEAD_RECONCILIATION@a6aa936ba8bf538177e34af60db7e2f0a58f8dfd		PR712@a6aa936ba8bf538177e34af60db7e2f0a58f8dfd		SUPERSEDED	Reviewer C final census @ a6aa936ba8bf538177e34af60db7e2f0a58f8dfd	No direct canonical extraction in this freeze	Lifecycle recommendation only; exact mathematical disposition remains in Reviewer C PR_CENSUS/PASS2_FINAL_REVIEW at the frozen head.
575	PINNED_IN_REVIEW_C_FINAL_HEAD_RECONCILIATION@a6aa936ba8bf538177e34af60db7e2f0a58f8dfd		PR712@a6aa936ba8bf538177e34af60db7e2f0a58f8dfd		SUPERSEDED	Reviewer C final census @ a6aa936ba8bf538177e34af60db7e2f0a58f8dfd	No direct canonical extraction in this freeze	Lifecycle recommendation only; exact mathematical disposition remains in Reviewer C PR_CENSUS/PASS2_FINAL_REVIEW at the frozen head.
576	EXACT_HEAD_RESIDENT_IN_RECONCILIATION	0f6ea6eae813c1d867ae50744cf5fd57e2720bb7	PR712@a6aa936ba8bf538177e34af60db7e2f0a58f8dfd	ARITH.SOURCE.TYPING_FIREWALLS	REFUTED	Reviewer C final census @ a6aa936ba8bf538177e34af60db7e2f0a58f8dfd; Reviewer D reconciled claim rows	Extract selected semantic IDs only	Lifecycle recommendation only; exact mathematical disposition remains in Reviewer C PR_CENSUS/PASS2_FINAL_REVIEW at the frozen head.
577	PINNED_IN_REVIEW_C_FINAL_HEAD_RECONCILIATION@a6aa936ba8bf538177e34af60db7e2f0a58f8dfd		PR712@a6aa936ba8bf538177e34af60db7e2f0a58f8dfd		HISTORICAL_FULL_PROPOSAL	Reviewer C final census @ a6aa936ba8bf538177e34af60db7e2f0a58f8dfd	No direct canonical extraction in this freeze	Lifecycle recommendation only; exact mathematical disposition remains in Reviewer C PR_CENSUS/PASS2_FINAL_REVIEW at the frozen head.
578	PINNED_IN_REVIEW_C_FINAL_HEAD_RECONCILIATION@a6aa936ba8bf538177e34af60db7e2f0a58f8dfd		PR712@a6aa936ba8bf538177e34af60db7e2f0a58f8dfd		HISTORICAL_FULL_PROPOSAL	Reviewer C final census @ a6aa936ba8bf538177e34af60db7e2f0a58f8dfd	No direct canonical extraction in this freeze	Lifecycle recommendation only; exact mathematical disposition remains in Reviewer C PR_CENSUS/PASS2_FINAL_REVIEW at the frozen head.
579	PINNED_IN_REVIEW_C_FINAL_HEAD_RECONCILIATION@a6aa936ba8bf538177e34af60db7e2f0a58f8dfd		PR712@a6aa936ba8bf538177e34af60db7e2f0a58f8dfd		SUPERSEDED	Reviewer C final census @ a6aa936ba8bf538177e34af60db7e2f0a58f8dfd	No direct canonical extraction in this freeze	Lifecycle recommendation only; exact mathematical disposition remains in Reviewer C PR_CENSUS/PASS2_FINAL_REVIEW at the frozen head.
580	EXACT_HEAD_RESIDENT_IN_RECONCILIATION	812e7fcbaff2dd1c2c53c885def7b6c0d0e68a05	PR712@a6aa936ba8bf538177e34af60db7e2f0a58f8dfd	Q4.ANNULAR.TYPE_I_II|OPEN.Q4.SACF	LIVE_OPEN_GATE	Reviewer C final census @ a6aa936ba8bf538177e34af60db7e2f0a58f8dfd; Reviewer D reconciled claim rows	Extract selected semantic IDs only	Lifecycle recommendation only; exact mathematical disposition remains in Reviewer C PR_CENSUS/PASS2_FINAL_REVIEW at the frozen head.
581	PINNED_IN_REVIEW_C_FINAL_HEAD_RECONCILIATION@a6aa936ba8bf538177e34af60db7e2f0a58f8dfd		PR712@a6aa936ba8bf538177e34af60db7e2f0a58f8dfd		SUPERSEDED	Reviewer C final census @ a6aa936ba8bf538177e34af60db7e2f0a58f8dfd	No direct canonical extraction in this freeze	Lifecycle recommendation only; exact mathematical disposition remains in Reviewer C PR_CENSUS/PASS2_FINAL_REVIEW at the frozen head.
582	PINNED_IN_REVIEW_C_FINAL_HEAD_RECONCILIATION@a6aa936ba8bf538177e34af60db7e2f0a58f8dfd		PR712@a6aa936ba8bf538177e34af60db7e2f0a58f8dfd		SUPERSEDED	Reviewer C final census @ a6aa936ba8bf538177e34af60db7e2f0a58f8dfd	No direct canonical extraction in this freeze	Lifecycle recommendation only; exact mathematical disposition remains in Reviewer C PR_CENSUS/PASS2_FINAL_REVIEW at the frozen head.
583	PINNED_IN_REVIEW_C_FINAL_HEAD_RECONCILIATION@a6aa936ba8bf538177e34af60db7e2f0a58f8dfd		PR712@a6aa936ba8bf538177e34af60db7e2f0a58f8dfd		SUPERSEDED	Reviewer C final census @ a6aa936ba8bf538177e34af60db7e2f0a58f8dfd	No direct canonical extraction in this freeze	Lifecycle recommendation only; exact mathematical disposition remains in Reviewer C PR_CENSUS/PASS2_FINAL_REVIEW at the frozen head.
584	PINNED_IN_REVIEW_C_FINAL_HEAD_RECONCILIATION@a6aa936ba8bf538177e34af60db7e2f0a58f8dfd		PR712@a6aa936ba8bf538177e34af60db7e2f0a58f8dfd		SUPERSEDED	Reviewer C final census @ a6aa936ba8bf538177e34af60db7e2f0a58f8dfd	No direct canonical extraction in this freeze	Lifecycle recommendation only; exact mathematical disposition remains in Reviewer C PR_CENSUS/PASS2_FINAL_REVIEW at the frozen head.
585	PINNED_IN_REVIEW_C_FINAL_HEAD_RECONCILIATION@a6aa936ba8bf538177e34af60db7e2f0a58f8dfd		PR712@a6aa936ba8bf538177e34af60db7e2f0a58f8dfd		SUPERSEDED	Reviewer C final census @ a6aa936ba8bf538177e34af60db7e2f0a58f8dfd	No direct canonical extraction in this freeze	Lifecycle recommendation only; exact mathematical disposition remains in Reviewer C PR_CENSUS/PASS2_FINAL_REVIEW at the frozen head.
586	PINNED_IN_REVIEW_C_FINAL_HEAD_RECONCILIATION@a6aa936ba8bf538177e34af60db7e2f0a58f8dfd		PR712@a6aa936ba8bf538177e34af60db7e2f0a58f8dfd		REFUTED	Reviewer C final census @ a6aa936ba8bf538177e34af60db7e2f0a58f8dfd	No direct canonical extraction in this freeze	Lifecycle recommendation only; exact mathematical disposition remains in Reviewer C PR_CENSUS/PASS2_FINAL_REVIEW at the frozen head.
587	PINNED_IN_REVIEW_C_FINAL_HEAD_RECONCILIATION@a6aa936ba8bf538177e34af60db7e2f0a58f8dfd		PR712@a6aa936ba8bf538177e34af60db7e2f0a58f8dfd		SUPERSEDED	Reviewer C final census @ a6aa936ba8bf538177e34af60db7e2f0a58f8dfd	No direct canonical extraction in this freeze	Lifecycle recommendation only; exact mathematical disposition remains in Reviewer C PR_CENSUS/PASS2_FINAL_REVIEW at the frozen head.
588	PINNED_IN_REVIEW_C_FINAL_HEAD_RECONCILIATION@a6aa936ba8bf538177e34af60db7e2f0a58f8dfd		PR712@a6aa936ba8bf538177e34af60db7e2f0a58f8dfd		DUPLICATE_RECOVERY	Reviewer C final census @ a6aa936ba8bf538177e34af60db7e2f0a58f8dfd	No direct canonical extraction in this freeze	Lifecycle recommendation only; exact mathematical disposition remains in Reviewer C PR_CENSUS/PASS2_FINAL_REVIEW at the frozen head.
589	PINNED_IN_REVIEW_C_FINAL_HEAD_RECONCILIATION@a6aa936ba8bf538177e34af60db7e2f0a58f8dfd		PR712@a6aa936ba8bf538177e34af60db7e2f0a58f8dfd		REFUTED	Reviewer C final census @ a6aa936ba8bf538177e34af60db7e2f0a58f8dfd	No direct canonical extraction in this freeze	Lifecycle recommendation only; exact mathematical disposition remains in Reviewer C PR_CENSUS/PASS2_FINAL_REVIEW at the frozen head.
590	PINNED_IN_REVIEW_C_FINAL_HEAD_RECONCILIATION@a6aa936ba8bf538177e34af60db7e2f0a58f8dfd		PR712@a6aa936ba8bf538177e34af60db7e2f0a58f8dfd		REFUTED	Reviewer C final census @ a6aa936ba8bf538177e34af60db7e2f0a58f8dfd	No direct canonical extraction in this freeze	Lifecycle recommendation only; exact mathematical disposition remains in Reviewer C PR_CENSUS/PASS2_FINAL_REVIEW at the frozen head.
591	PINNED_IN_REVIEW_C_FINAL_HEAD_RECONCILIATION@a6aa936ba8bf538177e34af60db7e2f0a58f8dfd		PR712@a6aa936ba8bf538177e34af60db7e2f0a58f8dfd		SUPERSEDED	Reviewer C final census @ a6aa936ba8bf538177e34af60db7e2f0a58f8dfd	No direct canonical extraction in this freeze	Lifecycle recommendation only; exact mathematical disposition remains in Reviewer C PR_CENSUS/PASS2_FINAL_REVIEW at the frozen head.
592	PINNED_IN_REVIEW_C_FINAL_HEAD_RECONCILIATION@a6aa936ba8bf538177e34af60db7e2f0a58f8dfd		PR712@a6aa936ba8bf538177e34af60db7e2f0a58f8dfd		SUPERSEDED	Reviewer C final census @ a6aa936ba8bf538177e34af60db7e2f0a58f8dfd	No direct canonical extraction in this freeze	Lifecycle recommendation only; exact mathematical disposition remains in Reviewer C PR_CENSUS/PASS2_FINAL_REVIEW at the frozen head.
593	PINNED_IN_REVIEW_C_FINAL_HEAD_RECONCILIATION@a6aa936ba8bf538177e34af60db7e2f0a58f8dfd		PR712@a6aa936ba8bf538177e34af60db7e2f0a58f8dfd		REFUTED	Reviewer C final census @ a6aa936ba8bf538177e34af60db7e2f0a58f8dfd	No direct canonical extraction in this freeze	Lifecycle recommendation only; exact mathematical disposition remains in Reviewer C PR_CENSUS/PASS2_FINAL_REVIEW at the frozen head.
594	PINNED_IN_REVIEW_C_FINAL_HEAD_RECONCILIATION@a6aa936ba8bf538177e34af60db7e2f0a58f8dfd		PR712@a6aa936ba8bf538177e34af60db7e2f0a58f8dfd		SUPERSEDED	Reviewer C final census @ a6aa936ba8bf538177e34af60db7e2f0a58f8dfd	No direct canonical extraction in this freeze	Lifecycle recommendation only; exact mathematical disposition remains in Reviewer C PR_CENSUS/PASS2_FINAL_REVIEW at the frozen head.
595	EXACT_HEAD_RESIDENT_IN_RECONCILIATION	e66a91166b80cbf0a520e3a78ea96582d263d563	PR712@a6aa936ba8bf538177e34af60db7e2f0a58f8dfd		LIVE_OPEN_GATE	Reviewer C final census @ a6aa936ba8bf538177e34af60db7e2f0a58f8dfd	No direct canonical extraction in this freeze	Lifecycle recommendation only; exact mathematical disposition remains in Reviewer C PR_CENSUS/PASS2_FINAL_REVIEW at the frozen head.
596	PINNED_IN_REVIEW_C_FINAL_HEAD_RECONCILIATION@a6aa936ba8bf538177e34af60db7e2f0a58f8dfd		PR712@a6aa936ba8bf538177e34af60db7e2f0a58f8dfd		SUPERSEDED	Reviewer C final census @ a6aa936ba8bf538177e34af60db7e2f0a58f8dfd	No direct canonical extraction in this freeze	Lifecycle recommendation only; exact mathematical disposition remains in Reviewer C PR_CENSUS/PASS2_FINAL_REVIEW at the frozen head.
597	EXACT_HEAD_RESIDENT_IN_RECONCILIATION	5478ead5fc82e1730cb1fe53965663d608a851b3	PR712@a6aa936ba8bf538177e34af60db7e2f0a58f8dfd		LIVE_OPEN_GATE	Reviewer C final census @ a6aa936ba8bf538177e34af60db7e2f0a58f8dfd	No direct canonical extraction in this freeze	Lifecycle recommendation only; exact mathematical disposition remains in Reviewer C PR_CENSUS/PASS2_FINAL_REVIEW at the frozen head.
598	PINNED_IN_REVIEW_C_FINAL_HEAD_RECONCILIATION@a6aa936ba8bf538177e34af60db7e2f0a58f8dfd		PR712@a6aa936ba8bf538177e34af60db7e2f0a58f8dfd		REFUTED	Reviewer C final census @ a6aa936ba8bf538177e34af60db7e2f0a58f8dfd	No direct canonical extraction in this freeze	Lifecycle recommendation only; exact mathematical disposition remains in Reviewer C PR_CENSUS/PASS2_FINAL_REVIEW at the frozen head.
599	PINNED_IN_REVIEW_C_FINAL_HEAD_RECONCILIATION@a6aa936ba8bf538177e34af60db7e2f0a58f8dfd		PR712@a6aa936ba8bf538177e34af60db7e2f0a58f8dfd		SUPERSEDED	Reviewer C final census @ a6aa936ba8bf538177e34af60db7e2f0a58f8dfd	No direct canonical extraction in this freeze	Lifecycle recommendation only; exact mathematical disposition remains in Reviewer C PR_CENSUS/PASS2_FINAL_REVIEW at the frozen head.
600	EXACT_HEAD_RESIDENT_IN_RECONCILIATION	193ca24d4ebecabb2c51efb62fa16c37947ad90c	PR712@a6aa936ba8bf538177e34af60db7e2f0a58f8dfd	Q4.FILTER.CRITICAL_ZERO_BARRIER	LIVE_OPEN_GATE	Reviewer C final census @ a6aa936ba8bf538177e34af60db7e2f0a58f8dfd; Reviewer D reconciled claim rows	Extract selected semantic IDs only	Lifecycle recommendation only; exact mathematical disposition remains in Reviewer C PR_CENSUS/PASS2_FINAL_REVIEW at the frozen head.
601	PINNED_IN_REVIEW_C_FINAL_HEAD_RECONCILIATION@a6aa936ba8bf538177e34af60db7e2f0a58f8dfd		PR712@a6aa936ba8bf538177e34af60db7e2f0a58f8dfd		SUPERSEDED	Reviewer C final census @ a6aa936ba8bf538177e34af60db7e2f0a58f8dfd	No direct canonical extraction in this freeze	Lifecycle recommendation only; exact mathematical disposition remains in Reviewer C PR_CENSUS/PASS2_FINAL_REVIEW at the frozen head.
602	PINNED_IN_REVIEW_C_FINAL_HEAD_RECONCILIATION@a6aa936ba8bf538177e34af60db7e2f0a58f8dfd		PR712@a6aa936ba8bf538177e34af60db7e2f0a58f8dfd		SUPERSEDED	Reviewer C final census @ a6aa936ba8bf538177e34af60db7e2f0a58f8dfd	No direct canonical extraction in this freeze	Lifecycle recommendation only; exact mathematical disposition remains in Reviewer C PR_CENSUS/PASS2_FINAL_REVIEW at the frozen head.
603	PINNED_IN_REVIEW_C_FINAL_HEAD_RECONCILIATION@a6aa936ba8bf538177e34af60db7e2f0a58f8dfd		PR712@a6aa936ba8bf538177e34af60db7e2f0a58f8dfd		SUPERSEDED	Reviewer C final census @ a6aa936ba8bf538177e34af60db7e2f0a58f8dfd	No direct canonical extraction in this freeze	Lifecycle recommendation only; exact mathematical disposition remains in Reviewer C PR_CENSUS/PASS2_FINAL_REVIEW at the frozen head.
604	PINNED_IN_REVIEW_C_FINAL_HEAD_RECONCILIATION@a6aa936ba8bf538177e34af60db7e2f0a58f8dfd		PR712@a6aa936ba8bf538177e34af60db7e2f0a58f8dfd		SUPERSEDED	Reviewer C final census @ a6aa936ba8bf538177e34af60db7e2f0a58f8dfd	No direct canonical extraction in this freeze	Lifecycle recommendation only; exact mathematical disposition remains in Reviewer C PR_CENSUS/PASS2_FINAL_REVIEW at the frozen head.
605	PINNED_IN_REVIEW_C_FINAL_HEAD_RECONCILIATION@a6aa936ba8bf538177e34af60db7e2f0a58f8dfd		PR712@a6aa936ba8bf538177e34af60db7e2f0a58f8dfd		SUPERSEDED	Reviewer C final census @ a6aa936ba8bf538177e34af60db7e2f0a58f8dfd	No direct canonical extraction in this freeze	Lifecycle recommendation only; exact mathematical disposition remains in Reviewer C PR_CENSUS/PASS2_FINAL_REVIEW at the frozen head.
606	EXACT_HEAD_RESIDENT_IN_RECONCILIATION	327c0967c67e7efa08fcb62937ca1730f8c24069	PR712@a6aa936ba8bf538177e34af60db7e2f0a58f8dfd	OPEN.Q4.UOSACF|Q4.FILTER.EXHAUSTION	LIVE_OPEN_GATE	Reviewer C final census @ a6aa936ba8bf538177e34af60db7e2f0a58f8dfd; Reviewer D reconciled claim rows	Extract selected semantic IDs only	Lifecycle recommendation only; exact mathematical disposition remains in Reviewer C PR_CENSUS/PASS2_FINAL_REVIEW at the frozen head.
607	EXACT_HEAD_RESIDENT_IN_RECONCILIATION	a28f8e5b8c90e3aef30e97053ed42e9ddde9c665	PR712@a6aa936ba8bf538177e34af60db7e2f0a58f8dfd	ARITH.DICKMAN.STIELTJES_TRANSFER	LIVE_OPEN_GATE	Reviewer C final census @ a6aa936ba8bf538177e34af60db7e2f0a58f8dfd; Reviewer D reconciled claim rows	Extract selected semantic IDs only	Lifecycle recommendation only; exact mathematical disposition remains in Reviewer C PR_CENSUS/PASS2_FINAL_REVIEW at the frozen head.
608	EXACT_HEAD_RESIDENT_IN_RECONCILIATION	f362acf56bbbbd183976b6377fbe883193886e1a	PR712@a6aa936ba8bf538177e34af60db7e2f0a58f8dfd	ARITH.DICKMAN.MESOSCOPIC_BELLMAN	LIVE_OPEN_GATE	Reviewer C final census @ a6aa936ba8bf538177e34af60db7e2f0a58f8dfd; Reviewer D reconciled claim rows	Extract selected semantic IDs only	Lifecycle recommendation only; exact mathematical disposition remains in Reviewer C PR_CENSUS/PASS2_FINAL_REVIEW at the frozen head.
609	PINNED_IN_REVIEW_C_FINAL_HEAD_RECONCILIATION@a6aa936ba8bf538177e34af60db7e2f0a58f8dfd		PR712@a6aa936ba8bf538177e34af60db7e2f0a58f8dfd		SUPERSEDED	Reviewer C final census @ a6aa936ba8bf538177e34af60db7e2f0a58f8dfd	No direct canonical extraction in this freeze	Lifecycle recommendation only; exact mathematical disposition remains in Reviewer C PR_CENSUS/PASS2_FINAL_REVIEW at the frozen head.
610	PINNED_IN_REVIEW_C_FINAL_HEAD_RECONCILIATION@a6aa936ba8bf538177e34af60db7e2f0a58f8dfd		PR712@a6aa936ba8bf538177e34af60db7e2f0a58f8dfd		SUPERSEDED	Reviewer C final census @ a6aa936ba8bf538177e34af60db7e2f0a58f8dfd	No direct canonical extraction in this freeze	Lifecycle recommendation only; exact mathematical disposition remains in Reviewer C PR_CENSUS/PASS2_FINAL_REVIEW at the frozen head.
611	PINNED_IN_REVIEW_C_FINAL_HEAD_RECONCILIATION@a6aa936ba8bf538177e34af60db7e2f0a58f8dfd		PR712@a6aa936ba8bf538177e34af60db7e2f0a58f8dfd		SUPERSEDED	Reviewer C final census @ a6aa936ba8bf538177e34af60db7e2f0a58f8dfd	No direct canonical extraction in this freeze	Lifecycle recommendation only; exact mathematical disposition remains in Reviewer C PR_CENSUS/PASS2_FINAL_REVIEW at the frozen head.
612	PINNED_IN_REVIEW_C_FINAL_HEAD_RECONCILIATION@a6aa936ba8bf538177e34af60db7e2f0a58f8dfd		PR712@a6aa936ba8bf538177e34af60db7e2f0a58f8dfd		SUPERSEDED	Reviewer C final census @ a6aa936ba8bf538177e34af60db7e2f0a58f8dfd	No direct canonical extraction in this freeze	Lifecycle recommendation only; exact mathematical disposition remains in Reviewer C PR_CENSUS/PASS2_FINAL_REVIEW at the frozen head.
613	EXACT_HEAD_RESIDENT_IN_RECONCILIATION	6809d8509f031f7f783ef20e2250ff2735e32924	PR712@a6aa936ba8bf538177e34af60db7e2f0a58f8dfd		HISTORICAL_FULL_PROPOSAL	Reviewer C final census @ a6aa936ba8bf538177e34af60db7e2f0a58f8dfd	No direct canonical extraction in this freeze	Lifecycle recommendation only; exact mathematical disposition remains in Reviewer C PR_CENSUS/PASS2_FINAL_REVIEW at the frozen head.
614	PINNED_IN_REVIEW_C_FINAL_HEAD_RECONCILIATION@a6aa936ba8bf538177e34af60db7e2f0a58f8dfd		PR712@a6aa936ba8bf538177e34af60db7e2f0a58f8dfd		SUPERSEDED	Reviewer C final census @ a6aa936ba8bf538177e34af60db7e2f0a58f8dfd	No direct canonical extraction in this freeze	Lifecycle recommendation only; exact mathematical disposition remains in Reviewer C PR_CENSUS/PASS2_FINAL_REVIEW at the frozen head.
615	PINNED_IN_REVIEW_C_FINAL_HEAD_RECONCILIATION@a6aa936ba8bf538177e34af60db7e2f0a58f8dfd		PR712@a6aa936ba8bf538177e34af60db7e2f0a58f8dfd		SUPERSEDED	Reviewer C final census @ a6aa936ba8bf538177e34af60db7e2f0a58f8dfd	No direct canonical extraction in this freeze	Lifecycle recommendation only; exact mathematical disposition remains in Reviewer C PR_CENSUS/PASS2_FINAL_REVIEW at the frozen head.
616	PINNED_IN_REVIEW_C_FINAL_HEAD_RECONCILIATION@a6aa936ba8bf538177e34af60db7e2f0a58f8dfd		PR712@a6aa936ba8bf538177e34af60db7e2f0a58f8dfd		SUPERSEDED	Reviewer C final census @ a6aa936ba8bf538177e34af60db7e2f0a58f8dfd	No direct canonical extraction in this freeze	Lifecycle recommendation only; exact mathematical disposition remains in Reviewer C PR_CENSUS/PASS2_FINAL_REVIEW at the frozen head.
617	EXACT_HEAD_RESIDENT_IN_RECONCILIATION	c3d12f4d236e2c9ff8f5a0f204bd6eb04946c521	PR712@a6aa936ba8bf538177e34af60db7e2f0a58f8dfd		REFUTED	Reviewer C final census @ a6aa936ba8bf538177e34af60db7e2f0a58f8dfd	No direct canonical extraction in this freeze	Lifecycle recommendation only; exact mathematical disposition remains in Reviewer C PR_CENSUS/PASS2_FINAL_REVIEW at the frozen head.
618	EXACT_HEAD_RESIDENT_IN_RECONCILIATION	2dfa73325a6402418fc64b9e554c1b13dd2b9bf1	PR712@a6aa936ba8bf538177e34af60db7e2f0a58f8dfd		REFUTED	Reviewer C final census @ a6aa936ba8bf538177e34af60db7e2f0a58f8dfd	No direct canonical extraction in this freeze	Lifecycle recommendation only; exact mathematical disposition remains in Reviewer C PR_CENSUS/PASS2_FINAL_REVIEW at the frozen head.
619	EXACT_HEAD_RESIDENT_IN_RECONCILIATION	0f91f43908493866c9fd5130d2a7bd4645b4a51f	PR712@a6aa936ba8bf538177e34af60db7e2f0a58f8dfd		REFUTED	Reviewer C final census @ a6aa936ba8bf538177e34af60db7e2f0a58f8dfd	No direct canonical extraction in this freeze	Lifecycle recommendation only; exact mathematical disposition remains in Reviewer C PR_CENSUS/PASS2_FINAL_REVIEW at the frozen head.
620	EXACT_HEAD_RESIDENT_IN_RECONCILIATION	493e12fcba3f9b98dda7c3595bff73b256e00ca4	PR712@a6aa936ba8bf538177e34af60db7e2f0a58f8dfd	ARITH.DIRECT_INTEGRAL_COMMON_ROW	LIVE_OPEN_GATE	Reviewer C final census @ a6aa936ba8bf538177e34af60db7e2f0a58f8dfd; Reviewer D reconciled claim rows	Extract selected semantic IDs only	Lifecycle recommendation only; exact mathematical disposition remains in Reviewer C PR_CENSUS/PASS2_FINAL_REVIEW at the frozen head.
621	EXACT_HEAD_RESIDENT_IN_RECONCILIATION	46afb6e15eef95c9268eff1791a7135b9783a2b2	PR712@a6aa936ba8bf538177e34af60db7e2f0a58f8dfd		SUPERSEDED	Reviewer C final census @ a6aa936ba8bf538177e34af60db7e2f0a58f8dfd	No direct canonical extraction in this freeze	Lifecycle recommendation only; exact mathematical disposition remains in Reviewer C PR_CENSUS/PASS2_FINAL_REVIEW at the frozen head.
622	EXACT_HEAD_RESIDENT_IN_RECONCILIATION	9d70d2b8bd932d1775600dd5e95f501324eae72b	PR712@a6aa936ba8bf538177e34af60db7e2f0a58f8dfd		REFUTED	Reviewer C final census @ a6aa936ba8bf538177e34af60db7e2f0a58f8dfd	No direct canonical extraction in this freeze	Lifecycle recommendation only; exact mathematical disposition remains in Reviewer C PR_CENSUS/PASS2_FINAL_REVIEW at the frozen head.
623	EXACT_HEAD_RESIDENT_IN_RECONCILIATION	712412e286cc309bbe9960ee839df158316df9e5	PR712@a6aa936ba8bf538177e34af60db7e2f0a58f8dfd		REFUTED	Reviewer C final census @ a6aa936ba8bf538177e34af60db7e2f0a58f8dfd	No direct canonical extraction in this freeze	Lifecycle recommendation only; exact mathematical disposition remains in Reviewer C PR_CENSUS/PASS2_FINAL_REVIEW at the frozen head.
624	EXACT_HEAD_RESIDENT_IN_RECONCILIATION	0fa032faedc0fa9a47a87c41a69c0db141b1dea2	PR712@a6aa936ba8bf538177e34af60db7e2f0a58f8dfd		RETAINED_COMPUTATIONAL_CERTIFICATE	Reviewer C final census @ a6aa936ba8bf538177e34af60db7e2f0a58f8dfd	No direct canonical extraction in this freeze	Lifecycle recommendation only; exact mathematical disposition remains in Reviewer C PR_CENSUS/PASS2_FINAL_REVIEW at the frozen head.
625	PINNED_IN_REVIEW_C_FINAL_HEAD_RECONCILIATION@a6aa936ba8bf538177e34af60db7e2f0a58f8dfd		PR712@a6aa936ba8bf538177e34af60db7e2f0a58f8dfd		SUPERSEDED	Reviewer C final census @ a6aa936ba8bf538177e34af60db7e2f0a58f8dfd	No direct canonical extraction in this freeze	Lifecycle recommendation only; exact mathematical disposition remains in Reviewer C PR_CENSUS/PASS2_FINAL_REVIEW at the frozen head.
626	PINNED_IN_REVIEW_C_FINAL_HEAD_RECONCILIATION@a6aa936ba8bf538177e34af60db7e2f0a58f8dfd		PR712@a6aa936ba8bf538177e34af60db7e2f0a58f8dfd		SUPERSEDED	Reviewer C final census @ a6aa936ba8bf538177e34af60db7e2f0a58f8dfd	No direct canonical extraction in this freeze	Lifecycle recommendation only; exact mathematical disposition remains in Reviewer C PR_CENSUS/PASS2_FINAL_REVIEW at the frozen head.
627	PINNED_IN_REVIEW_C_FINAL_HEAD_RECONCILIATION@a6aa936ba8bf538177e34af60db7e2f0a58f8dfd		PR712@a6aa936ba8bf538177e34af60db7e2f0a58f8dfd		SUPERSEDED	Reviewer C final census @ a6aa936ba8bf538177e34af60db7e2f0a58f8dfd	No direct canonical extraction in this freeze	Lifecycle recommendation only; exact mathematical disposition remains in Reviewer C PR_CENSUS/PASS2_FINAL_REVIEW at the frozen head.
628	PINNED_IN_REVIEW_C_FINAL_HEAD_RECONCILIATION@a6aa936ba8bf538177e34af60db7e2f0a58f8dfd		PR712@a6aa936ba8bf538177e34af60db7e2f0a58f8dfd		SUPERSEDED	Reviewer C final census @ a6aa936ba8bf538177e34af60db7e2f0a58f8dfd	No direct canonical extraction in this freeze	Lifecycle recommendation only; exact mathematical disposition remains in Reviewer C PR_CENSUS/PASS2_FINAL_REVIEW at the frozen head.
629	PINNED_IN_REVIEW_C_FINAL_HEAD_RECONCILIATION@a6aa936ba8bf538177e34af60db7e2f0a58f8dfd		PR712@a6aa936ba8bf538177e34af60db7e2f0a58f8dfd		SUPERSEDED	Reviewer C final census @ a6aa936ba8bf538177e34af60db7e2f0a58f8dfd	No direct canonical extraction in this freeze	Lifecycle recommendation only; exact mathematical disposition remains in Reviewer C PR_CENSUS/PASS2_FINAL_REVIEW at the frozen head.
630	EXACT_HEAD_RESIDENT_IN_RECONCILIATION	bec6ec52ff94e0439fa6a4615c4641f7714d1d54	PR712@a6aa936ba8bf538177e34af60db7e2f0a58f8dfd		RETAINED_COMPUTATIONAL_CERTIFICATE	Reviewer C final census @ a6aa936ba8bf538177e34af60db7e2f0a58f8dfd	No direct canonical extraction in this freeze	Lifecycle recommendation only; exact mathematical disposition remains in Reviewer C PR_CENSUS/PASS2_FINAL_REVIEW at the frozen head.
631	PINNED_IN_REVIEW_C_FINAL_HEAD_RECONCILIATION@a6aa936ba8bf538177e34af60db7e2f0a58f8dfd		PR712@a6aa936ba8bf538177e34af60db7e2f0a58f8dfd		SUPERSEDED	Reviewer C final census @ a6aa936ba8bf538177e34af60db7e2f0a58f8dfd	No direct canonical extraction in this freeze	Lifecycle recommendation only; exact mathematical disposition remains in Reviewer C PR_CENSUS/PASS2_FINAL_REVIEW at the frozen head.
632	PINNED_IN_REVIEW_C_FINAL_HEAD_RECONCILIATION@a6aa936ba8bf538177e34af60db7e2f0a58f8dfd		PR712@a6aa936ba8bf538177e34af60db7e2f0a58f8dfd		SUPERSEDED	Reviewer C final census @ a6aa936ba8bf538177e34af60db7e2f0a58f8dfd	No direct canonical extraction in this freeze	Lifecycle recommendation only; exact mathematical disposition remains in Reviewer C PR_CENSUS/PASS2_FINAL_REVIEW at the frozen head.
633	PINNED_IN_REVIEW_C_FINAL_HEAD_RECONCILIATION@a6aa936ba8bf538177e34af60db7e2f0a58f8dfd		PR712@a6aa936ba8bf538177e34af60db7e2f0a58f8dfd		SUPERSEDED	Reviewer C final census @ a6aa936ba8bf538177e34af60db7e2f0a58f8dfd	No direct canonical extraction in this freeze	Lifecycle recommendation only; exact mathematical disposition remains in Reviewer C PR_CENSUS/PASS2_FINAL_REVIEW at the frozen head.
634	PINNED_IN_REVIEW_C_FINAL_HEAD_RECONCILIATION@a6aa936ba8bf538177e34af60db7e2f0a58f8dfd		PR712@a6aa936ba8bf538177e34af60db7e2f0a58f8dfd		SUPERSEDED	Reviewer C final census @ a6aa936ba8bf538177e34af60db7e2f0a58f8dfd	No direct canonical extraction in this freeze	Lifecycle recommendation only; exact mathematical disposition remains in Reviewer C PR_CENSUS/PASS2_FINAL_REVIEW at the frozen head.
635	PINNED_IN_REVIEW_C_FINAL_HEAD_RECONCILIATION@a6aa936ba8bf538177e34af60db7e2f0a58f8dfd		PR712@a6aa936ba8bf538177e34af60db7e2f0a58f8dfd		SUPERSEDED	Reviewer C final census @ a6aa936ba8bf538177e34af60db7e2f0a58f8dfd	No direct canonical extraction in this freeze	Lifecycle recommendation only; exact mathematical disposition remains in Reviewer C PR_CENSUS/PASS2_FINAL_REVIEW at the frozen head.
636	PINNED_IN_REVIEW_C_FINAL_HEAD_RECONCILIATION@a6aa936ba8bf538177e34af60db7e2f0a58f8dfd		PR712@a6aa936ba8bf538177e34af60db7e2f0a58f8dfd		SUPERSEDED	Reviewer C final census @ a6aa936ba8bf538177e34af60db7e2f0a58f8dfd	No direct canonical extraction in this freeze	Lifecycle recommendation only; exact mathematical disposition remains in Reviewer C PR_CENSUS/PASS2_FINAL_REVIEW at the frozen head.
637	PINNED_IN_REVIEW_C_FINAL_HEAD_RECONCILIATION@a6aa936ba8bf538177e34af60db7e2f0a58f8dfd		PR712@a6aa936ba8bf538177e34af60db7e2f0a58f8dfd		SUPERSEDED	Reviewer C final census @ a6aa936ba8bf538177e34af60db7e2f0a58f8dfd	No direct canonical extraction in this freeze	Lifecycle recommendation only; exact mathematical disposition remains in Reviewer C PR_CENSUS/PASS2_FINAL_REVIEW at the frozen head.
638	EXACT_HEAD_RESIDENT_IN_RECONCILIATION	73ee57ccc684f4062769a6d1c0456b3ef6318db2	PR712@a6aa936ba8bf538177e34af60db7e2f0a58f8dfd	ARITH.VOLTERRA_GREEN	CANONICALIZED	Reviewer C final census @ a6aa936ba8bf538177e34af60db7e2f0a58f8dfd; Reviewer D reconciled claim rows	Extract selected semantic IDs only	Lifecycle recommendation only; exact mathematical disposition remains in Reviewer C PR_CENSUS/PASS2_FINAL_REVIEW at the frozen head.
639	PINNED_IN_REVIEW_C_FINAL_HEAD_RECONCILIATION@a6aa936ba8bf538177e34af60db7e2f0a58f8dfd		PR712@a6aa936ba8bf538177e34af60db7e2f0a58f8dfd		SUPERSEDED	Reviewer C final census @ a6aa936ba8bf538177e34af60db7e2f0a58f8dfd	No direct canonical extraction in this freeze	Lifecycle recommendation only; exact mathematical disposition remains in Reviewer C PR_CENSUS/PASS2_FINAL_REVIEW at the frozen head.
640	PINNED_IN_REVIEW_C_FINAL_HEAD_RECONCILIATION@a6aa936ba8bf538177e34af60db7e2f0a58f8dfd		PR712@a6aa936ba8bf538177e34af60db7e2f0a58f8dfd		SUPERSEDED	Reviewer C final census @ a6aa936ba8bf538177e34af60db7e2f0a58f8dfd	No direct canonical extraction in this freeze	Lifecycle recommendation only; exact mathematical disposition remains in Reviewer C PR_CENSUS/PASS2_FINAL_REVIEW at the frozen head.
641	EXACT_HEAD_RESIDENT_IN_RECONCILIATION	19cd3939a54ccea73b055b3952b5dd7ed638c4fb	PR712@a6aa936ba8bf538177e34af60db7e2f0a58f8dfd	CONSUMER.MELLIN.MOVING_ROW_SELECTION	LIVE_OPEN_GATE	Reviewer C final census @ a6aa936ba8bf538177e34af60db7e2f0a58f8dfd; Reviewer D reconciled claim rows	Extract selected semantic IDs only	Lifecycle recommendation only; exact mathematical disposition remains in Reviewer C PR_CENSUS/PASS2_FINAL_REVIEW at the frozen head.
642	EXACT_HEAD_RESIDENT_IN_RECONCILIATION	07aa0d4838458a1b2d3af9e5bc96616baa6b4767	PR712@a6aa936ba8bf538177e34af60db7e2f0a58f8dfd	ARITH.SHARP.ROW_KERNEL	LIVE_OPEN_GATE	Reviewer C final census @ a6aa936ba8bf538177e34af60db7e2f0a58f8dfd; Reviewer D reconciled claim rows	Extract selected semantic IDs only	Lifecycle recommendation only; exact mathematical disposition remains in Reviewer C PR_CENSUS/PASS2_FINAL_REVIEW at the frozen head.
643	PINNED_IN_REVIEW_C_FINAL_HEAD_RECONCILIATION@a6aa936ba8bf538177e34af60db7e2f0a58f8dfd		PR712@a6aa936ba8bf538177e34af60db7e2f0a58f8dfd		SUPERSEDED	Reviewer C final census @ a6aa936ba8bf538177e34af60db7e2f0a58f8dfd	No direct canonical extraction in this freeze	Lifecycle recommendation only; exact mathematical disposition remains in Reviewer C PR_CENSUS/PASS2_FINAL_REVIEW at the frozen head.
644	PINNED_IN_REVIEW_C_FINAL_HEAD_RECONCILIATION@a6aa936ba8bf538177e34af60db7e2f0a58f8dfd		PR712@a6aa936ba8bf538177e34af60db7e2f0a58f8dfd		SUPERSEDED	Reviewer C final census @ a6aa936ba8bf538177e34af60db7e2f0a58f8dfd	No direct canonical extraction in this freeze	Lifecycle recommendation only; exact mathematical disposition remains in Reviewer C PR_CENSUS/PASS2_FINAL_REVIEW at the frozen head.
645	PINNED_IN_REVIEW_C_FINAL_HEAD_RECONCILIATION@a6aa936ba8bf538177e34af60db7e2f0a58f8dfd		PR712@a6aa936ba8bf538177e34af60db7e2f0a58f8dfd		SUPERSEDED	Reviewer C final census @ a6aa936ba8bf538177e34af60db7e2f0a58f8dfd	No direct canonical extraction in this freeze	Lifecycle recommendation only; exact mathematical disposition remains in Reviewer C PR_CENSUS/PASS2_FINAL_REVIEW at the frozen head.
646	PINNED_IN_REVIEW_C_FINAL_HEAD_RECONCILIATION@a6aa936ba8bf538177e34af60db7e2f0a58f8dfd		PR712@a6aa936ba8bf538177e34af60db7e2f0a58f8dfd		SUPERSEDED	Reviewer C final census @ a6aa936ba8bf538177e34af60db7e2f0a58f8dfd	No direct canonical extraction in this freeze	Lifecycle recommendation only; exact mathematical disposition remains in Reviewer C PR_CENSUS/PASS2_FINAL_REVIEW at the frozen head.
647	EXACT_HEAD_RESIDENT_IN_RECONCILIATION	306d1c66fe4e848efda0bd78b5475aeeed3d5563	PR712@a6aa936ba8bf538177e34af60db7e2f0a58f8dfd		RETAINED_COMPUTATIONAL_CERTIFICATE	Reviewer C final census @ a6aa936ba8bf538177e34af60db7e2f0a58f8dfd	No direct canonical extraction in this freeze	Lifecycle recommendation only; exact mathematical disposition remains in Reviewer C PR_CENSUS/PASS2_FINAL_REVIEW at the frozen head.
648	PINNED_IN_REVIEW_C_FINAL_HEAD_RECONCILIATION@a6aa936ba8bf538177e34af60db7e2f0a58f8dfd		PR712@a6aa936ba8bf538177e34af60db7e2f0a58f8dfd		SUPERSEDED	Reviewer C final census @ a6aa936ba8bf538177e34af60db7e2f0a58f8dfd	No direct canonical extraction in this freeze	Lifecycle recommendation only; exact mathematical disposition remains in Reviewer C PR_CENSUS/PASS2_FINAL_REVIEW at the frozen head.
649	EXACT_HEAD_RESIDENT_IN_RECONCILIATION	433fd3662f7b2e4ba384ce64f196380e88624090	PR712@a6aa936ba8bf538177e34af60db7e2f0a58f8dfd	CONSUMER.MELLIN.FIVE_THREE	LIVE_OPEN_GATE	Reviewer C final census @ a6aa936ba8bf538177e34af60db7e2f0a58f8dfd; Reviewer D reconciled claim rows	Extract selected semantic IDs only	Lifecycle recommendation only; exact mathematical disposition remains in Reviewer C PR_CENSUS/PASS2_FINAL_REVIEW at the frozen head.
650	EXACT_HEAD_RESIDENT_IN_RECONCILIATION	3f9e80f09fe1f595927ea7dce6fb49ac68c5c21b	PR712@a6aa936ba8bf538177e34af60db7e2f0a58f8dfd	CONSUMER.MELLIN.HOLOMORPHIC_DEFECT	LIVE_OPEN_GATE	Reviewer C final census @ a6aa936ba8bf538177e34af60db7e2f0a58f8dfd; Reviewer D reconciled claim rows	Extract selected semantic IDs only	Lifecycle recommendation only; exact mathematical disposition remains in Reviewer C PR_CENSUS/PASS2_FINAL_REVIEW at the frozen head.
651	PINNED_IN_REVIEW_C_FINAL_HEAD_RECONCILIATION@a6aa936ba8bf538177e34af60db7e2f0a58f8dfd		PR712@a6aa936ba8bf538177e34af60db7e2f0a58f8dfd		REFUTED	Reviewer C final census @ a6aa936ba8bf538177e34af60db7e2f0a58f8dfd	No direct canonical extraction in this freeze	Lifecycle recommendation only; exact mathematical disposition remains in Reviewer C PR_CENSUS/PASS2_FINAL_REVIEW at the frozen head.
652	EXACT_HEAD_RESIDENT_IN_RECONCILIATION	24ab64551225f2dba9aa53a533eb9b0285c6e363	PR712@a6aa936ba8bf538177e34af60db7e2f0a58f8dfd	CONSUMER.MELLIN.FIXED_ROW|CONSUMER.MELLIN.TWO_ROW|ARITH.SHARP.COMPACT_HALL_RN|ARITH.SHARP.ALPHA_NATIVE_PROMOTION|ARITH.SHARP.SEQUENTIAL_FIRST_OWNER	LIVE_OPEN_GATE	Reviewer C final census @ a6aa936ba8bf538177e34af60db7e2f0a58f8dfd; Reviewer D reconciled claim rows	Extract selected semantic IDs only	Lifecycle recommendation only; exact mathematical disposition remains in Reviewer C PR_CENSUS/PASS2_FINAL_REVIEW at the frozen head.
653	EXACT_HEAD_RESIDENT_IN_RECONCILIATION	e928fd615d753882706bb88c51b717bd8d4a86ba	PR712@a6aa936ba8bf538177e34af60db7e2f0a58f8dfd	CONSUMER.MELLIN.ZERO_SAFE_BOX|CONSUMER.MELLIN.SPECIALIZED_LANDAU|API.MELLIN.SUBPOWER_NEGATIVE_MASS	LIVE_OPEN_GATE	Reviewer C final census @ a6aa936ba8bf538177e34af60db7e2f0a58f8dfd; Reviewer D reconciled claim rows	Extract selected semantic IDs only	Lifecycle recommendation only; exact mathematical disposition remains in Reviewer C PR_CENSUS/PASS2_FINAL_REVIEW at the frozen head.
654	PINNED_IN_REVIEW_C_FINAL_HEAD_RECONCILIATION@a6aa936ba8bf538177e34af60db7e2f0a58f8dfd		PR712@a6aa936ba8bf538177e34af60db7e2f0a58f8dfd		SUPERSEDED	Reviewer C final census @ a6aa936ba8bf538177e34af60db7e2f0a58f8dfd	No direct canonical extraction in this freeze	Lifecycle recommendation only; exact mathematical disposition remains in Reviewer C PR_CENSUS/PASS2_FINAL_REVIEW at the frozen head.
655	EXACT_HEAD_RESIDENT_IN_RECONCILIATION	7946f2979a69392e5275be90f023dfb34009d4d9	PR712@a6aa936ba8bf538177e34af60db7e2f0a58f8dfd		LIVE_OPEN_GATE	Reviewer C final census @ a6aa936ba8bf538177e34af60db7e2f0a58f8dfd	No direct canonical extraction in this freeze	Lifecycle recommendation only; exact mathematical disposition remains in Reviewer C PR_CENSUS/PASS2_FINAL_REVIEW at the frozen head.
656	EXACT_HEAD_RESIDENT_IN_RECONCILIATION	db404ec00cf022f003ee2bbee66e0cf62ac45003	PR712@a6aa936ba8bf538177e34af60db7e2f0a58f8dfd		LIVE_OPEN_GATE	Reviewer C final census @ a6aa936ba8bf538177e34af60db7e2f0a58f8dfd	No direct canonical extraction in this freeze	Lifecycle recommendation only; exact mathematical disposition remains in Reviewer C PR_CENSUS/PASS2_FINAL_REVIEW at the frozen head.
657	PINNED_IN_REVIEW_C_FINAL_HEAD_RECONCILIATION@a6aa936ba8bf538177e34af60db7e2f0a58f8dfd		PR712@a6aa936ba8bf538177e34af60db7e2f0a58f8dfd		SUPERSEDED	Reviewer C final census @ a6aa936ba8bf538177e34af60db7e2f0a58f8dfd	No direct canonical extraction in this freeze	Lifecycle recommendation only; exact mathematical disposition remains in Reviewer C PR_CENSUS/PASS2_FINAL_REVIEW at the frozen head.
658	PINNED_IN_REVIEW_C_FINAL_HEAD_RECONCILIATION@a6aa936ba8bf538177e34af60db7e2f0a58f8dfd		PR712@a6aa936ba8bf538177e34af60db7e2f0a58f8dfd		SUPERSEDED	Reviewer C final census @ a6aa936ba8bf538177e34af60db7e2f0a58f8dfd	No direct canonical extraction in this freeze	Lifecycle recommendation only; exact mathematical disposition remains in Reviewer C PR_CENSUS/PASS2_FINAL_REVIEW at the frozen head.
659	EXACT_HEAD_RESIDENT_IN_RECONCILIATION	83c17b32a99ac9e1aa5aec3168535550eb286636	PR712@a6aa936ba8bf538177e34af60db7e2f0a58f8dfd		LIVE_OPEN_GATE	Reviewer C final census @ a6aa936ba8bf538177e34af60db7e2f0a58f8dfd	No direct canonical extraction in this freeze	Lifecycle recommendation only; exact mathematical disposition remains in Reviewer C PR_CENSUS/PASS2_FINAL_REVIEW at the frozen head.
660	PINNED_IN_REVIEW_C_FINAL_HEAD_RECONCILIATION@a6aa936ba8bf538177e34af60db7e2f0a58f8dfd		PR712@a6aa936ba8bf538177e34af60db7e2f0a58f8dfd		SUPERSEDED	Reviewer C final census @ a6aa936ba8bf538177e34af60db7e2f0a58f8dfd	No direct canonical extraction in this freeze	Lifecycle recommendation only; exact mathematical disposition remains in Reviewer C PR_CENSUS/PASS2_FINAL_REVIEW at the frozen head.
661	PINNED_IN_REVIEW_C_FINAL_HEAD_RECONCILIATION@a6aa936ba8bf538177e34af60db7e2f0a58f8dfd		PR712@a6aa936ba8bf538177e34af60db7e2f0a58f8dfd		SUPERSEDED	Reviewer C final census @ a6aa936ba8bf538177e34af60db7e2f0a58f8dfd	No direct canonical extraction in this freeze	Lifecycle recommendation only; exact mathematical disposition remains in Reviewer C PR_CENSUS/PASS2_FINAL_REVIEW at the frozen head.
662	PINNED_IN_REVIEW_C_FINAL_HEAD_RECONCILIATION@a6aa936ba8bf538177e34af60db7e2f0a58f8dfd		PR712@a6aa936ba8bf538177e34af60db7e2f0a58f8dfd		SUPERSEDED	Reviewer C final census @ a6aa936ba8bf538177e34af60db7e2f0a58f8dfd	No direct canonical extraction in this freeze	Lifecycle recommendation only; exact mathematical disposition remains in Reviewer C PR_CENSUS/PASS2_FINAL_REVIEW at the frozen head.
663	EXACT_HEAD_RESIDENT_IN_RECONCILIATION	fa081e81044a81e76f48cb9878a659d749e98427	PR712@a6aa936ba8bf538177e34af60db7e2f0a58f8dfd	ARITH.SHARP.POWER_M_GE_2	LIVE_OPEN_GATE	Reviewer C final census @ a6aa936ba8bf538177e34af60db7e2f0a58f8dfd; Reviewer D reconciled claim rows	Extract selected semantic IDs only	Lifecycle recommendation only; exact mathematical disposition remains in Reviewer C PR_CENSUS/PASS2_FINAL_REVIEW at the frozen head.
664	PINNED_IN_REVIEW_C_FINAL_HEAD_RECONCILIATION@a6aa936ba8bf538177e34af60db7e2f0a58f8dfd		PR712@a6aa936ba8bf538177e34af60db7e2f0a58f8dfd		SUPERSEDED	Reviewer C final census @ a6aa936ba8bf538177e34af60db7e2f0a58f8dfd	No direct canonical extraction in this freeze	Lifecycle recommendation only; exact mathematical disposition remains in Reviewer C PR_CENSUS/PASS2_FINAL_REVIEW at the frozen head.
665	EXACT_HEAD_RESIDENT_IN_RECONCILIATION	a771772682a2c09c026348b176618c302c49c223	PR712@a6aa936ba8bf538177e34af60db7e2f0a58f8dfd		LIVE_OPEN_GATE	Reviewer C final census @ a6aa936ba8bf538177e34af60db7e2f0a58f8dfd	No direct canonical extraction in this freeze	Lifecycle recommendation only; exact mathematical disposition remains in Reviewer C PR_CENSUS/PASS2_FINAL_REVIEW at the frozen head.
666	PINNED_IN_REVIEW_C_FINAL_HEAD_RECONCILIATION@a6aa936ba8bf538177e34af60db7e2f0a58f8dfd		PR712@a6aa936ba8bf538177e34af60db7e2f0a58f8dfd		SUPERSEDED	Reviewer C final census @ a6aa936ba8bf538177e34af60db7e2f0a58f8dfd	No direct canonical extraction in this freeze	Lifecycle recommendation only; exact mathematical disposition remains in Reviewer C PR_CENSUS/PASS2_FINAL_REVIEW at the frozen head.
667	EXACT_HEAD_RESIDENT_IN_RECONCILIATION	7c044d232198265974dd8f4a530b98c6653dba55	PR712@a6aa936ba8bf538177e34af60db7e2f0a58f8dfd		REFUTED	Reviewer C final census @ a6aa936ba8bf538177e34af60db7e2f0a58f8dfd	No direct canonical extraction in this freeze	Lifecycle recommendation only; exact mathematical disposition remains in Reviewer C PR_CENSUS/PASS2_FINAL_REVIEW at the frozen head.
668	EXACT_HEAD_RESIDENT_IN_RECONCILIATION	15719b975115ecad1b23264c6a6303899b4c99dc	PR712@a6aa936ba8bf538177e34af60db7e2f0a58f8dfd	ARITH.SHARP.CRITICAL_DESCENT_IDENTITIES|OPEN.ARITH.CV	LIVE_OPEN_GATE	Reviewer C final census @ a6aa936ba8bf538177e34af60db7e2f0a58f8dfd; Reviewer D reconciled claim rows	Extract selected semantic IDs only	Lifecycle recommendation only; exact mathematical disposition remains in Reviewer C PR_CENSUS/PASS2_FINAL_REVIEW at the frozen head.
669	PINNED_IN_REVIEW_C_FINAL_HEAD_RECONCILIATION@a6aa936ba8bf538177e34af60db7e2f0a58f8dfd		PR712@a6aa936ba8bf538177e34af60db7e2f0a58f8dfd		SUPERSEDED	Reviewer C final census @ a6aa936ba8bf538177e34af60db7e2f0a58f8dfd	No direct canonical extraction in this freeze	Lifecycle recommendation only; exact mathematical disposition remains in Reviewer C PR_CENSUS/PASS2_FINAL_REVIEW at the frozen head.
670	PINNED_IN_REVIEW_C_FINAL_HEAD_RECONCILIATION@a6aa936ba8bf538177e34af60db7e2f0a58f8dfd		PR712@a6aa936ba8bf538177e34af60db7e2f0a58f8dfd		SUPERSEDED	Reviewer C final census @ a6aa936ba8bf538177e34af60db7e2f0a58f8dfd	No direct canonical extraction in this freeze	Lifecycle recommendation only; exact mathematical disposition remains in Reviewer C PR_CENSUS/PASS2_FINAL_REVIEW at the frozen head.
671	EXACT_HEAD_RESIDENT_IN_RECONCILIATION	2889071e9ebdc412b94cf2cfe74f1fd5142b2857	PR712@a6aa936ba8bf538177e34af60db7e2f0a58f8dfd		LIVE_OPEN_GATE	Reviewer C final census @ a6aa936ba8bf538177e34af60db7e2f0a58f8dfd	No direct canonical extraction in this freeze	Lifecycle recommendation only; exact mathematical disposition remains in Reviewer C PR_CENSUS/PASS2_FINAL_REVIEW at the frozen head.
672	PINNED_IN_REVIEW_C_FINAL_HEAD_RECONCILIATION@a6aa936ba8bf538177e34af60db7e2f0a58f8dfd		PR712@a6aa936ba8bf538177e34af60db7e2f0a58f8dfd		SUPERSEDED	Reviewer C final census @ a6aa936ba8bf538177e34af60db7e2f0a58f8dfd	No direct canonical extraction in this freeze	Lifecycle recommendation only; exact mathematical disposition remains in Reviewer C PR_CENSUS/PASS2_FINAL_REVIEW at the frozen head.
673	PINNED_IN_REVIEW_C_FINAL_HEAD_RECONCILIATION@a6aa936ba8bf538177e34af60db7e2f0a58f8dfd		PR712@a6aa936ba8bf538177e34af60db7e2f0a58f8dfd		REFUTED	Reviewer C final census @ a6aa936ba8bf538177e34af60db7e2f0a58f8dfd	No direct canonical extraction in this freeze	Lifecycle recommendation only; exact mathematical disposition remains in Reviewer C PR_CENSUS/PASS2_FINAL_REVIEW at the frozen head.
674	EXACT_HEAD_RESIDENT_IN_RECONCILIATION	9962f7f712adc6b4ad72672ecfeace028ba79bdb	PR712@a6aa936ba8bf538177e34af60db7e2f0a58f8dfd	ARITH.WAVELET.MINIMAL_RATIO8	LIVE_OPEN_GATE	Reviewer C final census @ a6aa936ba8bf538177e34af60db7e2f0a58f8dfd; Reviewer D reconciled claim rows	Extract selected semantic IDs only	Lifecycle recommendation only; exact mathematical disposition remains in Reviewer C PR_CENSUS/PASS2_FINAL_REVIEW at the frozen head.
675	EXACT_HEAD_RESIDENT_IN_RECONCILIATION	7b28224ba1b072d4ccd5b93ad37c0a64e7939740	PR712@a6aa936ba8bf538177e34af60db7e2f0a58f8dfd	ARITH.WAVELET.SPECTRAL_ABSCISSA|REFUTATION.WAVELET.FLOOR_KERNEL	LIVE_OPEN_GATE	Reviewer C final census @ a6aa936ba8bf538177e34af60db7e2f0a58f8dfd; Reviewer D reconciled claim rows	Extract selected semantic IDs only	Lifecycle recommendation only; exact mathematical disposition remains in Reviewer C PR_CENSUS/PASS2_FINAL_REVIEW at the frozen head.
676	PINNED_IN_REVIEW_C_FINAL_HEAD_RECONCILIATION@a6aa936ba8bf538177e34af60db7e2f0a58f8dfd		PR712@a6aa936ba8bf538177e34af60db7e2f0a58f8dfd		SUPERSEDED	Reviewer C final census @ a6aa936ba8bf538177e34af60db7e2f0a58f8dfd	No direct canonical extraction in this freeze	Lifecycle recommendation only; exact mathematical disposition remains in Reviewer C PR_CENSUS/PASS2_FINAL_REVIEW at the frozen head.
677	PINNED_IN_REVIEW_C_FINAL_HEAD_RECONCILIATION@a6aa936ba8bf538177e34af60db7e2f0a58f8dfd		PR712@a6aa936ba8bf538177e34af60db7e2f0a58f8dfd		RETAINED_COMPUTATIONAL_CERTIFICATE	Reviewer C final census @ a6aa936ba8bf538177e34af60db7e2f0a58f8dfd	No direct canonical extraction in this freeze	Lifecycle recommendation only; exact mathematical disposition remains in Reviewer C PR_CENSUS/PASS2_FINAL_REVIEW at the frozen head.
678	PINNED_IN_REVIEW_C_FINAL_HEAD_RECONCILIATION@a6aa936ba8bf538177e34af60db7e2f0a58f8dfd		PR712@a6aa936ba8bf538177e34af60db7e2f0a58f8dfd		SUPERSEDED	Reviewer C final census @ a6aa936ba8bf538177e34af60db7e2f0a58f8dfd	No direct canonical extraction in this freeze	Lifecycle recommendation only; exact mathematical disposition remains in Reviewer C PR_CENSUS/PASS2_FINAL_REVIEW at the frozen head.
679	PINNED_IN_REVIEW_C_FINAL_HEAD_RECONCILIATION@a6aa936ba8bf538177e34af60db7e2f0a58f8dfd		PR712@a6aa936ba8bf538177e34af60db7e2f0a58f8dfd		SUPERSEDED	Reviewer C final census @ a6aa936ba8bf538177e34af60db7e2f0a58f8dfd	No direct canonical extraction in this freeze	Lifecycle recommendation only; exact mathematical disposition remains in Reviewer C PR_CENSUS/PASS2_FINAL_REVIEW at the frozen head.
680	EXACT_HEAD_RESIDENT_IN_RECONCILIATION	64e8e138dde15bfdb02d532041ace945c600c912	PR712@a6aa936ba8bf538177e34af60db7e2f0a58f8dfd		LIVE_OPEN_GATE	Reviewer C final census @ a6aa936ba8bf538177e34af60db7e2f0a58f8dfd	No direct canonical extraction in this freeze	Lifecycle recommendation only; exact mathematical disposition remains in Reviewer C PR_CENSUS/PASS2_FINAL_REVIEW at the frozen head.
681	PINNED_IN_REVIEW_C_FINAL_HEAD_RECONCILIATION@a6aa936ba8bf538177e34af60db7e2f0a58f8dfd		PR712@a6aa936ba8bf538177e34af60db7e2f0a58f8dfd		SUPERSEDED	Reviewer C final census @ a6aa936ba8bf538177e34af60db7e2f0a58f8dfd	No direct canonical extraction in this freeze	Lifecycle recommendation only; exact mathematical disposition remains in Reviewer C PR_CENSUS/PASS2_FINAL_REVIEW at the frozen head.
682	PINNED_IN_REVIEW_C_FINAL_HEAD_RECONCILIATION@a6aa936ba8bf538177e34af60db7e2f0a58f8dfd		PR712@a6aa936ba8bf538177e34af60db7e2f0a58f8dfd		SUPERSEDED	Reviewer C final census @ a6aa936ba8bf538177e34af60db7e2f0a58f8dfd	No direct canonical extraction in this freeze	Lifecycle recommendation only; exact mathematical disposition remains in Reviewer C PR_CENSUS/PASS2_FINAL_REVIEW at the frozen head.
683	PINNED_IN_REVIEW_C_FINAL_HEAD_RECONCILIATION@a6aa936ba8bf538177e34af60db7e2f0a58f8dfd		PR712@a6aa936ba8bf538177e34af60db7e2f0a58f8dfd		SUPERSEDED	Reviewer C final census @ a6aa936ba8bf538177e34af60db7e2f0a58f8dfd	No direct canonical extraction in this freeze	Lifecycle recommendation only; exact mathematical disposition remains in Reviewer C PR_CENSUS/PASS2_FINAL_REVIEW at the frozen head.
684	PINNED_IN_REVIEW_C_FINAL_HEAD_RECONCILIATION@a6aa936ba8bf538177e34af60db7e2f0a58f8dfd		PR712@a6aa936ba8bf538177e34af60db7e2f0a58f8dfd		SUPERSEDED	Reviewer C final census @ a6aa936ba8bf538177e34af60db7e2f0a58f8dfd	No direct canonical extraction in this freeze	Lifecycle recommendation only; exact mathematical disposition remains in Reviewer C PR_CENSUS/PASS2_FINAL_REVIEW at the frozen head.
685	PINNED_IN_REVIEW_C_FINAL_HEAD_RECONCILIATION@a6aa936ba8bf538177e34af60db7e2f0a58f8dfd		PR712@a6aa936ba8bf538177e34af60db7e2f0a58f8dfd		SUPERSEDED	Reviewer C final census @ a6aa936ba8bf538177e34af60db7e2f0a58f8dfd	No direct canonical extraction in this freeze	Lifecycle recommendation only; exact mathematical disposition remains in Reviewer C PR_CENSUS/PASS2_FINAL_REVIEW at the frozen head.
686	PINNED_IN_REVIEW_C_FINAL_HEAD_RECONCILIATION@a6aa936ba8bf538177e34af60db7e2f0a58f8dfd		PR712@a6aa936ba8bf538177e34af60db7e2f0a58f8dfd		SUPERSEDED	Reviewer C final census @ a6aa936ba8bf538177e34af60db7e2f0a58f8dfd	No direct canonical extraction in this freeze	Lifecycle recommendation only; exact mathematical disposition remains in Reviewer C PR_CENSUS/PASS2_FINAL_REVIEW at the frozen head.
687	PINNED_IN_REVIEW_C_FINAL_HEAD_RECONCILIATION@a6aa936ba8bf538177e34af60db7e2f0a58f8dfd		PR712@a6aa936ba8bf538177e34af60db7e2f0a58f8dfd		SUPERSEDED	Reviewer C final census @ a6aa936ba8bf538177e34af60db7e2f0a58f8dfd	No direct canonical extraction in this freeze	Lifecycle recommendation only; exact mathematical disposition remains in Reviewer C PR_CENSUS/PASS2_FINAL_REVIEW at the frozen head.
688	PINNED_IN_REVIEW_C_FINAL_HEAD_RECONCILIATION@a6aa936ba8bf538177e34af60db7e2f0a58f8dfd		PR712@a6aa936ba8bf538177e34af60db7e2f0a58f8dfd		SUPERSEDED	Reviewer C final census @ a6aa936ba8bf538177e34af60db7e2f0a58f8dfd	No direct canonical extraction in this freeze	Lifecycle recommendation only; exact mathematical disposition remains in Reviewer C PR_CENSUS/PASS2_FINAL_REVIEW at the frozen head.
689	EXACT_HEAD_RESIDENT_IN_RECONCILIATION	1751b5d63d981f1d39e0679a5997a7e32d2f1649	PR712@a6aa936ba8bf538177e34af60db7e2f0a58f8dfd	ARITH.WAVELET.ABEL_MERTENS|REFUTATION.WAVELET.CRITICAL_DESMOOTHING	LIVE_OPEN_GATE	Reviewer C final census @ a6aa936ba8bf538177e34af60db7e2f0a58f8dfd; Reviewer D reconciled claim rows	Extract selected semantic IDs only	Lifecycle recommendation only; exact mathematical disposition remains in Reviewer C PR_CENSUS/PASS2_FINAL_REVIEW at the frozen head.
690	PINNED_IN_REVIEW_C_FINAL_HEAD_RECONCILIATION@a6aa936ba8bf538177e34af60db7e2f0a58f8dfd		PR712@a6aa936ba8bf538177e34af60db7e2f0a58f8dfd		SUPERSEDED	Reviewer C final census @ a6aa936ba8bf538177e34af60db7e2f0a58f8dfd	No direct canonical extraction in this freeze	Lifecycle recommendation only; exact mathematical disposition remains in Reviewer C PR_CENSUS/PASS2_FINAL_REVIEW at the frozen head.
691	EXACT_HEAD_RESIDENT_IN_RECONCILIATION	1de27a2c29e15e2dd94154f174c57bde3909daf7	PR712@a6aa936ba8bf538177e34af60db7e2f0a58f8dfd		LIVE_OPEN_GATE	Reviewer C final census @ a6aa936ba8bf538177e34af60db7e2f0a58f8dfd	No direct canonical extraction in this freeze	Lifecycle recommendation only; exact mathematical disposition remains in Reviewer C PR_CENSUS/PASS2_FINAL_REVIEW at the frozen head.
692	EXACT_HEAD_RESIDENT_IN_RECONCILIATION	50c4862c801b6388a30363c336d275270025eff4	PR712@a6aa936ba8bf538177e34af60db7e2f0a58f8dfd	ARITH.HASSE.WAVELET_REALIZATION	LIVE_OPEN_GATE	Reviewer C final census @ a6aa936ba8bf538177e34af60db7e2f0a58f8dfd; Reviewer D reconciled claim rows	Extract selected semantic IDs only	Lifecycle recommendation only; exact mathematical disposition remains in Reviewer C PR_CENSUS/PASS2_FINAL_REVIEW at the frozen head.
693	PINNED_IN_REVIEW_C_FINAL_HEAD_RECONCILIATION@a6aa936ba8bf538177e34af60db7e2f0a58f8dfd		PR712@a6aa936ba8bf538177e34af60db7e2f0a58f8dfd		SUPERSEDED	Reviewer C final census @ a6aa936ba8bf538177e34af60db7e2f0a58f8dfd	No direct canonical extraction in this freeze	Lifecycle recommendation only; exact mathematical disposition remains in Reviewer C PR_CENSUS/PASS2_FINAL_REVIEW at the frozen head.
694	PINNED_IN_REVIEW_C_FINAL_HEAD_RECONCILIATION@a6aa936ba8bf538177e34af60db7e2f0a58f8dfd		PR712@a6aa936ba8bf538177e34af60db7e2f0a58f8dfd		REFUTED	Reviewer C final census @ a6aa936ba8bf538177e34af60db7e2f0a58f8dfd	No direct canonical extraction in this freeze	Lifecycle recommendation only; exact mathematical disposition remains in Reviewer C PR_CENSUS/PASS2_FINAL_REVIEW at the frozen head.
695	EXACT_HEAD_RESIDENT_IN_RECONCILIATION	5b549abb560e87718f1977d72bf6d3a18165af90	PR712@a6aa936ba8bf538177e34af60db7e2f0a58f8dfd	ARITH.OWNER.DOUBLE_OWNER_COBBOUNDARY	LIVE_OPEN_GATE	Reviewer C final census @ a6aa936ba8bf538177e34af60db7e2f0a58f8dfd; Reviewer D reconciled claim rows	Extract selected semantic IDs only	Lifecycle recommendation only; exact mathematical disposition remains in Reviewer C PR_CENSUS/PASS2_FINAL_REVIEW at the frozen head.
696	EXACT_HEAD_RESIDENT_IN_RECONCILIATION	f4016db548afceb31b150547cb6cd48b4cddb77d	PR712@a6aa936ba8bf538177e34af60db7e2f0a58f8dfd	ARITH.VAUGHAN.LARGE_DIVISOR|ARITH.VAUGHAN.HALF_DIVISOR	LIVE_OPEN_GATE	Reviewer C final census @ a6aa936ba8bf538177e34af60db7e2f0a58f8dfd; Reviewer D reconciled claim rows	Extract selected semantic IDs only	Lifecycle recommendation only; exact mathematical disposition remains in Reviewer C PR_CENSUS/PASS2_FINAL_REVIEW at the frozen head.
697	EXACT_HEAD_RESIDENT_IN_RECONCILIATION	e878c3717cd8124564e5400b2ec5db035e3a4088	PR712@a6aa936ba8bf538177e34af60db7e2f0a58f8dfd	API.PERRON.ABSORPTION	LIVE_OPEN_GATE	Reviewer C final census @ a6aa936ba8bf538177e34af60db7e2f0a58f8dfd; Reviewer D reconciled claim rows	Extract selected semantic IDs only	Lifecycle recommendation only; exact mathematical disposition remains in Reviewer C PR_CENSUS/PASS2_FINAL_REVIEW at the frozen head.
698	EXACT_HEAD_RESIDENT_IN_RECONCILIATION	a10d6a40105142de2708632589c458d7534f556a	PR712@a6aa936ba8bf538177e34af60db7e2f0a58f8dfd	API.CONJUNCTIVE.SPARSITY_ENERGY|API.CONJUNCTIVE.REGIONAL_SCHUR	LIVE_OPEN_GATE	Reviewer C final census @ a6aa936ba8bf538177e34af60db7e2f0a58f8dfd; Reviewer D reconciled claim rows	Extract selected semantic IDs only	Lifecycle recommendation only; exact mathematical disposition remains in Reviewer C PR_CENSUS/PASS2_FINAL_REVIEW at the frozen head.
699	EXACT_HEAD_RESIDENT_IN_RECONCILIATION	f23dd81748562dfa2a73f86aecfb9fcd3e2b32b9	PR712@a6aa936ba8bf538177e34af60db7e2f0a58f8dfd	ARITH.CVXD.CARRIER_PRESERVATION	LIVE_OPEN_GATE	Reviewer C final census @ a6aa936ba8bf538177e34af60db7e2f0a58f8dfd; Reviewer D reconciled claim rows	Extract selected semantic IDs only	Lifecycle recommendation only; exact mathematical disposition remains in Reviewer C PR_CENSUS/PASS2_FINAL_REVIEW at the frozen head.
700	EXACT_HEAD_RESIDENT_IN_RECONCILIATION	18737409b6fa1c0a20096e5939a60cfc933d251c	PR712@a6aa936ba8bf538177e34af60db7e2f0a58f8dfd	ARITH.DICKMAN.FIXED_EXPONENT_INTERVALS	LIVE_OPEN_GATE	Reviewer C final census @ a6aa936ba8bf538177e34af60db7e2f0a58f8dfd; Reviewer D reconciled claim rows	Extract selected semantic IDs only	Lifecycle recommendation only; exact mathematical disposition remains in Reviewer C PR_CENSUS/PASS2_FINAL_REVIEW at the frozen head.
701	PINNED_IN_REVIEW_C_FINAL_HEAD_RECONCILIATION@a6aa936ba8bf538177e34af60db7e2f0a58f8dfd		PR712@a6aa936ba8bf538177e34af60db7e2f0a58f8dfd		SUPERSEDED	Reviewer C final census @ a6aa936ba8bf538177e34af60db7e2f0a58f8dfd	No direct canonical extraction in this freeze	Lifecycle recommendation only; exact mathematical disposition remains in Reviewer C PR_CENSUS/PASS2_FINAL_REVIEW at the frozen head.
702	EXACT_HEAD_RESIDENT_IN_RECONCILIATION	89f995450977c3590aada0c1447a7e6af7fcd9ac	PR712@a6aa936ba8bf538177e34af60db7e2f0a58f8dfd	ARITH.VAUGHAN.HAAR_GRAM_DIAGONAL|OPEN.ARITH.HCNC	LIVE_OPEN_GATE	Reviewer C final census @ a6aa936ba8bf538177e34af60db7e2f0a58f8dfd; Reviewer D reconciled claim rows	Extract selected semantic IDs only	Lifecycle recommendation only; exact mathematical disposition remains in Reviewer C PR_CENSUS/PASS2_FINAL_REVIEW at the frozen head.
703	EXACT_HEAD_RESIDENT_IN_RECONCILIATION	0a46dba5c74e573945e3612937606f6ca735a1d3	PR712@a6aa936ba8bf538177e34af60db7e2f0a58f8dfd	ARITH.STAIRCASE.VECTOR_REDUCTION|OPEN.ARITH.CFBB	LIVE_OPEN_GATE	Reviewer C final census @ a6aa936ba8bf538177e34af60db7e2f0a58f8dfd; Reviewer D reconciled claim rows	Extract selected semantic IDs only	Lifecycle recommendation only; exact mathematical disposition remains in Reviewer C PR_CENSUS/PASS2_FINAL_REVIEW at the frozen head.
704	EXACT_HEAD_RESIDENT_IN_RECONCILIATION	66f755df4321a03874e0da3f61b033300173e364	PR712@a6aa936ba8bf538177e34af60db7e2f0a58f8dfd	API.CONJUNCTIVE.MATCHED_TRANSFER	LIVE_OPEN_GATE	Reviewer C final census @ a6aa936ba8bf538177e34af60db7e2f0a58f8dfd; Reviewer D reconciled claim rows	Extract selected semantic IDs only	Lifecycle recommendation only; exact mathematical disposition remains in Reviewer C PR_CENSUS/PASS2_FINAL_REVIEW at the frozen head.
705	EXACT_HEAD_RESIDENT_IN_RECONCILIATION	027ea8bd5c879a190e9e22620c245a81f7b93b73	PR712@a6aa936ba8bf538177e34af60db7e2f0a58f8dfd	ARITH.XD.OLD_K0_K1_EDGE|ARITH.XD.SAME_K1_TRANSLATION	LIVE_OPEN_GATE	Reviewer C final census @ a6aa936ba8bf538177e34af60db7e2f0a58f8dfd; Reviewer D reconciled claim rows	Extract selected semantic IDs only	Lifecycle recommendation only; exact mathematical disposition remains in Reviewer C PR_CENSUS/PASS2_FINAL_REVIEW at the frozen head.
706	EXACT_HEAD_RESIDENT_IN_RECONCILIATION	44828a27c63bfc57dce12d67e980db33f4d55c3a	PR712@a6aa936ba8bf538177e34af60db7e2f0a58f8dfd	API.CONJUNCTIVE.ROOT_EXCESS|REFUTATION.ROOT_EXCESS_ONLY	LIVE_OPEN_GATE	Reviewer C final census @ a6aa936ba8bf538177e34af60db7e2f0a58f8dfd; Reviewer D reconciled claim rows	Extract selected semantic IDs only	Lifecycle recommendation only; exact mathematical disposition remains in Reviewer C PR_CENSUS/PASS2_FINAL_REVIEW at the frozen head.
707	EXACT_HEAD_RESIDENT_IN_RECONCILIATION	7bf3308d40ac8ed1ba50e404ff6e9c47526d89e4	PR712@a6aa936ba8bf538177e34af60db7e2f0a58f8dfd	ARITH.PHASE.CUBIC_AMPLITUDE|OPEN.ARITH.BPOE	LIVE_OPEN_GATE	Reviewer C final census @ a6aa936ba8bf538177e34af60db7e2f0a58f8dfd; Reviewer D reconciled claim rows	Extract selected semantic IDs only	Lifecycle recommendation only; exact mathematical disposition remains in Reviewer C PR_CENSUS/PASS2_FINAL_REVIEW at the frozen head.
