pr	exact_head_sha	title	family	creation_or_update_scope	reviewer_a_coverage	reviewer_b_coverage	controlling_later_pr	controlling_review	strongest_surviving_result	first_broken_arrow	current_open_gate	lifecycle_recommendation	delta_action	notes
337	36b3bebea80e18f965f304638e2123c4d2363a09	[DESCRIPTIVE] older unintegrated operator dependency	fredholm_nystrom_operator_dependency	older_unintegrated_dependency_or_review_input	PARTIALLY_REPRESENTED	REPRESENTED_BY_B			review/integration record	no exact broken arrow assigned in this breadth pass	not applicable	keep only if independently canonicalized	REPRESENTED_BY_B	
368	023434958a4c115c4d1f7d93ea310716f8bd81ae	[DESCRIPTIVE] older unintegrated Q4/operator dependency	operator_pick_q4_heat	older_unintegrated_dependency_or_review_input	PARTIALLY_REPRESENTED	REPRESENTED_BY_B			finite operator identities and RH-equivalent criteria	no exact broken arrow assigned in this breadth pass	all-order critical Pick/heat/Q4 sign	keep only if independently canonicalized	REPRESENTED_BY_B	
369	0f4cc8afd0dcfeabb3357225cbf6afd8f065a231	[DESCRIPTIVE] August review predecessor A	older_dependency_or_review	older_unintegrated_dependency_or_review_input	NO_NEW_MATHEMATICS	NO_NEW_MATHEMATICS			review/integration/packaging only	not applicable	not applicable	retain only as provenance or archive record	NO_NEW_MATHEMATICS	
370	ad77d151ab2e753595a8b2b9d49ac0ba9e601634	[DESCRIPTIVE] August review predecessor B	older_dependency_or_review	older_unintegrated_dependency_or_review_input	NO_NEW_MATHEMATICS	NO_NEW_MATHEMATICS			review/integration/packaging only	not applicable	not applicable	retain only as provenance or archive record	NO_NEW_MATHEMATICS	
371	fd9292cac2e12e825135b8949b3c3b778f4344d0	[DESCRIPTIVE] August review predecessor C	older_dependency_or_review	older_unintegrated_dependency_or_review_input	NO_NEW_MATHEMATICS	NO_NEW_MATHEMATICS			review/integration/packaging only	not applicable	not applicable	retain only as provenance or archive record	NO_NEW_MATHEMATICS	
372	9b9c2536d89b65cb999ec08e20fce3386383803a	[DESCRIPTIVE] August 11 finite-computation integration record	older_dependency_or_review	older_unintegrated_dependency_or_review_input	NO_NEW_MATHEMATICS	NO_NEW_MATHEMATICS			review/integration/packaging only	not applicable	not applicable	retain only as provenance or archive record	NO_NEW_MATHEMATICS	
373	34fe2037ba33bc61fc1e6ce04c7e74ab7b13e794	[DESCRIPTIVE] Fredholm–Pontryagin and Nyström research packet	fredholm_nystrom_operator_dependency	older_unintegrated_dependency_or_review_input	PARTIALLY_REPRESENTED	REPRESENTED_BY_B			review/integration record	no exact broken arrow assigned in this breadth pass	not applicable	keep only if independently canonicalized	RETAINED_HEAVY_CERTIFICATE	
374		[DESCRIPTIVE] August 11 scientific cutoff integration	older_dependency_or_review	older_unintegrated_dependency_or_review_input	ADMINISTRATIVE_TEST	ADMINISTRATIVE_TEST			no research claim	not applicable	not applicable	retain only as audit/provenance record	ADMINISTRATIVE_TEST	Exact current PR head was not pinned from the frozen connector extract; no SHA was guessed.
375	a3662f62ac0f1a7ec21bca3498938fedcbeeddba	[DESCRIPTIVE] factor-54/native-capacity endpoint proposal	factor54_endpoint_operator_genealogy	post_cutoff_created_or_materially_updated	PARTIALLY_REPRESENTED	PARTIALLY_REPRESENTED			local factor-54 endpoint/capacity/operator lemmas	no exact broken arrow assigned in this breadth pass	native source and endpoint composition	keep only if independently canonicalized	HISTORICAL_FULL_PROPOSAL	
376	0ed0e7de3aa1b81bb832df53d861dd6f27f2db8b	[DESCRIPTIVE] Brownian finite-producer proposal	brownian_bohr	post_cutoff_created_or_materially_updated	PARTIALLY_REPRESENTED	REPRESENTED_BY_B	388	PR #388 Brownian Bohr-instability review	finite Brownian algebra and compact-height diagnostics	finite positive Brownian producers do not survive the selected-prime/vertical-limit Bohr class	a genuinely non-Bohr or phase-sensitive Brownian producer	archive proposal wrapper; retain exact no-go and local algebra	CONTROLLED_BY_LATER_REVIEW	
377		[DESCRIPTIVE] August cutoff correction packet	factor54_endpoint_operator_genealogy	post_cutoff_created_or_materially_updated	ADMINISTRATIVE_TEST	ADMINISTRATIVE_TEST			no research claim	not applicable	not applicable	retain only as audit/provenance record	ADMINISTRATIVE_TEST	Exact current PR head was not pinned from the frozen connector extract; no SHA was guessed.
378		[UNPINNED TITLE] PR #378 — factor54 endpoint operator genealogy	factor54_endpoint_operator_genealogy	post_cutoff_created_or_materially_updated	PARTIALLY_REPRESENTED	PARTIALLY_REPRESENTED			local factor-54 endpoint/capacity/operator lemmas	no exact broken arrow assigned in this breadth pass	native source and endpoint composition	keep only if independently canonicalized	TARGETED_REVIEW_STILL_REQUIRED	Exact current PR head was not pinned from the frozen connector extract; no SHA was guessed. Literal GitHub title not pinned; descriptive family label used.
379		[UNPINNED TITLE] PR #379 — factor54 endpoint operator genealogy	factor54_endpoint_operator_genealogy	post_cutoff_created_or_materially_updated	PARTIALLY_REPRESENTED	PARTIALLY_REPRESENTED			local factor-54 endpoint/capacity/operator lemmas	no exact broken arrow assigned in this breadth pass	native source and endpoint composition	keep only if independently canonicalized	TARGETED_REVIEW_STILL_REQUIRED	Exact current PR head was not pinned from the frozen connector extract; no SHA was guessed. Literal GitHub title not pinned; descriptive family label used.
380		[UNPINNED TITLE] PR #380 — factor54 endpoint operator genealogy	factor54_endpoint_operator_genealogy	post_cutoff_created_or_materially_updated	PARTIALLY_REPRESENTED	PARTIALLY_REPRESENTED			local factor-54 endpoint/capacity/operator lemmas	no exact broken arrow assigned in this breadth pass	native source and endpoint composition	keep only if independently canonicalized	TARGETED_REVIEW_STILL_REQUIRED	Exact current PR head was not pinned from the frozen connector extract; no SHA was guessed. Literal GitHub title not pinned; descriptive family label used.
381		[UNPINNED TITLE] PR #381 — factor54 endpoint operator genealogy	factor54_endpoint_operator_genealogy	post_cutoff_created_or_materially_updated	PARTIALLY_REPRESENTED	PARTIALLY_REPRESENTED			local factor-54 endpoint/capacity/operator lemmas	no exact broken arrow assigned in this breadth pass	native source and endpoint composition	keep only if independently canonicalized	TARGETED_REVIEW_STILL_REQUIRED	Exact current PR head was not pinned from the frozen connector extract; no SHA was guessed. Literal GitHub title not pinned; descriptive family label used.
382		[UNPINNED TITLE] PR #382 — factor54 endpoint operator genealogy	factor54_endpoint_operator_genealogy	post_cutoff_created_or_materially_updated	PARTIALLY_REPRESENTED	PARTIALLY_REPRESENTED			local factor-54 endpoint/capacity/operator lemmas	no exact broken arrow assigned in this breadth pass	native source and endpoint composition	keep only if independently canonicalized	TARGETED_REVIEW_STILL_REQUIRED	Exact current PR head was not pinned from the frozen connector extract; no SHA was guessed. Literal GitHub title not pinned; descriptive family label used.
383	d764be15bd8ea902ad260484eab44d19a9e82175	PIG attack: phase-locked factor-16 source collapses to one finite Möbius renewal packet	q4_pig_fourier_renewal	post_cutoff_created_or_materially_updated	PARTIALLY_REPRESENTED	PARTIALLY_REPRESENTED	386/580/595/597/600/606	Reviewer A cross-review PR #710 plus Reviewer C exact-source follow-up	exact carry Fourier/inverse-Laplacian identity; fine-scale Haar theorem; periodized Jordan-2 square; corrected fourteen-row carry image and Möbius renewal	periodized/fine-scale/renewal structure does not control the fixed-endpoint mean/coarse arithmetic sign; source files also reuse bare numerical IDs	source-specific PIG mean/coarse estimate, later sharpened to UOSACF/balanced signed cancellation	extract path-qualified standalone theorems and corrections; archive any complete-wrapper reading	DELTA_VERIFIED_WITH_FIXES	Cross-review follow-up resolves the omitted standalone mathematics. L-90416, L-90417, L-90426 and L-90427 each collide across distinct files.
384		[UNPINNED TITLE] PR #384 — factor54 endpoint operator genealogy	factor54_endpoint_operator_genealogy	post_cutoff_created_or_materially_updated	PARTIALLY_REPRESENTED	PARTIALLY_REPRESENTED			local factor-54 endpoint/capacity/operator lemmas	no exact broken arrow assigned in this breadth pass	native source and endpoint composition	keep only if independently canonicalized	TARGETED_REVIEW_STILL_REQUIRED	Exact current PR head was not pinned from the frozen connector extract; no SHA was guessed. Literal GitHub title not pinned; descriptive family label used.
385		[UNPINNED TITLE] PR #385 — factor54 endpoint operator genealogy	factor54_endpoint_operator_genealogy	post_cutoff_created_or_materially_updated	PARTIALLY_REPRESENTED	PARTIALLY_REPRESENTED			local factor-54 endpoint/capacity/operator lemmas	no exact broken arrow assigned in this breadth pass	native source and endpoint composition	keep only if independently canonicalized	TARGETED_REVIEW_STILL_REQUIRED	Exact current PR head was not pinned from the frozen connector extract; no SHA was guessed. Literal GitHub title not pinned; descriptive family label used.
386	66e60006bedbababefae22ad8f88f06753139a2b	Q4 advance: PIG is singular Fourier energy and a weighted Goldbach correlation	q4_pig_fourier_goldbach	post_cutoff_created_or_materially_updated	PARTIALLY_REPRESENTED	PARTIALLY_REPRESENTED	580/595/597/600/606	Reviewer A cross-review PR #710 plus Reviewer C exact-source follow-up	exact singular cosine-antiderivative and weighted Goldbach/max-kernel normal forms; exact source-blind ell2 norm-loss counterexample	generic coefficient ell2/Parseval control loses a factor asymptotic to n and cannot close PIG	signed low-frequency/Goldbach estimate for the actual radix-four von-Mangoldt source plus exact-measure transfer	canonicalize the local reduction and no-go; keep PIG/RH gate open	DELTA_VERIFIED_WITH_FIXES	R-90703 is an operator-class no-go, not a counterexample to the actual arithmetic source.
387		[UNPINNED TITLE] PR #387 — factor54 endpoint operator genealogy	factor54_endpoint_operator_genealogy	post_cutoff_created_or_materially_updated	PARTIALLY_REPRESENTED	PARTIALLY_REPRESENTED			local factor-54 endpoint/capacity/operator lemmas	no exact broken arrow assigned in this breadth pass	native source and endpoint composition	keep only if independently canonicalized	TARGETED_REVIEW_STILL_REQUIRED	Exact current PR head was not pinned from the frozen connector extract; no SHA was guessed. Literal GitHub title not pinned; descriptive family label used.
388	ede3f2db2fe0c571964d2e603ba5d91ee463091a	[DESCRIPTIVE] Brownian Bohr-instability controlling review	brownian_bohr	post_cutoff_created_or_materially_updated	PARTIALLY_REPRESENTED	REPRESENTED_BY_B			finite Brownian/Bohr diagnostics	no exact broken arrow assigned in this breadth pass	new producer outside the reviewed Bohr class	keep only if independently canonicalized	REPRESENTED_BY_B	
389		[UNPINNED TITLE] PR #389 — factor54 endpoint operator genealogy	factor54_endpoint_operator_genealogy	post_cutoff_created_or_materially_updated	PARTIALLY_REPRESENTED	PARTIALLY_REPRESENTED			local factor-54 endpoint/capacity/operator lemmas	no exact broken arrow assigned in this breadth pass	native source and endpoint composition	keep only if independently canonicalized	TARGETED_REVIEW_STILL_REQUIRED	Exact current PR head was not pinned from the frozen connector extract; no SHA was guessed. Literal GitHub title not pinned; descriptive family label used.
390	ea20af8867c3119c23efc27738d343aac2f79362	[DESCRIPTIVE] safe-line Pick/Loewner search packet	operator_pick_q4_heat	post_cutoff_created_or_materially_updated	PARTIALLY_REPRESENTED	REPRESENTED_BY_B	393-398,438-446	Reviewer B plus PR #398 and Xi Pick descendants	finite Pick/Loewner identities, safe-line transforms, low-order Xi positivity	safe Jordan/finite packet positivity was promoted to an unjustified all-order critical Pick continuation	all finite packet sizes / RH-equivalent Pick positivity	extract standalone finite theorems; archive complete wrappers	CONTROLLED_BY_LATER_REVIEW	
391		[UNPINNED TITLE] PR #391 — factor54 endpoint operator genealogy	factor54_endpoint_operator_genealogy	post_cutoff_created_or_materially_updated	ADMINISTRATIVE_TEST	ADMINISTRATIVE_TEST			no research claim	not applicable	not applicable	retain only as audit/provenance record	ADMINISTRATIVE_TEST	Exact current PR head was not pinned from the frozen connector extract; no SHA was guessed. Literal GitHub title not pinned; descriptive family label used.
392	d2387cd21eb891a8801fd122bc8d0ddd7c1c0fc4	[DESCRIPTIVE] First-Hermite/heat and Pick packet	operator_pick_q4_heat	post_cutoff_created_or_materially_updated	PARTIALLY_REPRESENTED	REPRESENTED_BY_B	393-398,438-446	Reviewer B plus PR #398 and Xi Pick descendants	finite Pick/Loewner identities, safe-line transforms, low-order Xi positivity	safe Jordan/finite packet positivity was promoted to an unjustified all-order critical Pick continuation	all finite packet sizes / RH-equivalent Pick positivity	extract standalone finite theorems; archive complete wrappers	CONTROLLED_BY_LATER_REVIEW	
393	ec118df8a133a1e4800f292641d42af1ba79f938	completion: safe-line scalars are Hausdorff moments with RH-detecting unit-disc poles	operator_pick_q4_heat	post_cutoff_created_or_materially_updated	PARTIALLY_REPRESENTED	REPRESENTED_BY_B	394-395	Reviewer B; radial-curvature descendants	Hausdorff moment kernels, square-root generator, pole-depth criterion, 3/4 firewall	no broken local arrow; prime-side Pick continuation through the RH-bearing annulus remains unproved	cofinal Pick/Stieltjes positivity to radius one	keep criterion live; extract exact transform theorems	CONTROLLED_BY_LATER_REVIEW	
394	82ee32348b05512514462966bfeb4e2de4ae5ecf	breakthrough: safe-line Pick positivity is radial xi concavity with an exact depth projector	operator_pick_q4_heat	post_cutoff_created_or_materially_updated	PARTIALLY_REPRESENTED	REPRESENTED_BY_B	395	Reviewer B; radial-curvature descendants	radial-curvature Taylor jet, depth projector, hyperbolic Pick block	unweighted centre average counts off-line pairs positively and cannot close RH	radial curvature positivity on 0<t<1/4	keep RH-equivalent criterion; archive average shortcut	CONTROLLED_BY_LATER_REVIEW	
395	7106b3b2e06b8193861851890db12767a03b5df4	advance: high-carrier safe-line Pick geometry is Catalan and crosses the 3/4 wall	operator_pick_q4_heat	post_cutoff_created_or_materially_updated	PARTIALLY_REPRESENTED	REPRESENTED_BY_B		Reviewer C delta; Reviewer B partial coverage	Catalan/Stieltjes background and VK-scale real-ray sign transfer	fixed safe-disc and subcritical growing-order tests are asymptotically RH-blind	fixed annular radius beyond 3/4 with sign	extract standalone asymptotic theorem; keep annular gate live	REPRESENTED_BY_B	
396	a7e140614a2544b320c274acc5c599e5176cea97	theorem: canonical norm exhaustion is equivalent to zero-port absence; arithmetic tangent map remains	operator_pick_q4_heat	post_cutoff_created_or_materially_updated	PARTIALLY_REPRESENTED	REPRESENTED_BY_B		Reviewer C delta; Reviewer B partial coverage	all-Green hierarchy, exact Green-removal density, small/large-scale positivity, critical port dictionary	naive positive-measure continuation crosses deterministic and hyperbolic ports	compact middle density and conservative critical-boundary scattering identity	extract standalone boundary-density theorem; keep exact port gate live	REPRESENTED_BY_B	
397		[UNPINNED TITLE] PR #397 — factor54 endpoint operator genealogy	factor54_endpoint_operator_genealogy	post_cutoff_created_or_materially_updated	PARTIALLY_REPRESENTED	PARTIALLY_REPRESENTED	405/431/436/443/450	successive exact reviews/refutations	independent endpoint, capacity, operator and finite-algebra lemmas identified in claim registry	complete factor-54 wrappers fail at native-root/source/capacity or endpoint-composition arrows	source-faithful native producer with one-use endpoint accounting	archive historical wrappers; retain controlling descendants	TARGETED_REVIEW_STILL_REQUIRED	Exact current PR head was not pinned from the frozen connector extract; no SHA was guessed. Literal GitHub title not pinned; descriptive family label used.
398		[DESCRIPTIVE] safe-Jordan-to-Pick continuation review/refutation	operator_pick_q4_heat	post_cutoff_created_or_materially_updated	PARTIALLY_REPRESENTED	REPRESENTED_BY_B	405/431/436/443/450	successive exact reviews/refutations	independent endpoint, capacity, operator and finite-algebra lemmas identified in claim registry	complete factor-54 wrappers fail at native-root/source/capacity or endpoint-composition arrows	source-faithful native producer with one-use endpoint accounting	archive historical wrappers; retain controlling descendants	TARGETED_REVIEW_STILL_REQUIRED	Exact current PR head was not pinned from the frozen connector extract; no SHA was guessed.
399	9deddaa92c1b709b052e0994bd9a6dc0bb307366	research: terminal P79 and positive-kernel recursion close; one-prime arithmetic splice remains	factor54_endpoint_operator_genealogy	post_cutoff_created_or_materially_updated; exact current PR metadata recovered in Reviewer C pass one	PARTIALLY_REPRESENTED	PARTIALLY_REPRESENTED	405/431/436	pass-one genealogy and listed exact review/refutation	independent endpoint, capacity, operator and finite-algebra lemmas identified in claim registry	completed rough cascade/source partition and later causal Hall/source typing fail	LRPT/SFFEP source-labelled native common parent	ARCHIVE_FULL_WRAPPER; KEEP_INDEPENDENT_LOCAL_RESULTS	HISTORICAL_FULL_PROPOSAL	Exact current PR head and title recovered from the live PR metadata in pass one. Literal GitHub title recovered in pass one. Pass-one disposition is genealogical/breadth review; exact theorem-level adjudication remains with A/B or a named controlling review.
400	7dc9fec9eb5fab4ee9340ddbc5a52e36a6ab617e	correction/advance: Suzuki closes the amplitude embedding; the RH gate is first-chaos model-space domination	suzuki_hardy_first_chaos	post_cutoff_created_or_materially_updated; exact current PR metadata recovered in Reviewer C pass one	PARTIALLY_REPRESENTED	PARTIALLY_REPRESENTED	405/431/436/443/450	successive exact reviews/refutations	exact local source, Hardy/Clark, annular, delay, entropy, bridge, or spectral-type reductions retained at their stated finite/conditional scope	positive source-side or safe-side structure is not identified with the complete critical/stable model output	source-ordered completed source-to-model domination/exhaustion, generally RH-equivalent	KEEP_LOCAL_THEOREMS; ARCHIVE_ANY_COMPLETE_WRAPPER	DELTA_CONDITIONAL	Pass-one genealogy review used exact live PR metadata and the stated theorem boundary. This is not a fresh line-by-line adjudication of every analytic lemma. Pass-one disposition is genealogical/breadth review; exact theorem-level adjudication remains with A/B or a named controlling review.
401	82fe81e52d8c221c8649376d759aa8d0ee64c0c7	radical: Xi Pick positivity as a Brownian–theta passive network	brownian_theta_pick	post_cutoff_created_or_materially_updated; exact current PR metadata recovered in Reviewer C pass one	PARTIALLY_REPRESENTED	PARTIALLY_REPRESENTED	405/431/436/443/450	successive exact reviews/refutations	exact local source, Hardy/Clark, annular, delay, entropy, bridge, or spectral-type reductions retained at their stated finite/conditional scope	positive source-side or safe-side structure is not identified with the complete critical/stable model output	source-ordered completed source-to-model domination/exhaustion, generally RH-equivalent	KEEP_LOCAL_THEOREMS; ARCHIVE_ANY_COMPLETE_WRAPPER	DELTA_CONDITIONAL	Pass-one genealogy review used exact live PR metadata and the stated theorem boundary. This is not a fresh line-by-line adjudication of every analytic lemma. Pass-one disposition is genealogical/breadth review; exact theorem-level adjudication remains with A/B or a named controlling review.
402	f5e8be06dfed171baca362316a24b1ce017ad235	correction: factor-four renewal energy is exactly an innerness test	suzuki_innerness	post_cutoff_created_or_materially_updated; exact current PR metadata recovered in Reviewer C pass one	PARTIALLY_REPRESENTED	PARTIALLY_REPRESENTED	405/431/436/443/450	successive exact reviews/refutations	exact local source, Hardy/Clark, annular, delay, entropy, bridge, or spectral-type reductions retained at their stated finite/conditional scope	positive source-side or safe-side structure is not identified with the complete critical/stable model output	source-ordered completed source-to-model domination/exhaustion, generally RH-equivalent	KEEP_LOCAL_THEOREMS; ARCHIVE_ANY_COMPLETE_WRAPPER	DELTA_CONDITIONAL	Pass-one genealogy review used exact live PR metadata and the stated theorem boundary. This is not a fresh line-by-line adjudication of every analytic lemma. Pass-one disposition is genealogical/breadth review; exact theorem-level adjudication remains with A/B or a named controlling review.
403	885716b9cf97c7c4deea3b4590b99e5faf13bc1f	full proposal + reduction: one-charge infravacuum positive-energy completion	suzuki_hardy_source_to_model	post_cutoff_created_or_materially_updated; exact current PR metadata recovered in Reviewer C pass one	PARTIALLY_REPRESENTED	PARTIALLY_REPRESENTED	408/411/412/413/414/418-430	later source-to-model reductions and firewalls	common kernel congruences, one-node detector reduction, and explicit source decompositions	explicit arithmetic source identification and one-node/source-to-model exhaustion were not constructed	ONAE/OVOT/AOT or later equivalent source-to-model kernel lock	ARCHIVE_WRAPPER; KEEP_LOCAL_REDUCTIONS	HISTORICAL_FULL_PROPOSAL	Exact current PR head and title recovered from the live PR metadata in pass one. Literal GitHub title recovered in pass one. Pass-one disposition is genealogical/breadth review; exact theorem-level adjudication remains with A/B or a named controlling review.
404	ab71aa1fe0b1fd192011bbf40f032d2f42889ea0	correction + advance: prime and Fisher Hardy colligations are explicit; the common renormalized source map remains	suzuki_hardy_source_to_model	post_cutoff_created_or_materially_updated; exact current PR metadata recovered in Reviewer C pass one	PARTIALLY_REPRESENTED	PARTIALLY_REPRESENTED	405/431/436/443/450	successive exact reviews/refutations	independent endpoint, capacity, operator and finite-algebra lemmas identified in claim registry	complete factor-54 wrappers fail at native-root/source/capacity or endpoint-composition arrows	source-faithful native producer with one-use endpoint accounting	archive historical wrappers; retain controlling descendants	CONTROLLED_BY_LATER_REFUTATION	Literal GitHub title recovered in pass one. Pass-one disposition is genealogical/breadth review; exact theorem-level adjudication remains with A/B or a named controlling review.
405	97d40e6574ba54d827fd361c70d550eeb60c9faf	review: PR #399 factor-54 full proof proposal	factor54_endpoint_operator_genealogy	post_cutoff_created_or_materially_updated; exact current PR metadata recovered in Reviewer C pass one	PARTIALLY_REPRESENTED	PARTIALLY_REPRESENTED	405	successive exact reviews/refutations	review-level exact counterexamples, scope repairs, and frozen-head provenance	two-factor SHARP preservation fails: wN(s)N(r) differs from wM(s)M(r)	use the first open arrow stated by the controlling review	KEEP_AS_CONTROLLING_REVIEW	CONTROLLED_BY_LATER_REVIEW	Exact current PR head and title recovered from the live PR metadata in pass one. Pass-one disposition is genealogical/breadth review; exact theorem-level adjudication remains with A/B or a named controlling review.
406	b59e6fdbc8ac84231ad697c02687f199e83fb1b4	Accidental connector test — closed	factor54_endpoint_operator_genealogy	post_cutoff_created_or_materially_updated; exact current PR metadata recovered in Reviewer C pass one	ADMINISTRATIVE_TEST	ADMINISTRATIVE_TEST	405/431/436/443/450	successive exact reviews/refutations	none	not applicable	not applicable	EXCLUDE_FROM_SCIENTIFIC_CENSUS	ADMINISTRATIVE_TEST	Exact current PR head and title recovered from the live PR metadata in pass one. Pass-one disposition is genealogical/breadth review; exact theorem-level adjudication remains with A/B or a named controlling review.
407	bf17e32c53724267ffc536073e586c1e9059d2d0	withdrawn full-proof claim + retained hostile audit: parallel least-prime partition was not proved	factor54_endpoint_operator_genealogy	post_cutoff_created_or_materially_updated; exact current PR metadata recovered in Reviewer C pass one	PARTIALLY_REPRESENTED	PARTIALLY_REPRESENTED	405/407/415/439	withdrawal on the source branch plus exact overdraw/noncomposition audits	exact two-state noncomposition firewall	parallel least-prime child formulas were never proved to be one source partition	source-labelled all-generation capacity splice	ARCHIVE_WITHDRAWN_WRAPPER; KEEP_REFUTATION	CONTROLLED_BY_LATER_REFUTATION	Exact current PR head and title recovered from the live PR metadata in pass one. Literal GitHub title recovered in pass one. Pass-one disposition is genealogical/breadth review; exact theorem-level adjudication remains with A/B or a named controlling review.
408	ea3948ea21d90b9c9824874c5051dcc76e216a5b	breakthrough: plastic-cutoff Julia absorption and three-front exhaustion attack	suzuki_hardy_source_to_model	post_cutoff_created_or_materially_updated; exact current PR metadata recovered in Reviewer C pass one	PARTIALLY_REPRESENTED	REPRESENTED_BY_B	405/431/436/443/450	successive exact reviews/refutations	exact local source, Hardy/Clark, annular, delay, entropy, bridge, or spectral-type reductions retained at their stated finite/conditional scope	positive source-side or safe-side structure is not identified with the complete critical/stable model output	source-ordered completed source-to-model domination/exhaustion, generally RH-equivalent	KEEP_LOCAL_THEOREMS; ARCHIVE_ANY_COMPLETE_WRAPPER	DELTA_CONDITIONAL	Pass-one genealogy review used exact live PR metadata and the stated theorem boundary. This is not a fresh line-by-line adjudication of every analytic lemma. Pass-one disposition is genealogical/breadth review; exact theorem-level adjudication remains with A/B or a named controlling review.
409	709a20509cbff9fb19dc094c9bbf05f13d74c628	harden Brownian route: Stein current aligns with Beta–Jacobi; endpoint port has sharp (2,2) completion	brownian_theta_pick	post_cutoff_created_or_materially_updated; exact current PR metadata recovered in Reviewer C pass one	PARTIALLY_REPRESENTED	PARTIALLY_REPRESENTED	405/431/436/443/450	successive exact reviews/refutations	exact local source, Hardy/Clark, annular, delay, entropy, bridge, or spectral-type reductions retained at their stated finite/conditional scope	positive source-side or safe-side structure is not identified with the complete critical/stable model output	source-ordered completed source-to-model domination/exhaustion, generally RH-equivalent	KEEP_LOCAL_THEOREMS; ARCHIVE_ANY_COMPLETE_WRAPPER	DELTA_CONDITIONAL	Pass-one genealogy review used exact live PR metadata and the stated theorem boundary. This is not a fresh line-by-line adjudication of every analytic lemma. Pass-one disposition is genealogical/breadth review; exact theorem-level adjudication remains with A/B or a named controlling review.
410	5e0c23dcbd68f2decf79da43642dc3c077a48bb4	harden quasi-Lévy route: root-lock is unique and cannot propagate pointwise down the dyadic recurrence	quasi_levy_hardy	post_cutoff_created_or_materially_updated; exact current PR metadata recovered in Reviewer C pass one	PARTIALLY_REPRESENTED	PARTIALLY_REPRESENTED	405/431/436/443/450	successive exact reviews/refutations	exact local source, Hardy/Clark, annular, delay, entropy, bridge, or spectral-type reductions retained at their stated finite/conditional scope	positive source-side or safe-side structure is not identified with the complete critical/stable model output	source-ordered completed source-to-model domination/exhaustion, generally RH-equivalent	KEEP_LOCAL_THEOREMS; ARCHIVE_ANY_COMPLETE_WRAPPER	DELTA_CONDITIONAL	Pass-one genealogy review used exact live PR metadata and the stated theorem boundary. This is not a fresh line-by-line adjudication of every analytic lemma. Pass-one disposition is genealogical/breadth review; exact theorem-level adjudication remains with A/B or a named controlling review.
411	cc097bbe1a0ce6d13bd97ee3951d13762cb632d2	advance: gamma-ladder and compensated Green completion isolate the CPPD gate	suzuki_hardy_source_to_model	post_cutoff_created_or_materially_updated; exact current PR metadata recovered in Reviewer C pass one	PARTIALLY_REPRESENTED	PARTIALLY_REPRESENTED	405/431/436/443/450	successive exact reviews/refutations	exact local source, Hardy/Clark, annular, delay, entropy, bridge, or spectral-type reductions retained at their stated finite/conditional scope	positive source-side or safe-side structure is not identified with the complete critical/stable model output	source-ordered completed source-to-model domination/exhaustion, generally RH-equivalent	KEEP_LOCAL_THEOREMS; ARCHIVE_ANY_COMPLETE_WRAPPER	DELTA_CONDITIONAL	Pass-one genealogy review used exact live PR metadata and the stated theorem boundary. This is not a fresh line-by-line adjudication of every analytic lemma. Pass-one disposition is genealogical/breadth review; exact theorem-level adjudication remains with A/B or a named controlling review.
412	f848f3cd2fb7ca6e46dbab5a053a8e51fc97729a	advance: Hadamard parity rotation turns CPPD into one domain-wall Cayley transfer	suzuki_hardy_source_to_model	post_cutoff_created_or_materially_updated; exact current PR metadata recovered in Reviewer C pass one	PARTIALLY_REPRESENTED	PARTIALLY_REPRESENTED	405/431/436/443/450	successive exact reviews/refutations	exact local source, Hardy/Clark, annular, delay, entropy, bridge, or spectral-type reductions retained at their stated finite/conditional scope	positive source-side or safe-side structure is not identified with the complete critical/stable model output	source-ordered completed source-to-model domination/exhaustion, generally RH-equivalent	KEEP_LOCAL_THEOREMS; ARCHIVE_ANY_COMPLETE_WRAPPER	DELTA_CONDITIONAL	Pass-one genealogy review used exact live PR metadata and the stated theorem boundary. This is not a fresh line-by-line adjudication of every analytic lemma. Pass-one disposition is genealogical/breadth review; exact theorem-level adjudication remains with A/B or a named controlling review.
413	3ba7021d4ed2aa0f42e42917114be06510919bac	advance: one fixed Cauchy node turns crossed zeros into a dyadic annular exhaustion problem	suzuki_hardy_source_to_model	post_cutoff_created_or_materially_updated; exact current PR metadata recovered in Reviewer C pass one	PARTIALLY_REPRESENTED	PARTIALLY_REPRESENTED	405/431/436/443/450	successive exact reviews/refutations	exact local source, Hardy/Clark, annular, delay, entropy, bridge, or spectral-type reductions retained at their stated finite/conditional scope	positive source-side or safe-side structure is not identified with the complete critical/stable model output	source-ordered completed source-to-model domination/exhaustion, generally RH-equivalent	KEEP_LOCAL_THEOREMS; ARCHIVE_ANY_COMPLETE_WRAPPER	DELTA_CONDITIONAL	Pass-one genealogy review used exact live PR metadata and the stated theorem boundary. This is not a fresh line-by-line adjudication of every analytic lemma. Pass-one disposition is genealogical/breadth review; exact theorem-level adjudication remains with A/B or a named controlling review.
414	0fe80e32781e109aee1882f2a069dbb2e3787f7e	advance: eta pairing localizes the global pole bridge to one dyadic zero	suzuki_hardy_source_to_model	post_cutoff_created_or_materially_updated; exact current PR metadata recovered in Reviewer C pass one	PARTIALLY_REPRESENTED	PARTIALLY_REPRESENTED	405/431/436/443/450	successive exact reviews/refutations	exact local source, Hardy/Clark, annular, delay, entropy, bridge, or spectral-type reductions retained at their stated finite/conditional scope	positive source-side or safe-side structure is not identified with the complete critical/stable model output	source-ordered completed source-to-model domination/exhaustion, generally RH-equivalent	KEEP_LOCAL_THEOREMS; ARCHIVE_ANY_COMPLETE_WRAPPER	DELTA_CONDITIONAL	Pass-one genealogy review used exact live PR metadata and the stated theorem boundary. This is not a fresh line-by-line adjudication of every analytic lemma. Pass-one disposition is genealogical/breadth review; exact theorem-level adjudication remains with A/B or a named controlling review.
415	9bac15fed27af5730da9fb6bd27538a65032f639	hostile hardening: exact target/score cone firewall for the factor-54 source typing	factor54_endpoint_operator_genealogy	post_cutoff_created_or_materially_updated; exact current PR metadata recovered in Reviewer C pass one	PARTIALLY_REPRESENTED	PARTIALLY_REPRESENTED	405/431/436/443/450	successive exact reviews/refutations	exact target/score cone firewall and two-ray coordinate description	one common positive kernel measure cannot in general be exact in target and score simultaneously	score-exact/target-subordinate source typing with all-generation capacity	CANONICAL_REFUTATION	DELTA_VERIFIED_WITH_FIXES	Exact current PR head and title recovered from the live PR metadata in pass one. Literal GitHub title recovered in pass one. Pass-one disposition is genealogical/breadth review; exact theorem-level adjudication remains with A/B or a named controlling review.
416	23aa9adc48a6c3176b799944dfbac11e665407ef	advance factor-54 route: target-exact survival–hazard telescope and positive one-prime row recurrence	factor54_endpoint_operator_genealogy	post_cutoff_created_or_materially_updated; exact current PR metadata recovered in Reviewer C pass one	PARTIALLY_REPRESENTED	PARTIALLY_REPRESENTED	439	R-91310 binary-return target-overdraw counterexample and two-ledger rigidity	one-prime channel identities and target/score parameter corridors, after removing false global target conservation	advertised positive survival-plus-hazard map overdraws target	measure-valued source splitting and literal packet typing	ARCHIVE_FALSE_RETURN; KEEP_LOCAL_IDENTITIES	CONTROLLED_BY_LATER_REFUTATION	Exact current PR head and title recovered from the live PR metadata in pass one. Literal GitHub title recovered in pass one. Pass-one disposition is genealogical/breadth review; exact theorem-level adjudication remains with A/B or a named controlling review.
417		[NO REMOTE PR OBJECT] sequence number #417	factor54_endpoint_operator_genealogy	post_cutoff_created_or_materially_updated	PARTIALLY_REPRESENTED	PARTIALLY_REPRESENTED	405/431/436/443/450	successive exact reviews/refutations	none: no pull-request object exists at this sequence number	not applicable	not applicable	REMOVE_PLACEHOLDER_FROM_RESEARCH_CENSUS	NO_NEW_MATHEMATICS	Current repository PR metadata contains no pull request #417. Treat as a census placeholder, not an unresolved research PR. Pass-one disposition is genealogical/breadth review; exact theorem-level adjudication remains with A/B or a named controlling review.
418	de0329a0004dc6954c8de4cb12179197d25533b9	advance: safe prime parity is an explicit Clark–Redheffer impedance	suzuki_hardy_source_to_model	post_cutoff_created_or_materially_updated; exact current PR metadata recovered in Reviewer C pass one	PARTIALLY_REPRESENTED	PARTIALLY_REPRESENTED	405/431/436/443/450	successive exact reviews/refutations	exact local source, Hardy/Clark, annular, delay, entropy, bridge, or spectral-type reductions retained at their stated finite/conditional scope	positive source-side or safe-side structure is not identified with the complete critical/stable model output	source-ordered completed source-to-model domination/exhaustion, generally RH-equivalent	KEEP_LOCAL_THEOREMS; ARCHIVE_ANY_COMPLETE_WRAPPER	DELTA_CONDITIONAL	Pass-one genealogy review used exact live PR metadata and the stated theorem boundary. This is not a fresh line-by-line adjudication of every analytic lemma. Pass-one disposition is genealogical/breadth review; exact theorem-level adjudication remains with A/B or a named controlling review.
419	1bba24ab1cadc7ca4529d6e345ed2be1afd71b07	advance: logarithmic Green mass linearizes the one-node annular telescope	suzuki_hardy_source_to_model	post_cutoff_created_or_materially_updated; exact current PR metadata recovered in Reviewer C pass one	PARTIALLY_REPRESENTED	PARTIALLY_REPRESENTED	405/431/436/443/450	successive exact reviews/refutations	exact local source, Hardy/Clark, annular, delay, entropy, bridge, or spectral-type reductions retained at their stated finite/conditional scope	positive source-side or safe-side structure is not identified with the complete critical/stable model output	source-ordered completed source-to-model domination/exhaustion, generally RH-equivalent	KEEP_LOCAL_THEOREMS; ARCHIVE_ANY_COMPLETE_WRAPPER	DELTA_CONDITIONAL	Pass-one genealogy review used exact live PR metadata and the stated theorem boundary. This is not a fresh line-by-line adjudication of every analytic lemma. Pass-one disposition is genealogical/breadth review; exact theorem-level adjudication remains with A/B or a named controlling review.
420	c978fc2c0f52f67800a0542a962e49c6110a5b8f	advance: the global dyadic zero and gamma pole form one compact covariant bridge	suzuki_hardy_source_to_model	post_cutoff_created_or_materially_updated; exact current PR metadata recovered in Reviewer C pass one	PARTIALLY_REPRESENTED	PARTIALLY_REPRESENTED	405/431/436/443/450	successive exact reviews/refutations	exact local source, Hardy/Clark, annular, delay, entropy, bridge, or spectral-type reductions retained at their stated finite/conditional scope	positive source-side or safe-side structure is not identified with the complete critical/stable model output	source-ordered completed source-to-model domination/exhaustion, generally RH-equivalent	KEEP_LOCAL_THEOREMS; ARCHIVE_ANY_COMPLETE_WRAPPER	DELTA_CONDITIONAL	Pass-one genealogy review used exact live PR metadata and the stated theorem boundary. This is not a fresh line-by-line adjudication of every analytic lemma. Pass-one disposition is genealogical/breadth review; exact theorem-level adjudication remains with A/B or a named controlling review.
421	0f34ba29bc9ac5ce5f1127aaaeba370c4455ebdc	advance: logarithmic Clark entropy linearizes the safe prime Redheffer cascade	suzuki_hardy_source_to_model	post_cutoff_created_or_materially_updated; exact current PR metadata recovered in Reviewer C pass one	PARTIALLY_REPRESENTED	PARTIALLY_REPRESENTED	405/431/436/443/450	successive exact reviews/refutations	exact local source, Hardy/Clark, annular, delay, entropy, bridge, or spectral-type reductions retained at their stated finite/conditional scope	positive source-side or safe-side structure is not identified with the complete critical/stable model output	source-ordered completed source-to-model domination/exhaustion, generally RH-equivalent	KEEP_LOCAL_THEOREMS; ARCHIVE_ANY_COMPLETE_WRAPPER	DELTA_CONDITIONAL	Pass-one genealogy review used exact live PR metadata and the stated theorem boundary. This is not a fresh line-by-line adjudication of every analytic lemma. Pass-one disposition is genealogical/breadth review; exact theorem-level adjudication remains with A/B or a named controlling review.
422	4619269090043f0baef2aa13f5cc1184eed85ee2	advance: annular crossed-zero mass is exact Clark entropy with quantitative moats	suzuki_hardy_source_to_model	post_cutoff_created_or_materially_updated; exact current PR metadata recovered in Reviewer C pass one	PARTIALLY_REPRESENTED	PARTIALLY_REPRESENTED	405/431/436/443/450	successive exact reviews/refutations	exact local source, Hardy/Clark, annular, delay, entropy, bridge, or spectral-type reductions retained at their stated finite/conditional scope	positive source-side or safe-side structure is not identified with the complete critical/stable model output	source-ordered completed source-to-model domination/exhaustion, generally RH-equivalent	KEEP_LOCAL_THEOREMS; ARCHIVE_ANY_COMPLETE_WRAPPER	DELTA_CONDITIONAL	Pass-one genealogy review used exact live PR metadata and the stated theorem boundary. This is not a fresh line-by-line adjudication of every analytic lemma. Pass-one disposition is genealogical/breadth review; exact theorem-level adjudication remains with A/B or a named controlling review.
423	03a057c7bc18080bf89afaa436abf839d6d1c17f	advance: paired eta tail has a full-carrier weighted Julia completion	suzuki_hardy_source_to_model	post_cutoff_created_or_materially_updated; exact current PR metadata recovered in Reviewer C pass one	PARTIALLY_REPRESENTED	PARTIALLY_REPRESENTED	405/431/436/443/450	successive exact reviews/refutations	exact local source, Hardy/Clark, annular, delay, entropy, bridge, or spectral-type reductions retained at their stated finite/conditional scope	positive source-side or safe-side structure is not identified with the complete critical/stable model output	source-ordered completed source-to-model domination/exhaustion, generally RH-equivalent	KEEP_LOCAL_THEOREMS; ARCHIVE_ANY_COMPLETE_WRAPPER	DELTA_CONDITIONAL	Pass-one genealogy review used exact live PR metadata and the stated theorem boundary. This is not a fresh line-by-line adjudication of every analytic lemma. Pass-one disposition is genealogical/breadth review; exact theorem-level adjudication remains with A/B or a named controlling review.
424	2bd4625bb2e3cf41318be5b22f6f8e8d0827fef1	factor-54 hardening: entropy dual, one-use parent closure, and direct detail repair	factor54_endpoint_operator_genealogy	post_cutoff_created_or_materially_updated; exact current PR metadata recovered in Reviewer C pass one	PARTIALLY_REPRESENTED	PARTIALLY_REPRESENTED	433/436/439/443	affine-lift, score, target-overdraw, and provenance-ledger reviews	nested same-index detail replacement, finite terminal debt, and exact native one-step identities	affine child composition and later positive binary return do not preserve the literal native packet	LRPT/SFFEP atomwise source-labelled root allocation	ARCHIVE_CANDIDATE_WRAPPER; KEEP_REPAIRS	CONTROLLED_BY_LATER_REVIEW	Exact current PR head and title recovered from the live PR metadata in pass one. Literal GitHub title recovered in pass one. Pass-one disposition is genealogical/breadth review; exact theorem-level adjudication remains with A/B or a named controlling review.
425	d2b2c3eb336f9d9da6d35c34079b803968b52bf8	advance: the safe prime Clark source is an exact dyadic martingale	suzuki_hardy_source_to_model	post_cutoff_created_or_materially_updated; exact current PR metadata recovered in Reviewer C pass one	PARTIALLY_REPRESENTED	PARTIALLY_REPRESENTED	405/431/436/443/450	successive exact reviews/refutations	exact local source, Hardy/Clark, annular, delay, entropy, bridge, or spectral-type reductions retained at their stated finite/conditional scope	positive source-side or safe-side structure is not identified with the complete critical/stable model output	source-ordered completed source-to-model domination/exhaustion, generally RH-equivalent	KEEP_LOCAL_THEOREMS; ARCHIVE_ANY_COMPLETE_WRAPPER	DELTA_CONDITIONAL	Pass-one genealogy review used exact live PR metadata and the stated theorem boundary. This is not a fresh line-by-line adjudication of every analytic lemma. Pass-one disposition is genealogical/breadth review; exact theorem-level adjudication remains with A/B or a named controlling review.
426	64bd5070bd7b948f7c925ec48b739b9cb86c99ac	advance: moving Cauchy nodes sharpen every crossed-zero entropy moat to 1/Y	suzuki_hardy_source_to_model	post_cutoff_created_or_materially_updated; exact current PR metadata recovered in Reviewer C pass one	PARTIALLY_REPRESENTED	PARTIALLY_REPRESENTED	405/431/436/443/450	successive exact reviews/refutations	exact local source, Hardy/Clark, annular, delay, entropy, bridge, or spectral-type reductions retained at their stated finite/conditional scope	positive source-side or safe-side structure is not identified with the complete critical/stable model output	source-ordered completed source-to-model domination/exhaustion, generally RH-equivalent	KEEP_LOCAL_THEOREMS; ARCHIVE_ANY_COMPLETE_WRAPPER	DELTA_CONDITIONAL	Pass-one genealogy review used exact live PR metadata and the stated theorem boundary. This is not a fresh line-by-line adjudication of every analytic lemma. Pass-one disposition is genealogical/breadth review; exact theorem-level adjudication remains with A/B or a named controlling review.
427	e4cba612839efb7296c1664f173e924f9e252bbf	advance: eta, compact bridge, and gamma form one completed arithmetic Julia cascade	suzuki_hardy_source_to_model	post_cutoff_created_or_materially_updated; exact current PR metadata recovered in Reviewer C pass one	PARTIALLY_REPRESENTED	REPRESENTED_BY_B	405/431/436/443/450	successive exact reviews/refutations	independent endpoint, capacity, operator and finite-algebra lemmas identified in claim registry	complete factor-54 wrappers fail at native-root/source/capacity or endpoint-composition arrows	source-faithful native producer with one-use endpoint accounting	archive historical wrappers; retain controlling descendants	CONTROLLED_BY_LATER_REFUTATION	Literal GitHub title recovered in pass one. Pass-one disposition is genealogical/breadth review; exact theorem-level adjudication remains with A/B or a named controlling review.
428	76d849e3210fac73af2f6bf2eded91b29659a313	synthesis: the final source-to-model map is one positive kernel lock with an o(1/Y^2) diagonal target	suzuki_hardy_source_to_model	post_cutoff_created_or_materially_updated; exact current PR metadata recovered in Reviewer C pass one	PARTIALLY_REPRESENTED	PARTIALLY_REPRESENTED	405/431/436/443/450	successive exact reviews/refutations	exact local source, Hardy/Clark, annular, delay, entropy, bridge, or spectral-type reductions retained at their stated finite/conditional scope	positive source-side or safe-side structure is not identified with the complete critical/stable model output	source-ordered completed source-to-model domination/exhaustion, generally RH-equivalent	KEEP_LOCAL_THEOREMS; ARCHIVE_ANY_COMPLETE_WRAPPER	DELTA_CONDITIONAL	Pass-one genealogy review used exact live PR metadata and the stated theorem boundary. This is not a fresh line-by-line adjudication of every analytic lemma. Pass-one disposition is genealogical/breadth review; exact theorem-level adjudication remains with A/B or a named controlling review.
429	56294bfcd2bdbce4c40b08f67cb996a39868f563	advance: close delayed Hardy geometry, correct the Fisher/colligation routes, and isolate the critical Pick kernel	suzuki_hardy_source_to_model	post_cutoff_created_or_materially_updated; exact current PR metadata recovered in Reviewer C pass one	PARTIALLY_REPRESENTED	REPRESENTED_BY_B	405/431/436/443/450	successive exact reviews/refutations	exact local source, Hardy/Clark, annular, delay, entropy, bridge, or spectral-type reductions retained at their stated finite/conditional scope	positive source-side or safe-side structure is not identified with the complete critical/stable model output	source-ordered completed source-to-model domination/exhaustion, generally RH-equivalent	KEEP_LOCAL_THEOREMS; ARCHIVE_ANY_COMPLETE_WRAPPER	DELTA_CONDITIONAL	Pass-one genealogy review used exact live PR metadata and the stated theorem boundary. This is not a fresh line-by-line adjudication of every analytic lemma. Pass-one disposition is genealogical/breadth review; exact theorem-level adjudication remains with A/B or a named controlling review.
430	cedf2f5b43c99d6e6f9a760236432b123dd91770	radical reset: diffuse radial source cannot feed atomic off-line zero depths	suzuki_hardy_source_to_model	post_cutoff_created_or_materially_updated; exact current PR metadata recovered in Reviewer C pass one	PARTIALLY_REPRESENTED	REPRESENTED_BY_B	405/431/436/443/450	successive exact reviews/refutations	exact local source, Hardy/Clark, annular, delay, entropy, bridge, or spectral-type reductions retained at their stated finite/conditional scope	positive source-side or safe-side structure is not identified with the complete critical/stable model output	source-ordered completed source-to-model domination/exhaustion, generally RH-equivalent	KEEP_LOCAL_THEOREMS; ARCHIVE_ANY_COMPLETE_WRAPPER	DELTA_CONDITIONAL	Pass-one genealogy review used exact live PR metadata and the stated theorem boundary. This is not a fresh line-by-line adjudication of every analytic lemma. Pass-one disposition is genealogical/breadth review; exact theorem-level adjudication remains with A/B or a named controlling review.
431	78a622e32ef36e587099bb95cb791461b75d26bf	review: PR #399 direct-Euler factor-54 proof reconstruction	factor54_endpoint_operator_genealogy	post_cutoff_created_or_materially_updated; exact current PR metadata recovered in Reviewer C pass one	PARTIALLY_REPRESENTED	PARTIALLY_REPRESENTED	431/436	successive exact reviews/refutations	review-level exact counterexamples, scope repairs, and frozen-head provenance	L-91350.2 drops parent support cutoff; hidden hazard child and signed-loss normalization remain untyped	use the first open arrow stated by the controlling review	KEEP_AS_CONTROLLING_REVIEW	CONTROLLED_BY_LATER_REVIEW	Exact current PR head and title recovered from the live PR metadata in pass one. Pass-one disposition is genealogical/breadth review; exact theorem-level adjudication remains with A/B or a named controlling review.
432	0e9f9b54ed2bccbdd1d0957095a61ec2e7e32c56	close P61 inherited-row gate for every rough prime	factor54_endpoint_operator_genealogy	post_cutoff_created_or_materially_updated; exact current PR metadata recovered in Reviewer C pass one	PARTIALLY_REPRESENTED	PARTIALLY_REPRESENTED	405/431/436/443/450	successive exact reviews/refutations	strict inherited P61 component-row positivity for every p>=67 and terminal y<67	no failure assigned to the retained local statement; the advertised global composition stops at the stated open gate	simultaneous positive source/target/score/full-row realization	KEEP_STANDALONE_LOCAL_RESULTS; DO_NOT_PROMOTE_WRAPPER	DELTA_VERIFIED_WITH_FIXES	Exact current PR head and title recovered from the live PR metadata in pass one. Literal GitHub title recovered in pass one. Pass-one disposition is genealogical/breadth review; exact theorem-level adjudication remains with A/B or a named controlling review.
433	0aab3a209c5368f93d409f3a1842304098550387	repair factor-54 closure: actual entropy and same-index child lift	factor54_endpoint_operator_genealogy	post_cutoff_created_or_materially_updated; exact current PR metadata recovered in Reviewer C pass one	PARTIALLY_REPRESENTED	PARTIALLY_REPRESENTED	405/431/436/443/450	successive exact reviews/refutations	exact affine-joint counterexample, same-index capacity repair, and actual entropy dictionary	no failure assigned to the retained local statement; the advertised global composition stops at the stated open gate	one-use live producer and provenance assembly	KEEP_STANDALONE_LOCAL_RESULTS; DO_NOT_PROMOTE_WRAPPER	DELTA_VERIFIED_WITH_FIXES	Exact current PR head and title recovered from the live PR metadata in pass one. Literal GitHub title recovered in pass one. Pass-one disposition is genealogical/breadth review; exact theorem-level adjudication remains with A/B or a named controlling review.
434	d69386dbfefe143e5ca478e591089a2c75847acd	repair: Jordan source is a radial carrier-anticommutator mixture	suzuki_hardy_source_to_model	post_cutoff_created_or_materially_updated; exact current PR metadata recovered in Reviewer C pass one	PARTIALLY_REPRESENTED	PARTIALLY_REPRESENTED	405/431/436/443/450	successive exact reviews/refutations	exact local source, Hardy/Clark, annular, delay, entropy, bridge, or spectral-type reductions retained at their stated finite/conditional scope	positive source-side or safe-side structure is not identified with the complete critical/stable model output	source-ordered completed source-to-model domination/exhaustion, generally RH-equivalent	KEEP_LOCAL_THEOREMS; ARCHIVE_ANY_COMPLETE_WRAPPER	DELTA_CONDITIONAL	Pass-one genealogy review used exact live PR metadata and the stated theorem boundary. This is not a fresh line-by-line adjudication of every analytic lemma. Pass-one disposition is genealogical/breadth review; exact theorem-level adjudication remains with A/B or a named controlling review.
435	42a6929df3b637a151a2612b977fcabd2e774599	advance radial endgame: exact Xi depth cocycle and local Kolmogorov gluing reduce RLSL to RKMD	suzuki_hardy_source_to_model	post_cutoff_created_or_materially_updated; exact current PR metadata recovered in Reviewer C pass one	PARTIALLY_REPRESENTED	REPRESENTED_BY_B	405/431/436/443/450	successive exact reviews/refutations	exact local source, Hardy/Clark, annular, delay, entropy, bridge, or spectral-type reductions retained at their stated finite/conditional scope	positive source-side or safe-side structure is not identified with the complete critical/stable model output	source-ordered completed source-to-model domination/exhaustion, generally RH-equivalent	KEEP_LOCAL_THEOREMS; ARCHIVE_ANY_COMPLETE_WRAPPER	DELTA_CONDITIONAL	Pass-one genealogy review used exact live PR metadata and the stated theorem boundary. This is not a fresh line-by-line adjudication of every analytic lemma. Pass-one disposition is genealogical/breadth review; exact theorem-level adjudication remains with A/B or a named controlling review.
436	9aeccd55779689d3ee105d16a0caf6f600ff1ea2	review: direct-Euler score audit, causal Hall repair, and non-affine packet assembly	factor54_endpoint_operator_genealogy	post_cutoff_created_or_materially_updated; exact current PR metadata recovered in Reviewer C pass one	PARTIALLY_REPRESENTED	PARTIALLY_REPRESENTED	436	successive exact reviews/refutations	review-level exact counterexamples, scope repairs, and frozen-head provenance	false scalar score surplus and noncausal Hall formula; repaired signs still do not export one source-labelled row flow	use the first open arrow stated by the controlling review	KEEP_AS_CONTROLLING_REVIEW	CONTROLLED_BY_LATER_REVIEW	Exact current PR head and title recovered from the live PR metadata in pass one. Pass-one disposition is genealogical/breadth review; exact theorem-level adjudication remains with A/B or a named controlling review.
437	77fd0e1333bfe8a7cd90c833e12ba55a45475bb6	breakthrough: P61 one-prime Euler row has uniform literal entropy surplus	factor54_endpoint_operator_genealogy	post_cutoff_created_or_materially_updated; exact current PR metadata recovered in Reviewer C pass one	PARTIALLY_REPRESENTED	PARTIALLY_REPRESENTED	405/431/436/443/450	successive exact reviews/refutations	uniform literal P61 entropy surplus over declared score	no failure assigned to the retained local statement; the advertised global composition stops at the stated open gate	complete current-row positivity and one-use radix-four realization	KEEP_STANDALONE_LOCAL_RESULTS; DO_NOT_PROMOTE_WRAPPER	DELTA_VERIFIED_WITH_FIXES	Exact current PR head and title recovered from the live PR metadata in pass one. Literal GitHub title recovered in pass one. Pass-one disposition is genealogical/breadth review; exact theorem-level adjudication remains with A/B or a named controlling review.
438	bb7327d21c47410820cda2671f45dbe709a72eea	correction + advance: Birman–Schwinger feedback and unconditional two-node infinitesimal Xi positivity	xi_pick_impedance	post_cutoff_created_or_materially_updated; exact current PR metadata recovered in Reviewer C pass one	PARTIALLY_REPRESENTED	REPRESENTED_BY_B	405/431/436/443/450	successive exact reviews/refutations	independent endpoint, capacity, operator and finite-algebra lemmas identified in claim registry	complete factor-54 wrappers fail at native-root/source/capacity or endpoint-composition arrows	source-faithful native producer with one-use endpoint accounting	archive historical wrappers; retain controlling descendants	CONTROLLED_BY_LATER_REFUTATION	Literal GitHub title recovered in pass one. Pass-one disposition is genealogical/breadth review; exact theorem-level adjudication remains with A/B or a named controlling review.
439	706445c01d4a5c9f852a4faf1329bd9858dc727a	research: causal packet budget, binary-return refutation, and two-ledger rigidity	factor54_causal_packet_genealogy	post_cutoff_created_or_materially_updated; exact current PR metadata recovered in Reviewer C pass one	PARTIALLY_REPRESENTED	PARTIALLY_REPRESENTED	443/450/652	Reviewer B cross-review PR #711 plus Reviewer C exact-source follow-up	nonduplicating causal packet budget; child mass <1/8; binary-return refutation; two-ledger rigidity	no failure assigned to the retained local statement; the advertised global composition stops at the stated open gate	literal source-labelled physical packet typing	KEEP_STANDALONE_LOCAL_RESULTS; DO_NOT_PROMOTE_WRAPPER	DELTA_VERIFIED_WITH_FIXES	The #711 candidate path was stale; exact actual path is recorded in PROVENANCE_DEFECTS.tsv. Pass-one disposition is genealogical/breadth review; exact theorem-level adjudication remains with A/B or a named controlling review.
440	b971121babe6236a1c20cb34cb76215f4521f7bb	three-front continuation: localized Green transport and infinite Beta coercivity	factor54_endpoint_operator_genealogy	post_cutoff_created_or_materially_updated; exact current PR metadata recovered in Reviewer C pass one	PARTIALLY_REPRESENTED	PARTIALLY_REPRESENTED	405/431/436/443/450	successive exact reviews/refutations	Green ballistic/localization and finite/infinite Beta coercivity results	real-axis small-a margin and Brownian/theta boundary identity remain open	source-specific boundary-port identification / completed Cauchy intertwiner	EXTRACT_STANDALONE_RESULTS	PARTIALLY_REPRESENTED	Exact current PR head and title recovered from the live PR metadata in pass one. Literal GitHub title recovered in pass one. Pass-one disposition is genealogical/breadth review; exact theorem-level adjudication remains with A/B or a named controlling review.
441	3e562d060cee100e25b2400326a3b72002a5ead5	reduce actual-Xi order three to scalar reciprocal concavity	xi_pick_impedance	post_cutoff_created_or_materially_updated; exact current PR metadata recovered in Reviewer C pass one	PARTIALLY_REPRESENTED	PARTIALLY_REPRESENTED	405/431/436/443/450	successive exact reviews/refutations	exact three-node determinant factorization and reduction to scalar reciprocal concavity	compact actual-Xi reciprocal-curvature sign was open at this head and later addressed by PR #446	actual-Xi order four and above	SUPERSEDED_BY_445_446_FOR_ORDER_THREE	REPRESENTED_BY_B	Exact current PR head and title recovered from the live PR metadata in pass one. Literal GitHub title recovered in pass one. Pass-one disposition is genealogical/breadth review; exact theorem-level adjudication remains with A/B or a named controlling review.
442	e2c97d5902bcc5c94d0b6f2f7de0756b84ce6cad	P61 finite-Euler row certificate	factor54_endpoint_operator_genealogy	post_cutoff_created_or_materially_updated; exact current PR metadata recovered in Reviewer C pass one	PARTIALLY_REPRESENTED	PARTIALLY_REPRESENTED	405/431/436/443/450	successive exact reviews/refutations	finite P61 global row certificate packet	no failure assigned to the retained local statement; the advertised global composition stops at the stated open gate	method/provenance audit of the finite certificate and live packet assembly	KEEP_STANDALONE_LOCAL_RESULTS; DO_NOT_PROMOTE_WRAPPER	DELTA_VERIFIED_WITH_FIXES	Exact current PR head and title recovered from the live PR metadata in pass one. Literal GitHub title recovered in pass one. Pass-one disposition is genealogical/breadth review; exact theorem-level adjudication remains with A/B or a named controlling review.
443	da4bb5a8f8cd001a8a648d8606dc22e2bb8adc88	review: provenance-causal packet and corrected T-91652 ledger	factor54_endpoint_operator_genealogy	post_cutoff_created_or_materially_updated; exact current PR metadata recovered in Reviewer C pass one	PARTIALLY_REPRESENTED	PARTIALLY_REPRESENTED	443	successive exact reviews/refutations	review-level exact counterexamples, scope repairs, and frozen-head provenance	L-91659 global root packet and complete transitive lock remain unproved	use the first open arrow stated by the controlling review	KEEP_AS_CONTROLLING_REVIEW	CONTROLLED_BY_LATER_REVIEW	Exact current PR head and title recovered from the live PR metadata in pass one. Pass-one disposition is genealogical/breadth review; exact theorem-level adjudication remains with A/B or a named controlling review.
444	6a1dcdf14bb48d4df9cce16e5941087ac05e7934	review packet: three independent CFFP endgames and exact falsifiers	factor54_endpoint_operator_genealogy	post_cutoff_created_or_materially_updated; exact current PR metadata recovered in Reviewer C pass one	PARTIALLY_REPRESENTED	PARTIALLY_REPRESENTED	443/444	pass-one genealogy and listed exact review/refutation	fail-closed three-route decomposition and exact falsifiers	none of the three producer gates is independently established	physical current-generator typing or finite primal/dual feasibility	ARCHIVE_FULL_WRAPPER; KEEP_INDEPENDENT_LOCAL_RESULTS	HISTORICAL_FULL_PROPOSAL	Exact current PR head and title recovered from the live PR metadata in pass one. Literal GitHub title recovered in pass one. Pass-one disposition is genealogical/breadth review; exact theorem-level adjudication remains with A/B or a named controlling review.
445	c079c2ef21022be951027de1316aecf1168422c1	advance: the first open Xi interpolation level is one scalar reciprocal curvature	xi_pick_impedance	post_cutoff_created_or_materially_updated; exact current PR metadata recovered in Reviewer C pass one	PARTIALLY_REPRESENTED	REPRESENTED_BY_B	405/431/436/443/450	successive exact reviews/refutations	independent endpoint, capacity, operator and finite-algebra lemmas identified in claim registry	complete factor-54 wrappers fail at native-root/source/capacity or endpoint-composition arrows	source-faithful native producer with one-use endpoint accounting	archive historical wrappers; retain controlling descendants	CONTROLLED_BY_LATER_REFUTATION	Literal GitHub title recovered in pass one. Pass-one disposition is genealogical/breadth review; exact theorem-level adjudication remains with A/B or a named controlling review.
446	880d14cb4bcbf542ec199137d60c58d9a8fd723d	breakthrough: one verified critical orbit closes the proposed Xi order-three curvature gate	xi_pick_impedance	post_cutoff_created_or_materially_updated; exact current PR metadata recovered in Reviewer C pass one	PARTIALLY_REPRESENTED	REPRESENTED_BY_B	405/431/436/443/450	successive exact reviews/refutations	independent endpoint, capacity, operator and finite-algebra lemmas identified in claim registry	complete factor-54 wrappers fail at native-root/source/capacity or endpoint-composition arrows	source-faithful native producer with one-use endpoint accounting	archive historical wrappers; retain controlling descendants	CONTROLLED_BY_LATER_REFUTATION	Pass-one disposition is genealogical/breadth review; exact theorem-level adjudication remains with A/B or a named controlling review.
447	d44c45b3ececa878296914a49e49279b10a1f637	propose corrected provenance-causal factor54 closure with one-sided endpoint criterion	factor54_endpoint_operator_genealogy	post_cutoff_created_or_materially_updated; exact current PR metadata recovered in Reviewer C pass one	PARTIALLY_REPRESENTED	PARTIALLY_REPRESENTED	450/451/454	pass-one genealogy and listed exact review/refutation	independent endpoint, capacity, operator and finite-algebra lemmas identified in claim registry	L-91659 native root current ledger is asserted but not constructed	atomwise native allocation / finite Farkas certificate	ARCHIVE_FULL_WRAPPER; KEEP_INDEPENDENT_LOCAL_RESULTS	HISTORICAL_FULL_PROPOSAL	Exact current PR head and title recovered from the live PR metadata in pass one. Literal GitHub title recovered in pass one. Pass-one disposition is genealogical/breadth review; exact theorem-level adjudication remains with A/B or a named controlling review.
448	6e95cd3e05b3eb94121084e9c5eedf8a9e4d1bda	generalization: all safe Xi determinants factor into two interlacing alternants	xi_pick_impedance	post_cutoff_created_or_materially_updated; exact current PR metadata recovered in Reviewer C pass one	PARTIALLY_REPRESENTED	PARTIALLY_REPRESENTED	405/431/436/443/450	successive exact reviews/refutations	exact finite determinant/moment-cone/Stieltjes compactness reduction at the stated algebraic scope	actual Xi finite moment-cone / all-order sign is not proved	actual finite Xi moment-cone membership / positive Krein-string realization	KEEP_CRITERION; DO_NOT_COUNT_AS_INDEPENDENT_PROGRESS	DELTA_OPEN_RH_EQUIVALENT	Exact current PR head and title recovered from the live PR metadata in pass one. Literal GitHub title recovered in pass one. Pass-one disposition is genealogical/breadth review; exact theorem-level adjudication remains with A/B or a named controlling review.
449	e67f20803c8bbaa4b33aae366870269e5f560731	generalization: complete-Bernstein Xi impedance	xi_pick_impedance	post_cutoff_created_or_materially_updated; exact current PR metadata recovered in Reviewer C pass one	PARTIALLY_REPRESENTED	PARTIALLY_REPRESENTED	405/431/436/443/450	successive exact reviews/refutations	exact finite determinant/moment-cone/Stieltjes compactness reduction at the stated algebraic scope	actual Xi finite moment-cone / all-order sign is not proved	actual finite Xi moment-cone membership / positive Krein-string realization	KEEP_CRITERION; DO_NOT_COUNT_AS_INDEPENDENT_PROGRESS	DELTA_OPEN_RH_EQUIVALENT	Exact current PR head and title recovered from the live PR metadata in pass one. Literal GitHub title recovered in pass one. Pass-one disposition is genealogical/breadth review; exact theorem-level adjudication remains with A/B or a named controlling review.
450	734040fba4d299256feb13aaeb45e60468ef6d1f	review: independent assessment of PR #447	factor54_endpoint_operator_genealogy	post_cutoff_created_or_materially_updated; exact current PR metadata recovered in Reviewer C pass one	PARTIALLY_REPRESENTED	PARTIALLY_REPRESENTED	450	successive exact reviews/refutations	review-level exact counterexamples, scope repairs, and frozen-head provenance	L-91659 native root current ledger is not constructed	use the first open arrow stated by the controlling review	KEEP_AS_CONTROLLING_REVIEW	CONTROLLED_BY_LATER_REVIEW	Exact current PR head and title recovered from the live PR metadata in pass one. Pass-one disposition is genealogical/breadth review; exact theorem-level adjudication remains with A/B or a named controlling review.
451	f41797c91497dc462f549a127d8494bbe4ccde2f	direct native-row response to PR #450: exact capacity replacement and factor-67 reset packet	native_row_hall_target_lorenz	post_cutoff_created_or_materially_updated; exact current PR metadata recovered in Reviewer C pass one	PARTIALLY_REPRESENTED	PARTIALLY_REPRESENTED	456	pass-one genealogy and listed exact review/refutation	literal-row Möbius response, same-index child replacement, corrected factor-67 score difference	stopped-leaf Hall prefix counterexample invalidates universal Hall step	post-Hall joint cone or source-faithful replacement	ARCHIVE_FULL_WRAPPER; KEEP_INDEPENDENT_LOCAL_RESULTS	HISTORICAL_FULL_PROPOSAL	Pass-one disposition is genealogical/breadth review; exact theorem-level adjudication remains with A/B or a named controlling review.
452	0de0709a03771f77ccf1c272535b79f86675184f	root-entry blocker attack: exact post-Hall ledger and single literal-row gate	native_row_hall_target_lorenz	post_cutoff_created_or_materially_updated; exact current PR metadata recovered in Reviewer C pass one	PARTIALLY_REPRESENTED	PARTIALLY_REPRESENTED	470/475/511/514	post-Hall finite-cone and ledger descendants	exact post-Hall current-plus-child ledger conditional on one literal root Hall row identity	root Hall literal-row identity is not supplied	single source-faithful literal root-row identity	KEEP_AS_OPEN_INTERFACE	DELTA_OPEN_SUFFICIENT	Exact current PR head and title recovered from the live PR metadata in pass one. Pass-one disposition is genealogical/breadth review; exact theorem-level adjudication remains with A/B or a named controlling review.
453	a9cecbd3228bc26d4d0c3375c9694ee1e836f66a	advance: projective passive-string endgame and exact finite moment-cone dual	xi_pick_impedance	post_cutoff_created_or_materially_updated; exact current PR metadata recovered in Reviewer C pass one	REPRESENTED_BY_A	PARTIALLY_REPRESENTED			exact finite determinant/moment-cone/Stieltjes compactness reduction at the stated algebraic scope	actual Xi finite moment-cone / all-order sign is not proved	actual finite Xi moment-cone membership / positive Krein-string realization	KEEP_CRITERION; DO_NOT_COUNT_AS_INDEPENDENT_PROGRESS	DELTA_OPEN_RH_EQUIVALENT	Exact current PR head and title recovered from the live PR metadata in pass one. Literal GitHub title recovered in pass one. Pass-one disposition is genealogical/breadth review; exact theorem-level adjudication remains with A/B or a named controlling review.
454	a0409d54250bc211d62718a1aedb6fa020d7f091	advance: fail-closed native root provenance ledger certificate	native_row_farkas_provenance	post_cutoff_created_or_materially_updated; exact current PR metadata recovered in Reviewer C pass one	PARTIALLY_REPRESENTED	PARTIALLY_REPRESENTED	470/475/511/514/652	Reviewer B cross-review PR #711 plus post-Hall descendants	atomwise provenance sufficiency theorem and finite primal/Farkas alternative	no failure assigned to the retained local statement; the advertised global composition stops at the stated open gate	actual rational allocation on the live source templates	KEEP_STANDALONE_LOCAL_RESULTS; DO_NOT_PROMOTE_WRAPPER	DELTA_VERIFIED_WITH_FIXES	Exact head/path pinned by the cross-review follow-up. Pass-one disposition is genealogical/breadth review; exact theorem-level adjudication remains with A/B or a named controlling review.
455	1b502acbe511776178da3dc916e3cd3464cd5e77	final proposal: single-SHARP direct native-row factor-67 closure	native_row_hall_target_lorenz	post_cutoff_created_or_materially_updated; exact current PR metadata recovered in Reviewer C pass one	PARTIALLY_REPRESENTED	PARTIALLY_REPRESENTED	457/463	pass-one genealogy and listed exact review/refutation	single-SHARP native normalization and direct child algebra	factor-three normalization and stopped-leaf Hall obstruction	single native root bridge without false Hall	ARCHIVE_FULL_WRAPPER; KEEP_INDEPENDENT_LOCAL_RESULTS	HISTORICAL_FULL_PROPOSAL	Pass-one disposition is genealogical/breadth review; exact theorem-level adjudication remains with A/B or a named controlling review.
456	a72c1a0505b3bd79f99ad5ec207c39dd052c45a6	independent review of PR #451: stopped-leaf Hall prefix counterexample	native_row_hall_target_lorenz	post_cutoff_created_or_materially_updated; exact current PR metadata recovered in Reviewer C pass one	PARTIALLY_REPRESENTED	PARTIALLY_REPRESENTED	456/463		review-level exact counterexamples, scope repairs, and frozen-head provenance	stopped-leaf Hall prefix has an exact counterexample	use the first open arrow stated by the controlling review	KEEP_AS_CONTROLLING_REVIEW	CONTROLLED_BY_LATER_REVIEW	Exact current PR head and title recovered from the live PR metadata in pass one. Pass-one disposition is genealogical/breadth review; exact theorem-level adjudication remains with A/B or a named controlling review.
457	e136fcf42fbab1195fc193e64ce4039d1a1d416c	review: PR #455 direct native-row factor-67 proposal	native_row_hall_target_lorenz	post_cutoff_created_or_materially_updated; exact current PR metadata recovered in Reviewer C pass one	PARTIALLY_REPRESENTED	PARTIALLY_REPRESENTED	457/463		review-level exact counterexamples, scope repairs, and frozen-head provenance	balanced/reserve realization has factor-three normalization error and stopped-leaf Hall remains open	use the first open arrow stated by the controlling review	KEEP_AS_CONTROLLING_REVIEW	CONTROLLED_BY_LATER_REVIEW	Exact current PR head and title recovered from the live PR metadata in pass one. Pass-one disposition is genealogical/breadth review; exact theorem-level adjudication remains with A/B or a named controlling review.
458	c8cd1e53e7ad96d3c43f213813e0ae0688341015	post-Hall successor: recover hardening work and reduce the stopped-leaf producer to one exact joint cone	native_row_hall_target_lorenz	post_cutoff_created_or_materially_updated; exact current PR metadata recovered in Reviewer C pass one	PARTIALLY_REPRESENTED	PARTIALLY_REPRESENTED	470/475/511/514	post-Hall finite-cone and ledger descendants	exact joint-cone reduction after accepting stopped-leaf Hall failure	no failure assigned to the retained local statement; the advertised global composition stops at the stated open gate	finite joint-cone feasibility	KEEP_STANDALONE_LOCAL_RESULTS; DO_NOT_PROMOTE_WRAPPER	DELTA_VERIFIED_WITH_FIXES	Exact current PR head and title recovered from the live PR metadata in pass one. Pass-one disposition is genealogical/breadth review; exact theorem-level adjudication remains with A/B or a named controlling review.
459	57ddff8e164030323e93892180c6559f3da951b2	review packet: single-SHARP normalization repair and remaining root bridge	native_row_hall_target_lorenz	post_cutoff_created_or_materially_updated; exact current PR metadata recovered in Reviewer C pass one	PARTIALLY_REPRESENTED	PARTIALLY_REPRESENTED	470/475/511/514	post-Hall finite-cone and ledger descendants	single-SHARP normalization repair and explicit root bridge	no failure assigned to the retained local statement; the advertised global composition stops at the stated open gate	continuum score to same finite packet	KEEP_STANDALONE_LOCAL_RESULTS; DO_NOT_PROMOTE_WRAPPER	DELTA_VERIFIED_WITH_FIXES	Exact current PR head and title recovered from the live PR metadata in pass one. Pass-one disposition is genealogical/breadth review; exact theorem-level adjudication remains with A/B or a named controlling review.
460	db9a767e312d9928f5ef827762dcb4ef95494af0	advance: verified critical reserve closes low Xi impedance orders and an enormous Hankel tower	xi_pick_impedance	post_cutoff_created_or_materially_updated; exact current PR metadata recovered in Reviewer C pass one	PARTIALLY_REPRESENTED	REPRESENTED_BY_B			finite operator identities and RH-equivalent criteria	no exact broken arrow assigned in this breadth pass	all-order critical Pick/heat/Q4 sign	keep only if independently canonicalized	REPRESENTED_BY_B	Pass-one disposition is genealogical/breadth review; exact theorem-level adjudication remains with A/B or a named controlling review.
461	ea633d416609565b3926f37c9302c93e1b818e2d	generalization: Xi impedance renormalizes to a fractional string and finite-order failures live near the cut	xi_pick_impedance	post_cutoff_created_or_materially_updated; exact current PR metadata recovered in Reviewer C pass one	PARTIALLY_REPRESENTED	REPRESENTED_BY_B			finite operator identities and RH-equivalent criteria	no exact broken arrow assigned in this breadth pass	all-order critical Pick/heat/Q4 sign	keep only if independently canonicalized	RETAINED_HEAVY_CERTIFICATE	Pass-one disposition is genealogical/breadth review; exact theorem-level adjudication remains with A/B or a named controlling review.
462	8642e062b6c6f5a4c7d443a1ee5a6e9ecf3e4706	post-Hall advance: exact proportional producer and arithmetic causal tail	native_row_hall_target_lorenz	post_cutoff_created_or_materially_updated; exact current PR metadata recovered in Reviewer C pass one	REPRESENTED_BY_A	PARTIALLY_REPRESENTED			exact proportional producer and arithmetic causal tail	no failure assigned to the retained local statement; the advertised global composition stops at the stated open gate	aggregate native-score debt and one-use root realization	KEEP_STANDALONE_LOCAL_RESULTS; DO_NOT_PROMOTE_WRAPPER	DELTA_VERIFIED_WITH_FIXES	Exact current PR head and title recovered from the live PR metadata in pass one. Literal GitHub title recovered in pass one. Pass-one disposition is genealogical/breadth review; exact theorem-level adjudication remains with A/B or a named controlling review.
463	9e138832258d19c252fe60597e36d02bfb95fe39	review: PR #455 single-SHARP stopped-leaf Hall obstruction	native_row_hall_target_lorenz	post_cutoff_created_or_materially_updated; exact current PR metadata recovered in Reviewer C pass one	REPRESENTED_BY_A	PARTIALLY_REPRESENTED	456/463		review-level exact counterexamples, scope repairs, and frozen-head provenance	stopped-leaf Hall prefix has an exact counterexample	use the first open arrow stated by the controlling review	KEEP_AS_CONTROLLING_REVIEW	CONTROLLED_BY_LATER_REVIEW	Exact current PR head and title recovered from the live PR metadata in pass one. Literal GitHub title recovered in pass one. Pass-one disposition is genealogical/breadth review; exact theorem-level adjudication remains with A/B or a named controlling review.
464	2eb70463f3d0ae791a9f140694d2ace7032ae864	closure proposal: root score-Hall plus subcritical causal envelope	native_row_hall_target_lorenz	post_cutoff_created_or_materially_updated; exact current PR metadata recovered in Reviewer C pass one	PARTIALLY_REPRESENTED	PARTIALLY_REPRESENTED	467/468/470	pass-one genealogy and listed exact review/refutation	root score identities and Hall-free terminal algebra	root score-Hall/casual envelope still lacks native one-use current/common parent	native root capacity / source-labelled packet	ARCHIVE_FULL_WRAPPER; KEEP_INDEPENDENT_LOCAL_RESULTS	HISTORICAL_FULL_PROPOSAL	Exact current PR head and title recovered from the live PR metadata in pass one. Pass-one disposition is genealogical/breadth review; exact theorem-level adjudication remains with A/B or a named controlling review.
465	595ba063a3147faefa3c358db32bbc5937bceb76	Test GitHub connector write path	native_row_hall_target_lorenz	post_cutoff_created_or_materially_updated; exact current PR metadata recovered in Reviewer C pass one	ADMINISTRATIVE_TEST	ADMINISTRATIVE_TEST			none	not applicable	not applicable	EXCLUDE_FROM_SCIENTIFIC_CENSUS	ADMINISTRATIVE_TEST	Exact current PR head and title recovered from the live PR metadata in pass one. Literal GitHub title recovered in pass one. Pass-one disposition is genealogical/breadth review; exact theorem-level adjudication remains with A/B or a named controlling review.
466	1fdac6bdc81edbc288d3a29503d53f1d0cffc76b	post-Hall closure: literal P61 entropy absorbs proportional score debt	native_row_hall_target_lorenz	post_cutoff_created_or_materially_updated; exact current PR metadata recovered in Reviewer C pass one	REPRESENTED_BY_A	PARTIALLY_REPRESENTED			literal P61 entropy absorbs proportional score debt	no failure assigned to the retained local statement; the advertised global composition stops at the stated open gate	finite profile corridor and physical determinants	KEEP_STANDALONE_LOCAL_RESULTS; DO_NOT_PROMOTE_WRAPPER	DELTA_VERIFIED_WITH_FIXES	Exact current PR head and title recovered from the live PR metadata in pass one. Literal GitHub title recovered in pass one. Pass-one disposition is genealogical/breadth review; exact theorem-level adjudication remains with A/B or a named controlling review.
467	d5e03a3a63bd05b43abf4b5e37905f86e9ec59d6	post-Hall advance: complete causal profiles, compact score debt, and target-Lorenz frontier	native_row_hall_target_lorenz	post_cutoff_created_or_materially_updated; exact current PR metadata recovered in Reviewer C pass one	REPRESENTED_BY_A	PARTIALLY_REPRESENTED			complete causal profiles, compact score debt, and Target-Lorenz target/score producer	no failure assigned to the retained local statement; the advertised global composition stops at the stated open gate	Target-Lorenz component-row family	KEEP_STANDALONE_LOCAL_RESULTS; DO_NOT_PROMOTE_WRAPPER	DELTA_VERIFIED_WITH_FIXES	Exact current PR head and title recovered from the live PR metadata in pass one. Literal GitHub title recovered in pass one. Pass-one disposition is genealogical/breadth review; exact theorem-level adjudication remains with A/B or a named controlling review.
468	9e2ae6d26a7920055e1f11327dc0ddeb7b855c61	Native-root normalization and Euler-shell recovery	native_row_hall_target_lorenz	post_cutoff_created_or_materially_updated; exact current PR metadata recovered in Reviewer C pass one	PARTIALLY_REPRESENTED	PARTIALLY_REPRESENTED			native-root normalization and Euler-shell recovery firewalls	no failure assigned to the retained local statement; the advertised global composition stops at the stated open gate	positive current row with bounded native slack	KEEP_STANDALONE_LOCAL_RESULTS; DO_NOT_PROMOTE_WRAPPER	DELTA_VERIFIED_WITH_FIXES	Exact current PR head and title recovered from the live PR metadata in pass one. Pass-one disposition is genealogical/breadth review; exact theorem-level adjudication remains with A/B or a named controlling review.
469	3cf685181bd367b92cdcfeef9249e0b9b542a09e	advance: terminal Hall-free P61 generator and native-reservoir firewall	native_row_hall_target_lorenz	post_cutoff_created_or_materially_updated; exact current PR metadata recovered in Reviewer C pass one	PARTIALLY_REPRESENTED	PARTIALLY_REPRESENTED	470	exact q=2 target/score separator	terminal Hall-free P61 generator and rough-reservoir firewall	no failure assigned to the retained local statement; the advertised global composition stops at the stated open gate	native rough-reservoir allocation	KEEP_STANDALONE_LOCAL_RESULTS; DO_NOT_PROMOTE_WRAPPER	DELTA_VERIFIED_WITH_FIXES	Exact current PR head and title recovered from the live PR metadata in pass one. Pass-one disposition is genealogical/breadth review; exact theorem-level adjudication remains with A/B or a named controlling review.
470	89af3206ea1894884613e1188b5ab9a6a4cd74f0	advance: native-root compiler, exact capacity separator, and score-free Y4 repairs	native_row_y4_repair	post_cutoff_created_or_materially_updated; exact current PR metadata recovered in Reviewer C pass one	PARTIALLY_REPRESENTED	PARTIALLY_REPRESENTED	472/541/652	Reviewer B cross-review PR #711 plus normalization descendants	native-root compiler discrepancy, exact capacity separator, Y4-zero repair cone	no failure assigned to the retained local statement; the advertised global composition stops at the stated open gate	source-owned native thinning / NRCT	KEEP_STANDALONE_LOCAL_RESULTS; DO_NOT_PROMOTE_WRAPPER	DELTA_VERIFIED_WITH_FIXES	The repair cone is not a completed native producer. Pass-one disposition is genealogical/breadth review; exact theorem-level adjudication remains with A/B or a named controlling review.
471	4ac821701177edb67a77fe43e89cc2a7a53af68a	synthesis: three exact closure advances after the native-capacity separator	native_row_hall_target_lorenz	post_cutoff_created_or_materially_updated; exact current PR metadata recovered in Reviewer C pass one	REPRESENTED_BY_A	PARTIALLY_REPRESENTED			three exact closure reductions after native-capacity separator	no failure assigned to the retained local statement; the advertised global composition stops at the stated open gate	finite native producer for the surviving routes	KEEP_STANDALONE_LOCAL_RESULTS; DO_NOT_PROMOTE_WRAPPER	DELTA_VERIFIED_WITH_FIXES	Exact current PR head and title recovered from the live PR metadata in pass one. Literal GitHub title recovered in pass one. Pass-one disposition is genealogical/breadth review; exact theorem-level adjudication remains with A/B or a named controlling review.
472	bb364396e09717237351d4aed9aadf6c570cb7fc	advance: exact native-to-radial Laplace dictionary and Y4 null gauge	native_q4_radial_gauge	post_cutoff_created_or_materially_updated; exact current PR metadata recovered in Reviewer C pass one	PARTIALLY_REPRESENTED	PARTIALLY_REPRESENTED	474/541/652	Reviewer B cross-review PR #711 plus Reviewer C exact-source follow-up	native-to-radial Laplace dictionary and Y4 null gauge	no failure assigned to the retained local statement; the advertised global composition stops at the stated open gate	finite producer and model allocation	KEEP_STANDALONE_LOCAL_RESULTS; DO_NOT_PROMOTE_WRAPPER	DELTA_VERIFIED_WITH_FIXES	No RH or operator conclusion follows from gauge invisibility. Pass-one disposition is genealogical/breadth review; exact theorem-level adjudication remains with A/B or a named controlling review.
473	71d6a859ea741fe035de709e8d10ed37301b778e	proposal: factor-67 SONTR with explicit compact-reserve closure	native_row_hall_target_lorenz	post_cutoff_created_or_materially_updated; exact current PR metadata recovered in Reviewer C pass one	PARTIALLY_REPRESENTED	PARTIALLY_REPRESENTED	478	pass-one genealogy and listed exact review/refutation	factor-67 local response algebra	direct-integral/native normalization and dependency reconstruction remain open	SONTR with exact normalized packet	ARCHIVE_FULL_WRAPPER; KEEP_INDEPENDENT_LOCAL_RESULTS	HISTORICAL_FULL_PROPOSAL	Exact current PR head and title recovered from the live PR metadata in pass one. Pass-one disposition is genealogical/breadth review; exact theorem-level adjudication remains with A/B or a named controlling review.
474	da557977e6d496cdc395c823e0c8c2aa830ee3e1	advance: exact OPB root separator and positive scale-four Q4 transfer	q4	post_cutoff_created_or_materially_updated; exact current PR metadata recovered in Reviewer C pass one	REPRESENTED_BY_A	PARTIALLY_REPRESENTED			OPB separator and positive scale-four Q4 source transfer	no failure assigned to the retained local statement; the advertised global composition stops at the stated open gate	aggregate transverse Gram and principal Q4 mean	KEEP_STANDALONE_LOCAL_RESULTS; DO_NOT_PROMOTE_WRAPPER	DELTA_VERIFIED_WITH_FIXES	Exact current PR head and title recovered from the live PR metadata in pass one. Pass-one disposition is genealogical/breadth review; exact theorem-level adjudication remains with A/B or a named controlling review.
475	6cba90ea10163abd62b051c83c8bfd8cc2f901da	three-route attack: rough ownership, exact P61 causal Hall, and endpoint hardening	native_row_hall_target_lorenz	post_cutoff_created_or_materially_updated; exact current PR metadata recovered in Reviewer C pass one	PARTIALLY_REPRESENTED	PARTIALLY_REPRESENTED			rough ownership, exact P61 causal Hall, endpoint hardening	no failure assigned to the retained local statement; the advertised global composition stops at the stated open gate	finite common-source row gain and one-use Y4 slack	KEEP_STANDALONE_LOCAL_RESULTS; DO_NOT_PROMOTE_WRAPPER	DELTA_VERIFIED_WITH_FIXES	Exact current PR head and title recovered from the live PR metadata in pass one. Pass-one disposition is genealogical/breadth review; exact theorem-level adjudication remains with A/B or a named controlling review.
476	9f16ce483954d4233b68ee09cb6bec47400aa3cc	proposal: factor67 SONTR, strict root reserve, and all safe-Xi Hankel positivity	native_row_hall_target_lorenz	post_cutoff_created_or_materially_updated; exact current PR metadata recovered in Reviewer C pass one	PARTIALLY_REPRESENTED	PARTIALLY_REPRESENTED	480/482/484	pass-one genealogy and listed exact review/refutation	componentwise finite algebra	triple closure combines unreviewed native and safe-Xi inputs	reconstructed native root plus independent Xi gate	ARCHIVE_FULL_WRAPPER; KEEP_INDEPENDENT_LOCAL_RESULTS	HISTORICAL_FULL_PROPOSAL	Exact current PR head and title recovered from the live PR metadata in pass one. Pass-one disposition is genealogical/breadth review; exact theorem-level adjudication remains with A/B or a named controlling review.
477	5acd9007b4f4bb1792466f5013c39bf4eac33f9e	attack: corrected factor-67 native-slack closure plus two independent endgames	native_row_hall_target_lorenz	post_cutoff_created_or_materially_updated; exact current PR metadata recovered in Reviewer C pass one	REPRESENTED_BY_A	PARTIALLY_REPRESENTED	485	pass-one genealogy and listed exact review/refutation	finite row, Hall, ledger, Farkas and Mellin fragments	Route A remains a frozen-input candidate; independent routes retain open source-to-model gates	bounded native residual or independent DGGC/PSI	ARCHIVE_FULL_WRAPPER; KEEP_INDEPENDENT_LOCAL_RESULTS	HISTORICAL_FULL_PROPOSAL	Exact current PR head and title recovered from the live PR metadata in pass one. Literal GitHub title recovered in pass one. Pass-one disposition is genealogical/breadth review; exact theorem-level adjudication remains with A/B or a named controlling review.
478	9d19a7a6ff132fa5a39347392cbeadf09c14a261	review: PR #473 factor-67 SONTR compact reserve reconstruction	native_row_hall_target_lorenz	post_cutoff_created_or_materially_updated; exact current PR metadata recovered in Reviewer C pass one	PARTIALLY_REPRESENTED	PARTIALLY_REPRESENTED	478		review-level exact counterexamples, scope repairs, and frozen-head provenance	direct-integral normalization / complete native packet reconstruction remains open	use the first open arrow stated by the controlling review	KEEP_AS_CONTROLLING_REVIEW	CONTROLLED_BY_LATER_REVIEW	Exact current PR head and title recovered from the live PR metadata in pass one. Pass-one disposition is genealogical/breadth review; exact theorem-level adjudication remains with A/B or a named controlling review.
479	518b6a5ec2b49b7decbd4c2e349d0ee5b26bfc9b	repair: factor67 all-column and activation-knot native reserves	native_row_hall_target_lorenz	post_cutoff_created_or_materially_updated; exact current PR metadata recovered in Reviewer C pass one	REPRESENTED_BY_A	PARTIALLY_REPRESENTED			all-column and activation-knot native reserves	no failure assigned to the retained local statement; the advertised global composition stops at the stated open gate	complete frozen dependency reconstruction	KEEP_STANDALONE_LOCAL_RESULTS; DO_NOT_PROMOTE_WRAPPER	DELTA_VERIFIED_WITH_FIXES	Exact current PR head and title recovered from the live PR metadata in pass one. Literal GitHub title recovered in pass one. Pass-one disposition is genealogical/breadth review; exact theorem-level adjudication remains with A/B or a named controlling review.
480	d6d9c051abb20a47f3ce7adb45de33bfc2b933b9	review: PR #476 factor-67 triple-closure reconstruction	native_row_hall_target_lorenz	post_cutoff_created_or_materially_updated; exact current PR metadata recovered in Reviewer C pass one	PARTIALLY_REPRESENTED	PARTIALLY_REPRESENTED	480/482/484		review-level exact counterexamples, scope repairs, and frozen-head provenance	triple closure does not reconstruct the complete frozen source/capacity stack	use the first open arrow stated by the controlling review	KEEP_AS_CONTROLLING_REVIEW	CONTROLLED_BY_LATER_REVIEW	Exact current PR head and title recovered from the live PR metadata in pass one. Pass-one disposition is genealogical/breadth review; exact theorem-level adjudication remains with A/B or a named controlling review.
481	005ae49723898d8661d407a0433a6d69cb6d6efc	repair: audited factor-67 all-column native-slack packet	native_row_hall_target_lorenz	post_cutoff_created_or_materially_updated; exact current PR metadata recovered in Reviewer C pass one	PARTIALLY_REPRESENTED	PARTIALLY_REPRESENTED	482/484	pass-one genealogy and listed exact review/refutation	several conditional transport lemmas	repaired packet still has benchmark/source-root bridge gaps	native slack intended-chain reconstruction	ARCHIVE_FULL_WRAPPER; KEEP_INDEPENDENT_LOCAL_RESULTS	HISTORICAL_FULL_PROPOSAL	Exact current PR head and title recovered from the live PR metadata in pass one. Pass-one disposition is genealogical/breadth review; exact theorem-level adjudication remains with A/B or a named controlling review.
482	b8428601ad0f046442558b677e5b3ed3139e7527	review: PR #481 corrected native-slack reconstruction	native_row_hall_target_lorenz	post_cutoff_created_or_materially_updated; exact current PR metadata recovered in Reviewer C pass one	PARTIALLY_REPRESENTED	PARTIALLY_REPRESENTED	482/484		review-level exact counterexamples, scope repairs, and frozen-head provenance	native slack/root benchmark bridge and intended proof DAG remain incomplete	use the first open arrow stated by the controlling review	KEEP_AS_CONTROLLING_REVIEW	CONTROLLED_BY_LATER_REVIEW	Exact current PR head and title recovered from the live PR metadata in pass one. Pass-one disposition is genealogical/breadth review; exact theorem-level adjudication remains with A/B or a named controlling review.
483	87bd7ad2127f98b6141b4c03355556f2b95f6404	advance: prime-block coherence for First-Hermite heat and Q4	heat_first_hermite_q4	post_cutoff_created_or_materially_updated; exact current PR metadata recovered in Reviewer C pass one	REPRESENTED_BY_A	PARTIALLY_REPRESENTED			common prime-block coherence reduction for First-Hermite and Q4	no failure assigned to the retained local statement; the advertised global composition stops at the stated open gate	distinct-prime correlation / carrier-specific cancellation	KEEP_STANDALONE_LOCAL_RESULTS; DO_NOT_PROMOTE_WRAPPER	DELTA_VERIFIED_WITH_FIXES	Exact current PR head and title recovered from the live PR metadata in pass one. Literal GitHub title recovered in pass one. Pass-one disposition is genealogical/breadth review; exact theorem-level adjudication remains with A/B or a named controlling review.
484	aadf3541f9959e27a5e0eea890a13a8eb0467b01	review: live PR #481 intended-chain reconstruction and native-slack audit	native_row_hall_target_lorenz	post_cutoff_created_or_materially_updated; exact current PR metadata recovered in Reviewer C pass one	PARTIALLY_REPRESENTED	PARTIALLY_REPRESENTED	482/484		review-level exact counterexamples, scope repairs, and frozen-head provenance	native slack/root benchmark bridge and intended proof DAG remain incomplete	use the first open arrow stated by the controlling review	KEEP_AS_CONTROLLING_REVIEW	CONTROLLED_BY_LATER_REVIEW	Exact current PR head and title recovered from the live PR metadata in pass one. Pass-one disposition is genealogical/breadth review; exact theorem-level adjudication remains with A/B or a named controlling review.
485	116d0ffb42602d5711abdba15aeb3ba9de076984	closure/audit: bounded CPNR67, SIDA corollary, and PSSI spectral-type refutation	native_row_hall_target_lorenz	post_cutoff_created_or_materially_updated; exact current PR metadata recovered in Reviewer C pass one	REPRESENTED_BY_A	PARTIALLY_REPRESENTED			bounded CPNR route plus exact PSSI spectral-type refutation	no failure assigned to the retained local statement; the advertised global composition stops at the stated open gate	transfer-based passive replacement or corrected native route	KEEP_STANDALONE_LOCAL_RESULTS; DO_NOT_PROMOTE_WRAPPER	DELTA_VERIFIED_WITH_FIXES	Exact current PR head and title recovered from the live PR metadata in pass one. Literal GitHub title recovered in pass one. Pass-one disposition is genealogical/breadth review; exact theorem-level adjudication remains with A/B or a named controlling review.
486	0d8badeda73626598a74dc3ef009b67a74af3b81	proposal: canonical one-shot factor-67 native-slack closure after PR #481 reviews	native_row_hall_target_lorenz	post_cutoff_created_or_materially_updated; exact current PR metadata recovered in Reviewer C pass one	PARTIALLY_REPRESENTED	PARTIALLY_REPRESENTED	490/491/492	pass-one genealogy and listed exact review/refutation	canonical one-shot algebra and finite port bookkeeping	one-shot closure remains conditional on frozen Hall/profile/source/endpoint inputs	standalone Gate A/B reconstruction	ARCHIVE_FULL_WRAPPER; KEEP_INDEPENDENT_LOCAL_RESULTS	HISTORICAL_FULL_PROPOSAL	Exact current PR head and title recovered from the live PR metadata in pass one. Pass-one disposition is genealogical/breadth review; exact theorem-level adjudication remains with A/B or a named controlling review.
487	39d2cbc7cabf31ac1f8013f2f6d1785c86a4fdeb	hardening: exact Hall integration and bounded one-shot SONTR/NRCT slack	native_row_hall_target_lorenz	post_cutoff_created_or_materially_updated; exact current PR metadata recovered in Reviewer C pass one	REPRESENTED_BY_A	PARTIALLY_REPRESENTED	490/491/492	pass-one genealogy and listed exact review/refutation	canonical one-shot algebra and finite port bookkeeping	hardening constants do not replace source and endpoint reconstruction	same as one-shot Gate A/B	ARCHIVE_FULL_WRAPPER; KEEP_INDEPENDENT_LOCAL_RESULTS	HISTORICAL_FULL_PROPOSAL	Exact current PR head and title recovered from the live PR metadata in pass one. Literal GitHub title recovered in pass one. Pass-one disposition is genealogical/breadth review; exact theorem-level adjudication remains with A/B or a named controlling review.
488	9acd381fa168db02a03646ab16851daebbf4d0fd	recovery: exact PR #484 root composition packet on PR #487	native_row_hall_target_lorenz	post_cutoff_created_or_materially_updated; exact current PR metadata recovered in Reviewer C pass one	PARTIALLY_REPRESENTED	PARTIALLY_REPRESENTED	491/492	pass-one genealogy and listed exact review/refutation	canonical one-shot algebra and finite port bookkeeping	one-shot root composition has a common type/provenance gap	two-ledger terminal-child source map	ARCHIVE_FULL_WRAPPER; KEEP_INDEPENDENT_LOCAL_RESULTS	HISTORICAL_FULL_PROPOSAL	Exact current PR head and title recovered from the live PR metadata in pass one. Pass-one disposition is genealogical/breadth review; exact theorem-level adjudication remains with A/B or a named controlling review.
489	0bb487c8a0782f601be0a3041743b357ad93726a	research: full standalone Gate A/B native-interface packet (T-92880)	native_row_hall_target_lorenz	post_cutoff_created_or_materially_updated; exact current PR metadata recovered in Reviewer C pass one	PARTIALLY_REPRESENTED	PARTIALLY_REPRESENTED	490/491	pass-one genealogy and listed exact review/refutation	explicit closing-gate decomposition	standalone Gates A/B packet retains analytic and source-realization dependencies	Gate A/B independent reconstruction	ARCHIVE_FULL_WRAPPER; KEEP_INDEPENDENT_LOCAL_RESULTS	HISTORICAL_FULL_PROPOSAL	Exact current PR head and title recovered from the live PR metadata in pass one. Pass-one disposition is genealogical/breadth review; exact theorem-level adjudication remains with A/B or a named controlling review.
490	6f46c2cf4e84d51c744263f7e92a0e1743de5148	review: PR #489 standalone Gates A/B reconstruction	native_row_hall_target_lorenz	post_cutoff_created_or_materially_updated; exact current PR metadata recovered in Reviewer C pass one	PARTIALLY_REPRESENTED	PARTIALLY_REPRESENTED	490/491/492		review-level exact counterexamples, scope repairs, and frozen-head provenance	standalone/one-shot Gates A/B packets do not reconstruct every analytic and source-realization input	use the first open arrow stated by the controlling review	KEEP_AS_CONTROLLING_REVIEW	CONTROLLED_BY_LATER_REVIEW	Exact current PR head and title recovered from the live PR metadata in pass one. Pass-one disposition is genealogical/breadth review; exact theorem-level adjudication remains with A/B or a named controlling review.
491	f5fb88c80f56e0b4e221c90f6362cf20413db02f	review: exact-head comparison of PR #488 and PR #489	native_row_hall_target_lorenz	post_cutoff_created_or_materially_updated; exact current PR metadata recovered in Reviewer C pass one	PARTIALLY_REPRESENTED	PARTIALLY_REPRESENTED	490/491/492		review-level exact counterexamples, scope repairs, and frozen-head provenance	standalone/one-shot Gates A/B packets do not reconstruct every analytic and source-realization input	use the first open arrow stated by the controlling review	KEEP_AS_CONTROLLING_REVIEW	CONTROLLED_BY_LATER_REVIEW	Exact current PR head and title recovered from the live PR metadata in pass one. Pass-one disposition is genealogical/breadth review; exact theorem-level adjudication remains with A/B or a named controlling review.
492	9be030febf71135efbbb8a997f6cee2335ed719a	review: PR #488 one-shot root composition reconstruction	native_row_hall_target_lorenz	post_cutoff_created_or_materially_updated; exact current PR metadata recovered in Reviewer C pass one	PARTIALLY_REPRESENTED	PARTIALLY_REPRESENTED	490/491/492		review-level exact counterexamples, scope repairs, and frozen-head provenance	standalone/one-shot Gates A/B packets do not reconstruct every analytic and source-realization input	use the first open arrow stated by the controlling review	KEEP_AS_CONTROLLING_REVIEW	CONTROLLED_BY_LATER_REVIEW	Exact current PR head and title recovered from the live PR metadata in pass one. Pass-one disposition is genealogical/breadth review; exact theorem-level adjudication remains with A/B or a named controlling review.
493	37f14be7c8bd16b3096baf08f6ba2cbc550797ac	falsification/repair: two-ledger factor-67 root with terminal children	native_row_hall_target_lorenz	post_cutoff_created_or_materially_updated; exact current PR metadata recovered in Reviewer C pass one	REPRESENTED_BY_A	PARTIALLY_REPRESENTED			two-ledger root repair with terminal children	no failure assigned to the retained local statement; the advertised global composition stops at the stated open gate	source-to-common-parent allocation and endpoint reconstruction	KEEP_STANDALONE_LOCAL_RESULTS; DO_NOT_PROMOTE_WRAPPER	DELTA_VERIFIED_WITH_FIXES	Exact current PR head and title recovered from the live PR metadata in pass one. Literal GitHub title recovered in pass one. Pass-one disposition is genealogical/breadth review; exact theorem-level adjudication remains with A/B or a named controlling review.
494	1468ff62c7377f3f6cc1744ef6eafc3df3172d5c	repair: actual-response one-shot closure after PR #489 reviews	native_row_hall_target_lorenz	post_cutoff_created_or_materially_updated; exact current PR metadata recovered in Reviewer C pass one	PARTIALLY_REPRESENTED	PARTIALLY_REPRESENTED	502	one-shot/two-ledger comparison	actual-response one-shot repair after reviews	no failure assigned to the retained local statement; the advertised global composition stops at the stated open gate	remaining source-realization and endpoint inputs	KEEP_STANDALONE_LOCAL_RESULTS; DO_NOT_PROMOTE_WRAPPER	DELTA_VERIFIED_WITH_FIXES	Exact current PR head and title recovered from the live PR metadata in pass one. Pass-one disposition is genealogical/breadth review; exact theorem-level adjudication remains with A/B or a named controlling review.
495	50f45b46cbe3c471d6e702c41c7ef178b530e1ab	advance: exact Volterra/Mobius common-parent source for the two-ledger factor-67 route	native_row_hall_target_lorenz	post_cutoff_created_or_materially_updated; exact current PR metadata recovered in Reviewer C pass one	REPRESENTED_BY_A	PARTIALLY_REPRESENTED	503	Volterra common-parent review	exact Volterra/Mobius common-parent source typing	no failure assigned to the retained local statement; the advertised global composition stops at the stated open gate	closing row/capacity/endpoint composition	KEEP_STANDALONE_LOCAL_RESULTS; DO_NOT_PROMOTE_WRAPPER	DELTA_VERIFIED_WITH_FIXES	Exact current PR head and title recovered from the live PR metadata in pass one. Literal GitHub title recovered in pass one. Pass-one disposition is genealogical/breadth review; exact theorem-level adjudication remains with A/B or a named controlling review.
496	96f8a6b3cc3d474217633e16d4caa490a0aae518	successor: two-ledger root firewall and terminal-child factor-67 packet	native_row_hall_target_lorenz	post_cutoff_created_or_materially_updated; exact current PR metadata recovered in Reviewer C pass one	PARTIALLY_REPRESENTED	PARTIALLY_REPRESENTED	502	one-shot/two-ledger comparison	two-ledger root firewall and terminal-child packet	no failure assigned to the retained local statement; the advertised global composition stops at the stated open gate	independent reconstruction of common-parent and endpoint chain	KEEP_STANDALONE_LOCAL_RESULTS; DO_NOT_PROMOTE_WRAPPER	DELTA_VERIFIED_WITH_FIXES	Exact current PR head and title recovered from the live PR metadata in pass one. Literal GitHub title recovered in pass one. Pass-one disposition is genealogical/breadth review; exact theorem-level adjudication remains with A/B or a named controlling review.
497	bd2a3c32ab50d8a8cec39c4b51ccd63349b23a74	proposal: complete Target-Lorenz tail and native two-ledger closure	native_row_hall_target_lorenz	post_cutoff_created_or_materially_updated; exact current PR metadata recovered in Reviewer C pass one	PARTIALLY_REPRESENTED	PARTIALLY_REPRESENTED	516	pass-one genealogy and listed exact review/refutation	finite event schema, terminal fixtures and later exact small witnesses	Boost rounded-transc inclusion contract fails and common-parent source is not defined	genuine directed tail plus typed common parent	ARCHIVE_FULL_WRAPPER; KEEP_INDEPENDENT_LOCAL_RESULTS	HISTORICAL_FULL_PROPOSAL	Exact current PR head and title recovered from the live PR metadata in pass one. Pass-one disposition is genealogical/breadth review; exact theorem-level adjudication remains with A/B or a named controlling review.
498	6cc0da2fa5711017e260ebdcea4ba8c22e453288	advance: centered Q4 cubic closure and mean-free prime major arc	q4	post_cutoff_created_or_materially_updated; exact current PR metadata recovered in Reviewer C pass one	REPRESENTED_BY_A	PARTIALLY_REPRESENTED			centered Q4 cubic criterion and mean-free prime-major-arc reduction	no failure assigned to the retained local statement; the advertised global composition stops at the stated open gate	CPBD / prime-block decorrelation	KEEP_STANDALONE_LOCAL_RESULTS; DO_NOT_PROMOTE_WRAPPER	DELTA_VERIFIED_WITH_FIXES	Exact current PR head and title recovered from the live PR metadata in pass one. Pass-one disposition is genealogical/breadth review; exact theorem-level adjudication remains with A/B or a named controlling review.
499	99d3983b57f82941131caa8d9c36e4947f1179a0	proposal: positive native common-parent response-complement closure (T-91821)	native_row_hall_target_lorenz	post_cutoff_created_or_materially_updated; exact current PR metadata recovered in Reviewer C pass one	PARTIALLY_REPRESENTED	PARTIALLY_REPRESENTED		pass-one genealogy and listed exact review/refutation	abstract physical coupling compiler	positive common-parent response-complement remains a proposal without controlling review in pass one	positive native common-parent response-complement	ARCHIVE_FULL_WRAPPER; KEEP_INDEPENDENT_LOCAL_RESULTS	HISTORICAL_FULL_PROPOSAL	Exact current PR head and title recovered from the live PR metadata in pass one. Literal GitHub title recovered in pass one. Pass-one disposition is genealogical/breadth review; exact theorem-level adjudication remains with A/B or a named controlling review.
500		[UNPINNED TITLE] PR #500 — native row hall target lorenz	native_row_hall_target_lorenz	post_cutoff_created_or_materially_updated	PARTIALLY_REPRESENTED	PARTIALLY_REPRESENTED	501	target/score/common-parent review	abstract physical coupling compiler	x=2 target/score obstruction and missing live marginal	live common-parent marginal	retain abstract theorem; archive live-proof wrapper	TARGETED_REVIEW_STILL_REQUIRED	Exact current PR head was not pinned from the frozen connector extract; no SHA was guessed. Literal GitHub title not pinned; descriptive family label used.
501		[DESCRIPTIVE] target/score and common-parent controlling review	native_row_hall_target_lorenz	post_cutoff_created_or_materially_updated	PARTIALLY_REPRESENTED	PARTIALLY_REPRESENTED			finite row, Hall, ledger, Farkas and Mellin fragments	no exact broken arrow assigned in this breadth pass	source-faithful native common-parent estimate	keep only if independently canonicalized	TARGETED_REVIEW_STILL_REQUIRED	Exact current PR head was not pinned from the frozen connector extract; no SHA was guessed.
502		[DESCRIPTIVE] one-shot/two-ledger comparison review	native_row_hall_target_lorenz	post_cutoff_created_or_materially_updated	PARTIALLY_REPRESENTED	PARTIALLY_REPRESENTED			finite row, Hall, ledger, Farkas and Mellin fragments	no exact broken arrow assigned in this breadth pass	source-faithful native common-parent estimate	keep only if independently canonicalized	TARGETED_REVIEW_STILL_REQUIRED	Exact current PR head was not pinned from the frozen connector extract; no SHA was guessed.
503		[DESCRIPTIVE] Volterra common-parent exact negative generator review	native_row_hall_target_lorenz	post_cutoff_created_or_materially_updated	PARTIALLY_REPRESENTED	PARTIALLY_REPRESENTED			finite row, Hall, ledger, Farkas and Mellin fragments	no exact broken arrow assigned in this breadth pass	source-faithful native common-parent estimate	keep only if independently canonicalized	TARGETED_REVIEW_STILL_REQUIRED	Exact current PR head was not pinned from the frozen connector extract; no SHA was guessed.
504		[DESCRIPTIVE] Target–Lorenz method review	native_row_hall_target_lorenz	post_cutoff_created_or_materially_updated	PARTIALLY_REPRESENTED	PARTIALLY_REPRESENTED			finite row, Hall, ledger, Farkas and Mellin fragments	no exact broken arrow assigned in this breadth pass	source-faithful native common-parent estimate	keep only if independently canonicalized	TARGETED_REVIEW_STILL_REQUIRED	Exact current PR head was not pinned from the frozen connector extract; no SHA was guessed.
505		[UNPINNED TITLE] PR #505 — native row hall target lorenz	native_row_hall_target_lorenz	post_cutoff_created_or_materially_updated	PARTIALLY_REPRESENTED	PARTIALLY_REPRESENTED	512	native-parity/source-firewall review	finite native-source identities	oriented child is negative / source firewall blocks the claimed lift	source-faithful two-sorted native coupling	archive failed route; retain firewall	TARGETED_REVIEW_STILL_REQUIRED	Exact current PR head was not pinned from the frozen connector extract; no SHA was guessed. Literal GitHub title not pinned; descriptive family label used.
506		[UNPINNED TITLE] PR #506 — native row hall target lorenz	native_row_hall_target_lorenz	post_cutoff_created_or_materially_updated	REPRESENTED_BY_A	PARTIALLY_REPRESENTED			finite row, Hall, ledger, Farkas and Mellin fragments	no exact broken arrow assigned in this breadth pass	source-faithful native common-parent estimate	keep only if independently canonicalized	TARGETED_REVIEW_STILL_REQUIRED	Exact current PR head was not pinned from the frozen connector extract; no SHA was guessed. Literal GitHub title not pinned; descriptive family label used.
507		[UNPINNED TITLE] PR #507 — native row hall target lorenz	native_row_hall_target_lorenz	post_cutoff_created_or_materially_updated	PARTIALLY_REPRESENTED	PARTIALLY_REPRESENTED	512	native-parity/source-firewall review	finite native-source identities	oriented child is negative / source firewall blocks the claimed lift	source-faithful two-sorted native coupling	archive failed route; retain firewall	TARGETED_REVIEW_STILL_REQUIRED	Exact current PR head was not pinned from the frozen connector extract; no SHA was guessed. Literal GitHub title not pinned; descriptive family label used.
508	4ae97dffd1f76ed3244b8f3028560ffa80663caf	[DESCRIPTIVE] directed Target–Lorenz hardening and typed-leaf native-root proposal	target_lorenz_heavy_native	post_cutoff_created_or_materially_updated	PARTIALLY_REPRESENTED	PARTIALLY_REPRESENTED	516/521/525	PR #516 exact-head review and PR #525 live-marginal review	event reduction/aggregation algebra and exact abstract typed leaf split; retained 51M campaign as computational support	rounded_transc_std<long double> singleton intervals are not directed enclosures; actual initial common parent is also undefined	L-94023/JNTLC live joint native primal feasibility or exact separator	archive full proposal; retain abstract leaf compiler and campaign only at nonproof scope	CONTROLLED_BY_LATER_REVIEW	Exact checker/result hashes are now recorded in DELTA_COMPUTATIONS.tsv; HEAVY_CAMPAIGN_NOT_RE_RUN.
509		[UNPINNED TITLE] PR #509 — native row hall target lorenz	native_row_hall_target_lorenz	post_cutoff_created_or_materially_updated	REPRESENTED_BY_A	PARTIALLY_REPRESENTED			finite row, Hall, ledger, Farkas and Mellin fragments	no exact broken arrow assigned in this breadth pass	source-faithful native common-parent estimate	keep only if independently canonicalized	TARGETED_REVIEW_STILL_REQUIRED	Exact current PR head was not pinned from the frozen connector extract; no SHA was guessed. Literal GitHub title not pinned; descriptive family label used.
510		[UNPINNED TITLE] PR #510 — native row hall target lorenz	native_row_hall_target_lorenz	post_cutoff_created_or_materially_updated	PARTIALLY_REPRESENTED	PARTIALLY_REPRESENTED	527	live-coupling sibling review	formal coupling identities	the live child marginal is not produced by either sibling	native live coupling	archive duplicate siblings; retain exact comparison	TARGETED_REVIEW_STILL_REQUIRED	Exact current PR head was not pinned from the frozen connector extract; no SHA was guessed. Literal GitHub title not pinned; descriptive family label used.
511		[DESCRIPTIVE] source-to-row compiler and two-channel repair	native_row_hall_target_lorenz	post_cutoff_created_or_materially_updated	PARTIALLY_REPRESENTED	PARTIALLY_REPRESENTED			finite row, Hall, ledger, Farkas and Mellin fragments	no exact broken arrow assigned in this breadth pass	source-faithful native common-parent estimate	keep only if independently canonicalized	TARGETED_REVIEW_STILL_REQUIRED	Exact current PR head was not pinned from the frozen connector extract; no SHA was guessed.
512		[DESCRIPTIVE] native-parity/source-firewall controlling review	native_row_hall_target_lorenz	post_cutoff_created_or_materially_updated	PARTIALLY_REPRESENTED	PARTIALLY_REPRESENTED			finite row, Hall, ledger, Farkas and Mellin fragments	no exact broken arrow assigned in this breadth pass	source-faithful native common-parent estimate	keep only if independently canonicalized	TARGETED_REVIEW_STILL_REQUIRED	Exact current PR head was not pinned from the frozen connector extract; no SHA was guessed.
513		[UNPINNED TITLE] PR #513 — native row hall target lorenz	native_row_hall_target_lorenz	post_cutoff_created_or_materially_updated	REPRESENTED_BY_A	PARTIALLY_REPRESENTED			finite row, Hall, ledger, Farkas and Mellin fragments	no exact broken arrow assigned in this breadth pass	source-faithful native common-parent estimate	keep only if independently canonicalized	TARGETED_REVIEW_STILL_REQUIRED	Exact current PR head was not pinned from the frozen connector extract; no SHA was guessed. Literal GitHub title not pinned; descriptive family label used.
514		[UNPINNED TITLE] PR #514 — native row hall target lorenz	native_row_hall_target_lorenz	post_cutoff_created_or_materially_updated	REPRESENTED_BY_A	PARTIALLY_REPRESENTED			finite row, Hall, ledger, Farkas and Mellin fragments	no exact broken arrow assigned in this breadth pass	source-faithful native common-parent estimate	keep only if independently canonicalized	TARGETED_REVIEW_STILL_REQUIRED	Exact current PR head was not pinned from the frozen connector extract; no SHA was guessed. Literal GitHub title not pinned; descriptive family label used.
515		[DESCRIPTIVE] centered Q4 cubic review	controlling_reviews_q4_target_lorenz	post_cutoff_created_or_materially_updated	REPRESENTED_BY_BOTH	REPRESENTED_BY_BOTH			review/integration record	no exact broken arrow assigned in this breadth pass	not applicable	keep only if independently canonicalized	TARGETED_REVIEW_STILL_REQUIRED	Exact current PR head was not pinned from the frozen connector extract; no SHA was guessed.
516		[DESCRIPTIVE] Target–Lorenz enclosure-contract review	controlling_reviews_q4_target_lorenz	post_cutoff_created_or_materially_updated	REPRESENTED_BY_BOTH	REPRESENTED_BY_BOTH			review/integration record	no exact broken arrow assigned in this breadth pass	not applicable	keep only if independently canonicalized	TARGETED_REVIEW_STILL_REQUIRED	Exact current PR head was not pinned from the frozen connector extract; no SHA was guessed.
517		[UNPINNED TITLE] PR #517 — controlling reviews q4 target lorenz	controlling_reviews_q4_target_lorenz	post_cutoff_created_or_materially_updated	REPRESENTED_BY_BOTH	REPRESENTED_BY_BOTH			review/integration record	no exact broken arrow assigned in this breadth pass	not applicable	keep only if independently canonicalized	TARGETED_REVIEW_STILL_REQUIRED	Exact current PR head was not pinned from the frozen connector extract; no SHA was guessed. Literal GitHub title not pinned; descriptive family label used.
518	3277b831b30f4783ed3b087df57e95b9f7dfd7b0	[DESCRIPTIVE] upstream Hall/endpoint/Landau full proposal	controlling_reviews_q4_target_lorenz	post_cutoff_created_or_materially_updated	PARTIALLY_REPRESENTED	REPRESENTED_BY_BOTH	525	activation-knot exact review	endpoint/Hall/Landau consumers independent of the false cell theorem	the whole-cell inequality fails at an activation-knot boundary cell	activation-aware whole-cell theorem	archive historical full proposal; retain consumers	CONTROLLED_BY_LATER_REFUTATION	
519	fb15b598734546230aa51a16dda28488d214729f	[UNPINNED TITLE] PR #519 — controlling reviews q4 target lorenz	controlling_reviews_q4_target_lorenz	post_cutoff_created_or_materially_updated	REPRESENTED_BY_BOTH	REPRESENTED_BY_BOTH	528	Q4/cubic/zero-safe review	cubic shell identities, fixed/sublinear-order Q4–Hermite positivity, r>=2 zero-safe smoothing	claimed uniform tail/leading-constant or r=1 promotion requires correction	fixed positive leading constant / global tail estimate	extract surviving theorems; keep terminal gate live	CONTROLLED_BY_LATER_REVIEW	Literal GitHub title not pinned; descriptive family label used.
520	41db5f783c751e66c786f18fa7fbd6d9bf229a8d	[DESCRIPTIVE] phase-locked Q4–Hermite frontier	controlling_reviews_q4_target_lorenz	post_cutoff_created_or_materially_updated	PARTIALLY_REPRESENTED	REPRESENTED_BY_B	528	Q4/cubic/zero-safe review	cubic shell identities, fixed/sublinear-order Q4–Hermite positivity, r>=2 zero-safe smoothing	claimed uniform tail/leading-constant or r=1 promotion requires correction	fixed positive leading constant / global tail estimate	extract surviving theorems; keep terminal gate live	CONTROLLED_BY_LATER_REVIEW	
521	b4a60a54b1d730a73ab1eb6bb571485dd40438d0	research: reconstruct Target-Lorenz live marginal and joint native gate	target_lorenz_live_marginal	post_cutoff_created_or_materially_updated	PARTIALLY_REPRESENTED	REPRESENTED_BY_BOTH	525/561/652	PR #525 plus Reviewer B cross-review PR #711 follow-up	exact live source/path registry, q=2 negative-child firewall and one joint finite primal/Farkas formulation	branchwise positive actual-child realization is impossible; joint template feasibility is not proved	uniform L-94023/JNTLC feasibility on the actual marginal	canonicalize registry, firewall and finite alternative; archive any completed-wrapper reading	DELTA_VERIFIED_WITH_FIXES	The finite reduction is exact; feasibility remains open.
522	3e8949af3e23b8563bfbc0cf8846820cc6c66d76	[UNPINNED TITLE] PR #522 — controlling reviews q4 target lorenz	controlling_reviews_q4_target_lorenz	post_cutoff_created_or_materially_updated	REPRESENTED_BY_BOTH	REPRESENTED_BY_BOTH	527	live-coupling sibling review	formal coupling identities	the live child marginal is not produced by either sibling	native live coupling	archive duplicate siblings; retain exact comparison	DUPLICATE_RECOVERY	Literal GitHub title not pinned; descriptive family label used.
523	f2e2e96c48285f59a8df807ba49122778cb10ff4	[UNPINNED TITLE] PR #523 — controlling reviews q4 target lorenz	controlling_reviews_q4_target_lorenz	post_cutoff_created_or_materially_updated	REPRESENTED_BY_BOTH	REPRESENTED_BY_BOTH	528	Q4/cubic/zero-safe review	cubic shell identities, fixed/sublinear-order Q4–Hermite positivity, r>=2 zero-safe smoothing	claimed uniform tail/leading-constant or r=1 promotion requires correction	fixed positive leading constant / global tail estimate	extract surviving theorems; keep terminal gate live	CONTROLLED_BY_LATER_REVIEW	Literal GitHub title not pinned; descriptive family label used.
524	079a80308a218e924d86030c4df40410df960592	[UNPINNED TITLE] PR #524 — controlling reviews q4 target lorenz	controlling_reviews_q4_target_lorenz	post_cutoff_created_or_materially_updated	PARTIALLY_REPRESENTED	REPRESENTED_BY_BOTH			review/integration record	no exact broken arrow assigned in this breadth pass	not applicable	keep only if independently canonicalized	HISTORICAL_FULL_PROPOSAL	Literal GitHub title not pinned; descriptive family label used.
525		[DESCRIPTIVE] activation-knot and live-marginal controlling review	controlling_reviews_q4_target_lorenz	post_cutoff_created_or_materially_updated	PARTIALLY_REPRESENTED	REPRESENTED_BY_BOTH			review/integration record	no exact broken arrow assigned in this breadth pass	not applicable	keep only if independently canonicalized	TARGETED_REVIEW_STILL_REQUIRED	Exact current PR head was not pinned from the frozen connector extract; no SHA was guessed.
526		[UNPINNED TITLE] PR #526 — controlling reviews q4 target lorenz	controlling_reviews_q4_target_lorenz	post_cutoff_created_or_materially_updated	REPRESENTED_BY_BOTH	REPRESENTED_BY_BOTH			review/integration record	no exact broken arrow assigned in this breadth pass	not applicable	keep only if independently canonicalized	TARGETED_REVIEW_STILL_REQUIRED	Exact current PR head was not pinned from the frozen connector extract; no SHA was guessed. Literal GitHub title not pinned; descriptive family label used.
527		[DESCRIPTIVE] live-coupling sibling controlling review	controlling_reviews_q4_target_lorenz	post_cutoff_created_or_materially_updated	PARTIALLY_REPRESENTED	REPRESENTED_BY_BOTH			review/integration record	no exact broken arrow assigned in this breadth pass	not applicable	keep only if independently canonicalized	TARGETED_REVIEW_STILL_REQUIRED	Exact current PR head was not pinned from the frozen connector extract; no SHA was guessed.
528		[DESCRIPTIVE] Q4/cubic/zero-safe successor review	controlling_reviews_q4_target_lorenz	post_cutoff_created_or_materially_updated	REPRESENTED_BY_BOTH	REPRESENTED_BY_BOTH			review/integration record	no exact broken arrow assigned in this breadth pass	not applicable	keep only if independently canonicalized	TARGETED_REVIEW_STILL_REQUIRED	Exact current PR head was not pinned from the frozen connector extract; no SHA was guessed.
529		[UNPINNED TITLE] PR #529 — native compilers q4 normalization	native_compilers_q4_normalization	post_cutoff_created_or_materially_updated	PARTIALLY_REPRESENTED	PARTIALLY_REPRESENTED			finite row, Hall, ledger, Farkas and Mellin fragments	no exact broken arrow assigned in this breadth pass	source-faithful native common-parent estimate	keep only if independently canonicalized	TARGETED_REVIEW_STILL_REQUIRED	Exact current PR head was not pinned from the frozen connector extract; no SHA was guessed. Literal GitHub title not pinned; descriptive family label used.
530	6c818a35094b978863a08bde4227d1f4ad9b65d4	[DESCRIPTIVE] native endpoint-detail finite compiler	native_compilers_q4_normalization	post_cutoff_created_or_materially_updated	PARTIALLY_REPRESENTED	PARTIALLY_REPRESENTED	541	native-gap endpoint-normalization firewall	finite compilers and local row algebra	endpoint deficit uses J-H=F+<Y4,...>; omitted Y4 term invalidates the composition	Y4-zero repair cone with native normalization	archive full wrappers; extract finite compilers	CONTROLLED_BY_LATER_REVIEW	
531		[UNPINNED TITLE] PR #531 — native compilers q4 normalization	native_compilers_q4_normalization	post_cutoff_created_or_materially_updated	REPRESENTED_BY_A	PARTIALLY_REPRESENTED			finite row, Hall, ledger, Farkas and Mellin fragments	no exact broken arrow assigned in this breadth pass	source-faithful native common-parent estimate	keep only if independently canonicalized	TARGETED_REVIEW_STILL_REQUIRED	Exact current PR head was not pinned from the frozen connector extract; no SHA was guessed. Literal GitHub title not pinned; descriptive family label used.
532		[UNPINNED TITLE] PR #532 — native compilers q4 normalization	native_compilers_q4_normalization	post_cutoff_created_or_materially_updated	REPRESENTED_BY_A	PARTIALLY_REPRESENTED			finite row, Hall, ledger, Farkas and Mellin fragments	no exact broken arrow assigned in this breadth pass	source-faithful native common-parent estimate	keep only if independently canonicalized	TARGETED_REVIEW_STILL_REQUIRED	Exact current PR head was not pinned from the frozen connector extract; no SHA was guessed. Literal GitHub title not pinned; descriptive family label used.
533		[UNPINNED TITLE] PR #533 — native compilers q4 normalization	native_compilers_q4_normalization	post_cutoff_created_or_materially_updated	PARTIALLY_REPRESENTED	PARTIALLY_REPRESENTED	541	native-gap endpoint-normalization firewall	finite compilers and local row algebra	endpoint deficit uses J-H=F+<Y4,...>; omitted Y4 term invalidates the composition	Y4-zero repair cone with native normalization	archive full wrappers; extract finite compilers	TARGETED_REVIEW_STILL_REQUIRED	Exact current PR head was not pinned from the frozen connector extract; no SHA was guessed. Literal GitHub title not pinned; descriptive family label used.
534		[UNPINNED TITLE] PR #534 — native compilers q4 normalization	native_compilers_q4_normalization	post_cutoff_created_or_materially_updated	PARTIALLY_REPRESENTED	PARTIALLY_REPRESENTED	541	native-gap endpoint-normalization firewall	finite compilers and local row algebra	endpoint deficit uses J-H=F+<Y4,...>; omitted Y4 term invalidates the composition	Y4-zero repair cone with native normalization	archive full wrappers; extract finite compilers	TARGETED_REVIEW_STILL_REQUIRED	Exact current PR head was not pinned from the frozen connector extract; no SHA was guessed. Literal GitHub title not pinned; descriptive family label used.
535	988e9bfa55e7ed13c0ddbcab2f6138a83fd4f743	[UNPINNED TITLE] PR #535 — native compilers q4 normalization	native_compilers_q4_normalization	post_cutoff_created_or_materially_updated	PARTIALLY_REPRESENTED	PARTIALLY_REPRESENTED	541	native-gap endpoint-normalization firewall	finite compilers and local row algebra	endpoint deficit uses J-H=F+<Y4,...>; omitted Y4 term invalidates the composition	Y4-zero repair cone with native normalization	archive full wrappers; extract finite compilers	CONTROLLED_BY_LATER_REVIEW	Literal GitHub title not pinned; descriptive family label used.
536		[UNPINNED TITLE] PR #536 — native compilers q4 normalization	native_compilers_q4_normalization	post_cutoff_created_or_materially_updated	PARTIALLY_REPRESENTED	PARTIALLY_REPRESENTED	541	native-gap endpoint-normalization firewall	finite compilers and local row algebra	endpoint deficit uses J-H=F+<Y4,...>; omitted Y4 term invalidates the composition	Y4-zero repair cone with native normalization	archive full wrappers; extract finite compilers	TARGETED_REVIEW_STILL_REQUIRED	Exact current PR head was not pinned from the frozen connector extract; no SHA was guessed. Literal GitHub title not pinned; descriptive family label used.
537	2c2d4dd834ee61c54a6f8bdd7ba204a01896d593	[UNPINNED TITLE] PR #537 — native compilers q4 normalization	native_compilers_q4_normalization	post_cutoff_created_or_materially_updated	PARTIALLY_REPRESENTED	PARTIALLY_REPRESENTED	544/552	fixed-product and rough-store transport reviews	direct consumer transforms and local projective identities	fixed-product transport/rough-store closure fails on the live source	source-faithful two-row transport	archive global-shadow wrappers; retain direct consumers	CONTROLLED_BY_LATER_REFUTATION	Literal GitHub title not pinned; descriptive family label used.
538		[DESCRIPTIVE] signed carry span and positive subcone theorem	native_compilers_q4_normalization	post_cutoff_created_or_materially_updated	PARTIALLY_REPRESENTED	PARTIALLY_REPRESENTED			finite row, Hall, ledger, Farkas and Mellin fragments	no exact broken arrow assigned in this breadth pass	source-faithful native common-parent estimate	keep only if independently canonicalized	TARGETED_REVIEW_STILL_REQUIRED	Exact current PR head was not pinned from the frozen connector extract; no SHA was guessed.
539		[UNPINNED TITLE] PR #539 — native compilers q4 normalization	native_compilers_q4_normalization	post_cutoff_created_or_materially_updated	REPRESENTED_BY_A	PARTIALLY_REPRESENTED			finite row, Hall, ledger, Farkas and Mellin fragments	no exact broken arrow assigned in this breadth pass	source-faithful native common-parent estimate	keep only if independently canonicalized	TARGETED_REVIEW_STILL_REQUIRED	Exact current PR head was not pinned from the frozen connector extract; no SHA was guessed. Literal GitHub title not pinned; descriptive family label used.
540	d2984600a848aca04f27b46bda86bd92229a4a0b	research reset: positive scale-four divisor compiler and boundary firewall	q4_positive_divisor_compiler	post_cutoff_created_or_materially_updated	PARTIALLY_REPRESENTED	REPRESENTED_BY_B	563/573/580/600/606	Reviewer A cross-review PR #710 plus Reviewer C exact-source follow-up	positive scale-four inverse coefficients, nonnegative generalized primes, coefficient-one divisor Markov compiler and unit-boundary no-go	positive multiplicative source exhaustion has macroscopic additive capacity and cannot recover the reciprocal state source-free	source-specific signed Q4 additive/critical estimate	extract local compiler and firewall; do not preserve a closure wrapper	DELTA_VERIFIED_WITH_FIXES	Earlier omitted-result provenance defect is resolved by a separate resolution row; original defect remains recorded.
541		[DESCRIPTIVE] native-gap endpoint-normalization firewall	native_compilers_q4_normalization	post_cutoff_created_or_materially_updated	PARTIALLY_REPRESENTED	PARTIALLY_REPRESENTED			finite row, Hall, ledger, Farkas and Mellin fragments	no exact broken arrow assigned in this breadth pass	source-faithful native common-parent estimate	keep only if independently canonicalized	TARGETED_REVIEW_STILL_REQUIRED	Exact current PR head was not pinned from the frozen connector extract; no SHA was guessed.
542	ca5fb69c15cda29b3b589660f9be44ea2f440677	[DESCRIPTIVE] direct-row Mellin–Landau candidate	native_compilers_q4_normalization	post_cutoff_created_or_materially_updated	PARTIALLY_REPRESENTED	PARTIALLY_REPRESENTED	552	exact two-row frontier	fixed annular rows 2 and 3 detect reciprocal-zeta poles and have no common numerator zero	positivity/source producer is absent	TRP23 or equivalent fixed two-row witness	keep conditional consumer live; extract theorem	CONTROLLED_BY_LATER_REVIEW	
543		[UNPINNED TITLE] PR #543 — native compilers q4 normalization	native_compilers_q4_normalization	post_cutoff_created_or_materially_updated	REPRESENTED_BY_A	PARTIALLY_REPRESENTED	544/552	fixed-product and rough-store transport reviews	direct consumer transforms and local projective identities	fixed-product transport/rough-store closure fails on the live source	source-faithful two-row transport	archive global-shadow wrappers; retain direct consumers	TARGETED_REVIEW_STILL_REQUIRED	Exact current PR head was not pinned from the frozen connector extract; no SHA was guessed. Literal GitHub title not pinned; descriptive family label used.
544		[UNPINNED TITLE] PR #544 — native compilers q4 normalization	native_compilers_q4_normalization	post_cutoff_created_or_materially_updated	REPRESENTED_BY_A	PARTIALLY_REPRESENTED			finite row, Hall, ledger, Farkas and Mellin fragments	no exact broken arrow assigned in this breadth pass	source-faithful native common-parent estimate	keep only if independently canonicalized	TARGETED_REVIEW_STILL_REQUIRED	Exact current PR head was not pinned from the frozen connector extract; no SHA was guessed. Literal GitHub title not pinned; descriptive family label used.
545		[DESCRIPTIVE] direct annular two-row Mellin–Landau	two_row_mellin_factor67_parity	post_cutoff_created_or_materially_updated	PARTIALLY_REPRESENTED	PARTIALLY_REPRESENTED	552	exact two-row frontier	fixed annular rows 2 and 3 detect reciprocal-zeta poles and have no common numerator zero	positivity/source producer is absent	TRP23 or equivalent fixed two-row witness	keep conditional consumer live; extract theorem	TARGETED_REVIEW_STILL_REQUIRED	Exact current PR head was not pinned from the frozen connector extract; no SHA was guessed.
546	f920202ea15c577bf05fa58370bdc3d8313868cd	[DESCRIPTIVE] phase-locked safe-line/two-row packet	two_row_mellin_factor67_parity	post_cutoff_created_or_materially_updated	REPRESENTED_BY_A	PARTIALLY_REPRESENTED			finite row, Hall, ledger, Farkas and Mellin fragments	no exact broken arrow assigned in this breadth pass	source-faithful native common-parent estimate	keep only if independently canonicalized	REPRESENTED_BY_A	
547	d60f93b0e207a83a283fb229eb988aa4c404765d	[DESCRIPTIVE] annular rows 2–3 Mellin–Landau theorem	two_row_mellin_factor67_parity	post_cutoff_created_or_materially_updated	PARTIALLY_REPRESENTED	PARTIALLY_REPRESENTED	552	exact two-row frontier	fixed annular rows 2 and 3 detect reciprocal-zeta poles and have no common numerator zero	positivity/source producer is absent	TRP23 or equivalent fixed two-row witness	keep conditional consumer live; extract theorem	CONTROLLED_BY_LATER_REVIEW	
548		[UNPINNED TITLE] PR #548 — two row mellin factor67 parity	two_row_mellin_factor67_parity	post_cutoff_created_or_materially_updated	REPRESENTED_BY_A	PARTIALLY_REPRESENTED	544/552	fixed-product and rough-store transport reviews	direct consumer transforms and local projective identities	fixed-product transport/rough-store closure fails on the live source	source-faithful two-row transport	archive global-shadow wrappers; retain direct consumers	TARGETED_REVIEW_STILL_REQUIRED	Exact current PR head was not pinned from the frozen connector extract; no SHA was guessed. Literal GitHub title not pinned; descriptive family label used.
549		[UNPINNED TITLE] PR #549 — two row mellin factor67 parity	two_row_mellin_factor67_parity	post_cutoff_created_or_materially_updated	REPRESENTED_BY_A	PARTIALLY_REPRESENTED	544/552	fixed-product and rough-store transport reviews	direct consumer transforms and local projective identities	fixed-product transport/rough-store closure fails on the live source	source-faithful two-row transport	archive global-shadow wrappers; retain direct consumers	TARGETED_REVIEW_STILL_REQUIRED	Exact current PR head was not pinned from the frozen connector extract; no SHA was guessed. Literal GitHub title not pinned; descriptive family label used.
550	20646a78c3e8843001cb49ea0c9741f6d0d446f7	[UNPINNED TITLE] PR #550 — two row mellin factor67 parity	two_row_mellin_factor67_parity	post_cutoff_created_or_materially_updated	PARTIALLY_REPRESENTED	PARTIALLY_REPRESENTED	561	binding parity-covariant gluing review	finite Lorenz and row identities	parity-blind leaf gluing reverses sign on an exact odd-history leaf	GPHT23/parity-covariant source theorem	archive full wrappers; retain parity fixture	CONTROLLED_BY_LATER_REVIEW	Literal GitHub title not pinned; descriptive family label used.
551		[UNPINNED TITLE] PR #551 — two row mellin factor67 parity	two_row_mellin_factor67_parity	post_cutoff_created_or_materially_updated	REPRESENTED_BY_A	PARTIALLY_REPRESENTED			finite row, Hall, ledger, Farkas and Mellin fragments	no exact broken arrow assigned in this breadth pass	source-faithful native common-parent estimate	keep only if independently canonicalized	TARGETED_REVIEW_STILL_REQUIRED	Exact current PR head was not pinned from the frozen connector extract; no SHA was guessed. Literal GitHub title not pinned; descriptive family label used.
552	81df9c3f507aba0e5f21187044583a0d6fb90db9	[DESCRIPTIVE] exact two-row transport frontier	two_row_mellin_factor67_parity	post_cutoff_created_or_materially_updated	PARTIALLY_REPRESENTED	PARTIALLY_REPRESENTED			finite row, Hall, ledger, Farkas and Mellin fragments	no exact broken arrow assigned in this breadth pass	source-faithful native common-parent estimate	keep only if independently canonicalized	REPRESENTED_BY_A	
553	5496d87ad04dc288921cc397213f93f451f10d36	[DESCRIPTIVE] critical exponent and dyadic Julia firewall	two_row_mellin_factor67_parity	post_cutoff_created_or_materially_updated	REPRESENTED_BY_A	PARTIALLY_REPRESENTED			finite row, Hall, ledger, Farkas and Mellin fragments	no exact broken arrow assigned in this breadth pass	source-faithful native common-parent estimate	keep only if independently canonicalized	REPRESENTED_BY_A	
554	4d920d8e35389620ee1ce0b4f66bcef50b22d459	[DESCRIPTIVE] Q4 channel-swap/Peano packet	two_row_mellin_factor67_parity	post_cutoff_created_or_materially_updated	REPRESENTED_BY_A	PARTIALLY_REPRESENTED			finite row, Hall, ledger, Farkas and Mellin fragments	no exact broken arrow assigned in this breadth pass	source-faithful native common-parent estimate	keep only if independently canonicalized	REPRESENTED_BY_A	
555		[UNPINNED TITLE] PR #555 — two row mellin factor67 parity	two_row_mellin_factor67_parity	post_cutoff_created_or_materially_updated	PARTIALLY_REPRESENTED	PARTIALLY_REPRESENTED	561	binding parity-covariant gluing review	finite Lorenz and row identities	parity-blind leaf gluing reverses sign on an exact odd-history leaf	GPHT23/parity-covariant source theorem	archive full wrappers; retain parity fixture	TARGETED_REVIEW_STILL_REQUIRED	Exact current PR head was not pinned from the frozen connector extract; no SHA was guessed. Literal GitHub title not pinned; descriptive family label used.
556		[UNPINNED TITLE] PR #556 — two row mellin factor67 parity	two_row_mellin_factor67_parity	post_cutoff_created_or_materially_updated	PARTIALLY_REPRESENTED	PARTIALLY_REPRESENTED	561	binding parity-covariant gluing review	finite Lorenz and row identities	parity-blind leaf gluing reverses sign on an exact odd-history leaf	GPHT23/parity-covariant source theorem	archive full wrappers; retain parity fixture	TARGETED_REVIEW_STILL_REQUIRED	Exact current PR head was not pinned from the frozen connector extract; no SHA was guessed. Literal GitHub title not pinned; descriptive family label used.
557	d11b08938c4db6a6192e96c564a7818cffc77100	[DESCRIPTIVE] unique 5:3 scalar and prefix theorem	two_row_mellin_factor67_parity	post_cutoff_created_or_materially_updated	REPRESENTED_BY_A	PARTIALLY_REPRESENTED			finite row, Hall, ledger, Farkas and Mellin fragments	no exact broken arrow assigned in this breadth pass	source-faithful native common-parent estimate	keep only if independently canonicalized	REPRESENTED_BY_A	
558		[UNPINNED TITLE] PR #558 — two row mellin factor67 parity	two_row_mellin_factor67_parity	post_cutoff_created_or_materially_updated	PARTIALLY_REPRESENTED	PARTIALLY_REPRESENTED			finite row, Hall, ledger, Farkas and Mellin fragments	no exact broken arrow assigned in this breadth pass	source-faithful native common-parent estimate	keep only if independently canonicalized	TARGETED_REVIEW_STILL_REQUIRED	Exact current PR head was not pinned from the frozen connector extract; no SHA was guessed. Literal GitHub title not pinned; descriptive family label used.
559		[UNPINNED TITLE] PR #559 — two row mellin factor67 parity	two_row_mellin_factor67_parity	post_cutoff_created_or_materially_updated	PARTIALLY_REPRESENTED	PARTIALLY_REPRESENTED	561	binding parity-covariant gluing review	finite Lorenz and row identities	parity-blind leaf gluing reverses sign on an exact odd-history leaf	GPHT23/parity-covariant source theorem	archive full wrappers; retain parity fixture	TARGETED_REVIEW_STILL_REQUIRED	Exact current PR head was not pinned from the frozen connector extract; no SHA was guessed. Literal GitHub title not pinned; descriptive family label used.
560		[UNPINNED TITLE] PR #560 — two row mellin factor67 parity	two_row_mellin_factor67_parity	post_cutoff_created_or_materially_updated	PARTIALLY_REPRESENTED	PARTIALLY_REPRESENTED	561	binding parity-covariant gluing review	finite Lorenz and row identities	parity-blind leaf gluing reverses sign on an exact odd-history leaf	GPHT23/parity-covariant source theorem	archive full wrappers; retain parity fixture	TARGETED_REVIEW_STILL_REQUIRED	Exact current PR head was not pinned from the frozen connector extract; no SHA was guessed. Literal GitHub title not pinned; descriptive family label used.
561	db9bdc63c855c6ddf664b763d748f8155a6a2c67	[DESCRIPTIVE] binding parity-covariant gluing review	two_row_mellin_factor67_parity	post_cutoff_created_or_materially_updated	PARTIALLY_REPRESENTED	PARTIALLY_REPRESENTED			finite row, Hall, ledger, Farkas and Mellin fragments	no exact broken arrow assigned in this breadth pass	source-faithful native common-parent estimate	keep only if independently canonicalized	REPRESENTED_BY_A	
562	9537096f498c7ee0ca2141394f43f0a2f704cce4	[UNPINNED TITLE] PR #562 — carry q4 factor67 hardening	carry_q4_factor67_hardening	post_cutoff_created_or_materially_updated	REPRESENTED_BY_A	PARTIALLY_REPRESENTED	572	bottom-contact/root-port review	carry and boundary-contact identities	PICR separator is false	one-channel root-port positivity	archive PICR wrapper; retain carry identity	CONTROLLED_BY_LATER_REFUTATION	Literal GitHub title not pinned; descriptive family label used.
563	c4cc65cccb3f13a6499506cf3c26bd521c455864	[DESCRIPTIVE] Q4 passive-state and Peano packet	carry_q4_factor67_hardening	post_cutoff_created_or_materially_updated	PARTIALLY_REPRESENTED	REPRESENTED_BY_B			finite row, Hall, ledger, Farkas and Mellin fragments	no exact broken arrow assigned in this breadth pass	source-faithful native common-parent estimate	keep only if independently canonicalized	REPRESENTED_BY_A	
564	c74fe9bd7fd284718f4dcef8328af07e553d9d90	[UNPINNED TITLE] PR #564 — carry q4 factor67 hardening	carry_q4_factor67_hardening	post_cutoff_created_or_materially_updated	REPRESENTED_BY_A	PARTIALLY_REPRESENTED			finite row, Hall, ledger, Farkas and Mellin fragments	no exact broken arrow assigned in this breadth pass	source-faithful native common-parent estimate	keep only if independently canonicalized	REPRESENTED_BY_A	Literal GitHub title not pinned; descriptive family label used.
565	339e3367660f40c74795802a6f8170b15e19b13a	[DESCRIPTIVE] factor-67 complete salvage proposal A	carry_q4_factor67_hardening	post_cutoff_created_or_materially_updated	PARTIALLY_REPRESENTED	PARTIALLY_REPRESENTED	576/586	P61 bias and hostile source-interface reviews	finite Lorenz comparisons and some exact P61 local algebra	1/40 bias is false (repaired to 1/42) and signed/positive source interfaces are mismatched	CPSL/native current theorem	archive complete proposals; retain repaired 1/42 theorem	CONTROLLED_BY_LATER_REFUTATION	
566	2407b4ffe5024a2e3898922cf0b722d5cf69e496	[DESCRIPTIVE] factor-67 complete salvage proposal B	carry_q4_factor67_hardening	post_cutoff_created_or_materially_updated	PARTIALLY_REPRESENTED	PARTIALLY_REPRESENTED	576/586	P61 bias and hostile source-interface reviews	finite Lorenz comparisons and some exact P61 local algebra	1/40 bias is false (repaired to 1/42) and signed/positive source interfaces are mismatched	CPSL/native current theorem	archive complete proposals; retain repaired 1/42 theorem	CONTROLLED_BY_LATER_REFUTATION	
567	50e596560b4f6f423e87fd6718d74913d863df99	[UNPINNED TITLE] PR #567 — carry q4 factor67 hardening	carry_q4_factor67_hardening	post_cutoff_created_or_materially_updated	PARTIALLY_REPRESENTED	PARTIALLY_REPRESENTED	571/574	intentional Hall retraction	atomwise parity correction identities	Cauchy–Binet/checkerboard positivity does not imply global Hall	global feasible Hall theorem	archive closure claim; retain atomwise correction	CONTROLLED_BY_LATER_REVIEW	Literal GitHub title not pinned; descriptive family label used.
568	085d046905bfd32a5725632650039e58bb7fc1f7	[UNPINNED TITLE] PR #568 — carry q4 factor67 hardening	carry_q4_factor67_hardening	post_cutoff_created_or_materially_updated	PARTIALLY_REPRESENTED	PARTIALLY_REPRESENTED			finite row, Hall, ledger, Farkas and Mellin fragments	no exact broken arrow assigned in this breadth pass	source-faithful native common-parent estimate	keep only if independently canonicalized	REPRESENTED_BY_A	Literal GitHub title not pinned; descriptive family label used.
569		[UNPINNED TITLE] PR #569 — carry q4 factor67 hardening	carry_q4_factor67_hardening	post_cutoff_created_or_materially_updated	REPRESENTED_BY_A	PARTIALLY_REPRESENTED			finite row, Hall, ledger, Farkas and Mellin fragments	no exact broken arrow assigned in this breadth pass	source-faithful native common-parent estimate	keep only if independently canonicalized	TARGETED_REVIEW_STILL_REQUIRED	Exact current PR head was not pinned from the frozen connector extract; no SHA was guessed. Literal GitHub title not pinned; descriptive family label used.
570	992404909d6c2940ae8ae849633fe5530ed79db0	[UNPINNED TITLE] PR #570 — carry q4 factor67 hardening	carry_q4_factor67_hardening	post_cutoff_created_or_materially_updated	REPRESENTED_BY_A	PARTIALLY_REPRESENTED	582	reciprocal-Julia separator review	local reciprocal-Julia algebra	local trace/separator does not close the global extraction	RJTE/TFPE/ACBI/FCBI	keep local theorem; classify global gates open	CONTROLLED_BY_LATER_REVIEW	Literal GitHub title not pinned; descriptive family label used.
571	804a00a71b7a1972296ae49da24bfb6b5c1a7603	[DESCRIPTIVE] checkerboard/Hall retraction	carry_q4_factor67_hardening	post_cutoff_created_or_materially_updated	PARTIALLY_REPRESENTED	PARTIALLY_REPRESENTED			finite row, Hall, ledger, Farkas and Mellin fragments	no exact broken arrow assigned in this breadth pass	source-faithful native common-parent estimate	keep only if independently canonicalized	REPRESENTED_BY_A	
572		[UNPINNED TITLE] PR #572 — carry q4 factor67 hardening	carry_q4_factor67_hardening	post_cutoff_created_or_materially_updated	REPRESENTED_BY_A	PARTIALLY_REPRESENTED			finite row, Hall, ledger, Farkas and Mellin fragments	no exact broken arrow assigned in this breadth pass	source-faithful native common-parent estimate	keep only if independently canonicalized	TARGETED_REVIEW_STILL_REQUIRED	Exact current PR head was not pinned from the frozen connector extract; no SHA was guessed. Literal GitHub title not pinned; descriptive family label used.
573	0865242eb9dc0ed6094afc8a87a52b974c6f1307	[DESCRIPTIVE] Q4 finite odd-core preconditioner	carry_q4_factor67_hardening	post_cutoff_created_or_materially_updated	PARTIALLY_REPRESENTED	REPRESENTED_BY_B			finite row, Hall, ledger, Farkas and Mellin fragments	no exact broken arrow assigned in this breadth pass	source-faithful native common-parent estimate	keep only if independently canonicalized	REPRESENTED_BY_A	
574	74fba7f3e55fa9a53d1eb814e5067f5011ef5e86	[DESCRIPTIVE] Hall reconciliation/retraction	carry_q4_factor67_hardening	post_cutoff_created_or_materially_updated	PARTIALLY_REPRESENTED	PARTIALLY_REPRESENTED			finite row, Hall, ledger, Farkas and Mellin fragments	no exact broken arrow assigned in this breadth pass	source-faithful native common-parent estimate	keep only if independently canonicalized	REPRESENTED_BY_A	
575	265c481ebd02807ab7d9a95cb0cf905a22c1876f	[UNPINNED TITLE] PR #575 — carry q4 factor67 hardening	carry_q4_factor67_hardening	post_cutoff_created_or_materially_updated	PARTIALLY_REPRESENTED	PARTIALLY_REPRESENTED			finite row, Hall, ledger, Farkas and Mellin fragments	no exact broken arrow assigned in this breadth pass	source-faithful native common-parent estimate	keep only if independently canonicalized	REPRESENTED_BY_A	Literal GitHub title not pinned; descriptive family label used.
576	0f6ea6eae813c1d867ae50744cf5fd57e2720bb7	[DESCRIPTIVE] repaired P61 bias and source-interface firewall	carry_q4_factor67_hardening	post_cutoff_created_or_materially_updated	PARTIALLY_REPRESENTED	PARTIALLY_REPRESENTED			finite row, Hall, ledger, Farkas and Mellin fragments	no exact broken arrow assigned in this breadth pass	source-faithful native common-parent estimate	keep only if independently canonicalized	RETAINED_HEAVY_CERTIFICATE	
577		[DESCRIPTIVE] CPSL67-to-RH exact reduction paper	carry_q4_factor67_hardening	post_cutoff_created_or_materially_updated	PARTIALLY_REPRESENTED	PARTIALLY_REPRESENTED			finite row, Hall, ledger, Farkas and Mellin fragments	no exact broken arrow assigned in this breadth pass	source-faithful native common-parent estimate	keep only if independently canonicalized	TARGETED_REVIEW_STILL_REQUIRED	Exact current PR head was not pinned from the frozen connector extract; no SHA was guessed.
578	981bfef5fcfa3a39ccf4f50875cf8a6057650268	[DESCRIPTIVE] small-prime adaptive parity cube and LAPBR proposal	carry_q4_factor67_hardening	post_cutoff_created_or_materially_updated	PARTIALLY_REPRESENTED	PARTIALLY_REPRESENTED	589/590/593/594/598	exact Bellman/subcritical reviews	small-prime adaptive cube and source ledger identities	LAPBR is false; all subcritical count/depth variants miss residual histories	RBLPTE/source-faithful critical Bellman estimate	archive complete wrapper; retain exact no-go chain	CONTROLLED_BY_LATER_REFUTATION	
579	9f56688236d33c515a92032c640888488c06ed6e	[UNPINNED TITLE] PR #579 — carry q4 factor67 hardening	carry_q4_factor67_hardening	post_cutoff_created_or_materially_updated	REPRESENTED_BY_A	PARTIALLY_REPRESENTED			finite row, Hall, ledger, Farkas and Mellin fragments	no exact broken arrow assigned in this breadth pass	source-faithful native common-parent estimate	keep only if independently canonicalized	RETAINED_HEAVY_CERTIFICATE	Literal GitHub title not pinned; descriptive family label used.
580	812e7fcbaff2dd1c2c53c885def7b6c0d0e68a05	[DESCRIPTIVE] Q4 annularization and Type I/II decomposition	carry_q4_factor67_hardening	post_cutoff_created_or_materially_updated	REPRESENTED_BY_A	PARTIALLY_REPRESENTED			finite row, Hall, ledger, Farkas and Mellin fragments	no exact broken arrow assigned in this breadth pass	source-faithful native common-parent estimate	keep only if independently canonicalized	RETAINED_HEAVY_CERTIFICATE	
581	62aaa54ac49f0aa89fd58f14a539cc53089f884c	[UNPINNED TITLE] PR #581 — carry q4 factor67 hardening	carry_q4_factor67_hardening	post_cutoff_created_or_materially_updated	REPRESENTED_BY_A	PARTIALLY_REPRESENTED			finite row, Hall, ledger, Farkas and Mellin fragments	no exact broken arrow assigned in this breadth pass	source-faithful native common-parent estimate	keep only if independently canonicalized	REPRESENTED_BY_A	Literal GitHub title not pinned; descriptive family label used.
582	699f9f119a66823702e96fba95cc8b14b8251c60	[DESCRIPTIVE] reciprocal-Julia separators and completion frontier	carry_q4_factor67_hardening	post_cutoff_created_or_materially_updated	REPRESENTED_BY_A	PARTIALLY_REPRESENTED			finite row, Hall, ledger, Farkas and Mellin fragments	no exact broken arrow assigned in this breadth pass	source-faithful native common-parent estimate	keep only if independently canonicalized	REPRESENTED_BY_A	
583		[DESCRIPTIVE] packaging-only publication packet	factor67_q4_dickman_c4mbi	post_cutoff_created_or_materially_updated	ADMINISTRATIVE_TEST	ADMINISTRATIVE_TEST			no research claim	not applicable	not applicable	retain only as audit/provenance record	ADMINISTRATIVE_TEST	Exact current PR head was not pinned from the frozen connector extract; no SHA was guessed.
584	e919c6afd1e95fffa505f7ba3f532cb12b8c410c	[UNPINNED TITLE] PR #584 — factor67 q4 dickman c4mbi	factor67_q4_dickman_c4mbi	post_cutoff_created_or_materially_updated	PARTIALLY_REPRESENTED	PARTIALLY_REPRESENTED			finite certificates and source/consumer reductions	no exact broken arrow assigned in this breadth pass	global tail or source-faithful critical estimate	keep only if independently canonicalized	REPRESENTED_BY_A	Literal GitHub title not pinned; descriptive family label used.
585		[DESCRIPTIVE] review archive; no new mathematics	factor67_q4_dickman_c4mbi	post_cutoff_created_or_materially_updated	ADMINISTRATIVE_TEST	ADMINISTRATIVE_TEST			no research claim	not applicable	not applicable	retain only as audit/provenance record	ADMINISTRATIVE_TEST	Exact current PR head was not pinned from the frozen connector extract; no SHA was guessed.
586		[DESCRIPTIVE] hostile source-interface review of factor-67 salvage	factor67_q4_dickman_c4mbi	post_cutoff_created_or_materially_updated	PARTIALLY_REPRESENTED	PARTIALLY_REPRESENTED			finite certificates and source/consumer reductions	no exact broken arrow assigned in this breadth pass	global tail or source-faithful critical estimate	keep only if independently canonicalized	TARGETED_REVIEW_STILL_REQUIRED	Exact current PR head was not pinned from the frozen connector extract; no SHA was guessed.
587	8a0f074c5b96600b461fdd6e23b47ee2162c4a70	[DESCRIPTIVE] annular bias/source-completeness no-go and certificates	factor67_q4_dickman_c4mbi	post_cutoff_created_or_materially_updated	REPRESENTED_BY_A	PARTIALLY_REPRESENTED			finite certificates and source/consumer reductions	no exact broken arrow assigned in this breadth pass	global tail or source-faithful critical estimate	keep only if independently canonicalized	RETAINED_HEAVY_CERTIFICATE	
588		[DESCRIPTIVE] archival cutoff-239 reconstruction	factor67_q4_dickman_c4mbi	post_cutoff_created_or_materially_updated	PARTIALLY_REPRESENTED	PARTIALLY_REPRESENTED	586/589/590	later exact source reviews	archival cutoff-239 reconstruction only	original evidence unavailable and reconstructed wrapper is not a frozen proof object	none without recovered bytes; use later exact descendants	archive as duplicate/recovery	TARGETED_REVIEW_STILL_REQUIRED	Exact current PR head was not pinned from the frozen connector extract; no SHA was guessed.
589		[DESCRIPTIVE] exact LAPBR Bellman frontier refutation	factor67_q4_dickman_c4mbi	post_cutoff_created_or_materially_updated	PARTIALLY_REPRESENTED	PARTIALLY_REPRESENTED			finite certificates and source/consumer reductions	no exact broken arrow assigned in this breadth pass	global tail or source-faithful critical estimate	keep only if independently canonicalized	TARGETED_REVIEW_STILL_REQUIRED	Exact current PR head was not pinned from the frozen connector extract; no SHA was guessed.
590	4f1283c000000000000000000000000000000000	[DESCRIPTIVE] independent LAPBR no-go and Type II frontier	factor67_q4_dickman_c4mbi	post_cutoff_created_or_materially_updated	PARTIALLY_REPRESENTED	PARTIALLY_REPRESENTED			finite certificates and source/consumer reductions	no exact broken arrow assigned in this breadth pass	global tail or source-faithful critical estimate	keep only if independently canonicalized	TARGETED_REVIEW_STILL_REQUIRED	Exact current PR head was not pinned from the frozen connector extract; no SHA was guessed.
591	5c43060fd11e6a3f5d090ee4c74e4a48ca2eb111	[DESCRIPTIVE] source-faithful Lorenz Bellman packet	factor67_q4_dickman_c4mbi	post_cutoff_created_or_materially_updated	PARTIALLY_REPRESENTED	PARTIALLY_REPRESENTED			finite certificates and source/consumer reductions	no exact broken arrow assigned in this breadth pass	global tail or source-faithful critical estimate	keep only if independently canonicalized	REPRESENTED_BY_A	
592	05aae4135d21301a79b16abb2dda95535e0be77c	[DESCRIPTIVE] growing-prime two-row tail/FPCB23	factor67_q4_dickman_c4mbi	post_cutoff_created_or_materially_updated	PARTIALLY_REPRESENTED	PARTIALLY_REPRESENTED			finite certificates and source/consumer reductions	no exact broken arrow assigned in this breadth pass	global tail or source-faithful critical estimate	keep only if independently canonicalized	REPRESENTED_BY_A	
593		[DESCRIPTIVE] threshold source ledger and subcritical no-go	factor67_q4_dickman_c4mbi	post_cutoff_created_or_materially_updated	PARTIALLY_REPRESENTED	PARTIALLY_REPRESENTED			finite certificates and source/consumer reductions	no exact broken arrow assigned in this breadth pass	global tail or source-faithful critical estimate	keep only if independently canonicalized	TARGETED_REVIEW_STILL_REQUIRED	Exact current PR head was not pinned from the frozen connector extract; no SHA was guessed.
594	ef76157a516c520a0f829ea4ee346c62759743ed	[DESCRIPTIVE] all-subcritical count-depth no-go	factor67_q4_dickman_c4mbi	post_cutoff_created_or_materially_updated	PARTIALLY_REPRESENTED	PARTIALLY_REPRESENTED			finite certificates and source/consumer reductions	no exact broken arrow assigned in this breadth pass	global tail or source-faithful critical estimate	keep only if independently canonicalized	REPRESENTED_BY_A	
595	e66a91166b80cbf0a520e3a78ea96582d263d563	[DESCRIPTIVE] Q4 UOSACF and moment compression	factor67_q4_dickman_c4mbi	post_cutoff_created_or_materially_updated	PARTIALLY_REPRESENTED	REPRESENTED_BY_B			finite certificates and source/consumer reductions	no exact broken arrow assigned in this breadth pass	global tail or source-faithful critical estimate	keep only if independently canonicalized	REPRESENTED_BY_A	
596	40bfd7e70521f4205e95d3960812a6cef6073c05	[UNPINNED TITLE] PR #596 — factor67 q4 dickman c4mbi	factor67_q4_dickman_c4mbi	post_cutoff_created_or_materially_updated	REPRESENTED_BY_A	PARTIALLY_REPRESENTED			finite certificates and source/consumer reductions	no exact broken arrow assigned in this breadth pass	global tail or source-faithful critical estimate	keep only if independently canonicalized	REPRESENTED_BY_A	Literal GitHub title not pinned; descriptive family label used.
597	5478ead5fc82e1730cb1fe53965663d608a851b3	hardening: SACF critical resonance and classical subexponential gain	q4_sacf_resonance	post_cutoff_created_or_materially_updated	PARTIALLY_REPRESENTED	REPRESENTED_BY_B	600/606	Reviewer A cross-review PR #710 plus Reviewer C exact-source follow-up	exact reciprocal-zeta-square gcd resonance, noncancelling annular kernel, SACF exponent dictionary and classical subexponential gain	positive spectral mass and classical Mertens bounds do not give the pointwise one-sided subpower correlation	UOSACF / source-sensitive signed balanced Type-II estimate	canonicalize local resonance/classification theorem; label terminal estimate open	DELTA_VERIFIED_WITH_FIXES	A fixed SACF power saving would already prove a fixed zero-free strip; the retained classical gain is subexponential only.
598		[UNPINNED TITLE] PR #598 — factor67 q4 dickman c4mbi	factor67_q4_dickman_c4mbi	post_cutoff_created_or_materially_updated	PARTIALLY_REPRESENTED	PARTIALLY_REPRESENTED			finite certificates and source/consumer reductions	no exact broken arrow assigned in this breadth pass	global tail or source-faithful critical estimate	keep only if independently canonicalized	TARGETED_REVIEW_STILL_REQUIRED	Exact current PR head was not pinned from the frozen connector extract; no SHA was guessed. Literal GitHub title not pinned; descriptive family label used.
599	223f11259b3e7134f78d6492795e6e94caca8be3	[UNPINNED TITLE] PR #599 — factor67 q4 dickman c4mbi	factor67_q4_dickman_c4mbi	post_cutoff_created_or_materially_updated	REPRESENTED_BY_A	PARTIALLY_REPRESENTED			finite certificates and source/consumer reductions	no exact broken arrow assigned in this breadth pass	global tail or source-faithful critical estimate	keep only if independently canonicalized	REPRESENTED_BY_A	Literal GitHub title not pinned; descriptive family label used.
600	193ca24d4ebecabb2c51efb62fa16c37947ad90c	hardening: Q4 moment-centered Type-II and stable filter barrier (T95520)	q4_filter_exhaustion	post_cutoff_created_or_materially_updated	PARTIALLY_REPRESENTED	REPRESENTED_BY_B	606	Reviewer A cross-review PR #710 plus Reviewer C exact-source follow-up	arbitrary boundary zero-moment tower, intrinsic continuous-prime centering and exact polylog-stable filter impossibility at z=1/2	a finite filter adding the needed safe-line zero has power-sized inverse cost	nonfinite or genuinely source-sensitive signed Q4 mechanism/UOSACF	canonicalize theorem and barrier as endpoint of finite-filter genealogy	DELTA_VERIFIED	This packet sharpens rather than closes the Q4 arithmetic gate.
601		[DESCRIPTIVE] Lorenz zero-marginal collapse	factor67_q4_dickman_c4mbi	post_cutoff_created_or_materially_updated	PARTIALLY_REPRESENTED	PARTIALLY_REPRESENTED			finite certificates and source/consumer reductions	no exact broken arrow assigned in this breadth pass	global tail or source-faithful critical estimate	keep only if independently canonicalized	TARGETED_REVIEW_STILL_REQUIRED	Exact current PR head was not pinned from the frozen connector extract; no SHA was guessed.
602		[UNPINNED TITLE] PR #602 — factor67 q4 dickman c4mbi	factor67_q4_dickman_c4mbi	post_cutoff_created_or_materially_updated	PARTIALLY_REPRESENTED	PARTIALLY_REPRESENTED			finite certificates and source/consumer reductions	no exact broken arrow assigned in this breadth pass	global tail or source-faithful critical estimate	keep only if independently canonicalized	TARGETED_REVIEW_STILL_REQUIRED	Exact current PR head was not pinned from the frozen connector extract; no SHA was guessed. Literal GitHub title not pinned; descriptive family label used.
603	1dac3eeccb5a01183067c00722d92fbcf2df12c5	[UNPINNED TITLE] PR #603 — factor67 q4 dickman c4mbi	factor67_q4_dickman_c4mbi	post_cutoff_created_or_materially_updated	PARTIALLY_REPRESENTED	PARTIALLY_REPRESENTED			finite certificates and source/consumer reductions	no exact broken arrow assigned in this breadth pass	global tail or source-faithful critical estimate	keep only if independently canonicalized	REPRESENTED_BY_A	Literal GitHub title not pinned; descriptive family label used.
604		[DESCRIPTIVE] C4MBI canonical recovery and primitive-prefix identities	factor67_q4_dickman_c4mbi	post_cutoff_created_or_materially_updated	REPRESENTED_BY_A	PARTIALLY_REPRESENTED			finite certificates and source/consumer reductions	no exact broken arrow assigned in this breadth pass	global tail or source-faithful critical estimate	keep only if independently canonicalized	TARGETED_REVIEW_STILL_REQUIRED	Exact current PR head was not pinned from the frozen connector extract; no SHA was guessed.
605		[UNPINNED TITLE] PR #605 — factor67 q4 dickman c4mbi	factor67_q4_dickman_c4mbi	post_cutoff_created_or_materially_updated	REPRESENTED_BY_A	PARTIALLY_REPRESENTED			finite certificates and source/consumer reductions	no exact broken arrow assigned in this breadth pass	global tail or source-faithful critical estimate	keep only if independently canonicalized	TARGETED_REVIEW_STILL_REQUIRED	Exact current PR head was not pinned from the frozen connector extract; no SHA was guessed. Literal GitHub title not pinned; descriptive family label used.
606		[DESCRIPTIVE] UOSACF equivalence and finite-filter exhaustion	factor67_q4_dickman_c4mbi	post_cutoff_created_or_materially_updated	PARTIALLY_REPRESENTED	REPRESENTED_BY_B			finite certificates and source/consumer reductions	no exact broken arrow assigned in this breadth pass	global tail or source-faithful critical estimate	keep only if independently canonicalized	TARGETED_REVIEW_STILL_REQUIRED	Exact current PR head was not pinned from the frozen connector extract; no SHA was guessed.
607	a28f8e5b8c90e3aef30e97053ed42e9ddde9c665	[DESCRIPTIVE] complete-base Stieltjes and mesoscopic Dickman theorem	factor67_q4_dickman_c4mbi	post_cutoff_created_or_materially_updated	REPRESENTED_BY_A	PARTIALLY_REPRESENTED			finite certificates and source/consumer reductions	no exact broken arrow assigned in this breadth pass	global tail or source-faithful critical estimate	keep only if independently canonicalized	REPRESENTED_BY_A	
608	f362acf56bbbbd183976b6377fbe883193886e1a	[DESCRIPTIVE] hereditary Dickman Bellman corridor	factor67_q4_dickman_c4mbi	post_cutoff_created_or_materially_updated	REPRESENTED_BY_A	PARTIALLY_REPRESENTED			finite certificates and source/consumer reductions	no exact broken arrow assigned in this breadth pass	global tail or source-faithful critical estimate	keep only if independently canonicalized	REPRESENTED_BY_A	
609		[UNPINNED TITLE] PR #609 — factor67 q4 dickman c4mbi	factor67_q4_dickman_c4mbi	post_cutoff_created_or_materially_updated	REPRESENTED_BY_A	PARTIALLY_REPRESENTED			finite certificates and source/consumer reductions	no exact broken arrow assigned in this breadth pass	global tail or source-faithful critical estimate	keep only if independently canonicalized	TARGETED_REVIEW_STILL_REQUIRED	Exact current PR head was not pinned from the frozen connector extract; no SHA was guessed. Literal GitHub title not pinned; descriptive family label used.
610	edf28c9ad14ccbf5b18b9ced45f3c2fc4ce8221d	[UNPINNED TITLE] PR #610 — completion heat c4mbi	completion_heat_c4mbi	post_cutoff_created_or_materially_updated	REPRESENTED_BY_BOTH	REPRESENTED_BY_BOTH			finite certificates and source/consumer reductions	no exact broken arrow assigned in this breadth pass	global tail or source-faithful critical estimate	keep only if independently canonicalized	REPRESENTED_BY_BOTH	Literal GitHub title not pinned; descriptive family label used.
611	9d0b0521e5ace8c96df63a85a68f60a789b09923	[UNPINNED TITLE] PR #611 — completion heat c4mbi	completion_heat_c4mbi	post_cutoff_created_or_materially_updated	REPRESENTED_BY_BOTH	REPRESENTED_BY_BOTH			finite certificates and source/consumer reductions	no exact broken arrow assigned in this breadth pass	global tail or source-faithful critical estimate	keep only if independently canonicalized	REPRESENTED_BY_BOTH	Literal GitHub title not pinned; descriptive family label used.
612	8eeb34ff0889b7c8ad9165eb4bd828c9b0043a75	[UNPINNED TITLE] PR #612 — completion heat c4mbi	completion_heat_c4mbi	post_cutoff_created_or_materially_updated	REPRESENTED_BY_BOTH	REPRESENTED_BY_BOTH			finite certificates and source/consumer reductions	no exact broken arrow assigned in this breadth pass	global tail or source-faithful critical estimate	keep only if independently canonicalized	REPRESENTED_BY_BOTH	Literal GitHub title not pinned; descriptive family label used.
613	6809d8509f031f7f783ef20e2250ff2735e32924	[DESCRIPTIVE] fractional heat proposal and in-branch corrections	completion_heat_c4mbi	post_cutoff_created_or_materially_updated	PARTIALLY_REPRESENTED	REPRESENTED_BY_B	617-623	fractional heat descendants and Reviewer B	positive fractional chaos, local Tao Gram, phase-locked first variation, pole-centered signed detector	uniform-center rate proportional to theta is false; Weyl centering changes parity/heat	fixed-center phase-sensitive compensated heat estimate	archive complete heat wrapper; extract local algebra and no-go	CONTROLLED_BY_LATER_REFUTATION	
614	d5b94d7dd8e341dca73c2b5ff899a9adf2d1585f	[DESCRIPTIVE] future-profile minimality and selected-endpoint diagnostic	completion_heat_c4mbi	post_cutoff_created_or_materially_updated	REPRESENTED_BY_BOTH	REPRESENTED_BY_BOTH			finite certificates and source/consumer reductions	no exact broken arrow assigned in this breadth pass	global tail or source-faithful critical estimate	keep only if independently canonicalized	RETAINED_HEAVY_CERTIFICATE	
615	eb129ebea953def33a92fb5e7355d4e79cb53171	[DESCRIPTIVE] p=67 finite positivity campaign and legacy quarantine	completion_heat_c4mbi	post_cutoff_created_or_materially_updated	REPRESENTED_BY_BOTH	REPRESENTED_BY_BOTH			finite certificates and source/consumer reductions	no exact broken arrow assigned in this breadth pass	global tail or source-faithful critical estimate	keep only if independently canonicalized	RETAINED_HEAVY_CERTIFICATE	
616	96fc68493b4d4466459620c4603fb0f561784da3	[UNPINNED TITLE] PR #616 — completion heat c4mbi	completion_heat_c4mbi	post_cutoff_created_or_materially_updated	REPRESENTED_BY_BOTH	REPRESENTED_BY_BOTH			finite certificates and source/consumer reductions	no exact broken arrow assigned in this breadth pass	global tail or source-faithful critical estimate	keep only if independently canonicalized	REPRESENTED_BY_BOTH	Literal GitHub title not pinned; descriptive family label used.
617	c3d12f4d236e2c9ff8f5a0f204bd6eb04946c521	[DESCRIPTIVE] fractional pole carrier and positive-completion firewall	completion_heat_c4mbi	post_cutoff_created_or_materially_updated	PARTIALLY_REPRESENTED	REPRESENTED_BY_B			finite certificates and source/consumer reductions	no exact broken arrow assigned in this breadth pass	global tail or source-faithful critical estimate	keep only if independently canonicalized	REPRESENTED_BY_BOTH	
618	2dfa73325a6402418fc64b9e554c1b13dd2b9bf1	[DESCRIPTIVE] fractional heat Bohr/type-half review packet	completion_heat_c4mbi	post_cutoff_created_or_materially_updated	PARTIALLY_REPRESENTED	REPRESENTED_BY_B			finite certificates and source/consumer reductions	no exact broken arrow assigned in this breadth pass	global tail or source-faithful critical estimate	keep only if independently canonicalized	REPRESENTED_BY_BOTH	
619	0f91f43908493866c9fd5130d2a7bd4645b4a51f	[DESCRIPTIVE] phase-locked Tao-port exact separator	completion_heat_c4mbi	post_cutoff_created_or_materially_updated	PARTIALLY_REPRESENTED	REPRESENTED_BY_B			finite certificates and source/consumer reductions	no exact broken arrow assigned in this breadth pass	global tail or source-faithful critical estimate	keep only if independently canonicalized	REPRESENTED_BY_BOTH	
620	493e12fcba3f9b98dda7c3595bff73b256e00ca4	[DESCRIPTIVE] direct-integral score-free Hall factor-67 full proposal	score_free_direct_integral_hall	post_cutoff_created_or_materially_updated	REPRESENTED_BY_A	REPRESENTED_BY_BOTH	635/652	R-99161 same-row score lock and native-source review	conditional positive direct-integration/exact-cubature API and selected compact Hall identities	L-99022.3/L-99024.1 identify literal finite-row score with 4sqrt(X), contrary to ordinary-response score lock	primitive calibration defect SCDR99160 plus source-faithful native common parent/FCHD67	archive historical full proposal; extract conditional integration API and score firewall	CONTROLLED_BY_LATER_REVIEW	Cross-review follow-up identifies the exact first broken arrow rather than the earlier generic calibration label.
621	46afb6e15eef95c9268eff1791a7135b9783a2b2	[DESCRIPTIVE] reciprocal-Julia renewal and owner martingale	completion_heat_c4mbi	post_cutoff_created_or_materially_updated	REPRESENTED_BY_BOTH	REPRESENTED_BY_BOTH			finite certificates and source/consumer reductions	no exact broken arrow assigned in this breadth pass	global tail or source-faithful critical estimate	keep only if independently canonicalized	REPRESENTED_BY_BOTH	
622	9d70d2b8bd932d1775600dd5e95f501324eae72b	[DESCRIPTIVE] fractional heat obstruction successor	completion_heat_c4mbi	post_cutoff_created_or_materially_updated	PARTIALLY_REPRESENTED	REPRESENTED_BY_B			finite certificates and source/consumer reductions	no exact broken arrow assigned in this breadth pass	global tail or source-faithful critical estimate	keep only if independently canonicalized	REPRESENTED_BY_BOTH	
623	712412e286cc309bbe9960ee839df158316df9e5	[DESCRIPTIVE] fractional heat obstruction hardening	completion_heat_c4mbi	post_cutoff_created_or_materially_updated	PARTIALLY_REPRESENTED	REPRESENTED_BY_B			finite certificates and source/consumer reductions	no exact broken arrow assigned in this breadth pass	global tail or source-faithful critical estimate	keep only if independently canonicalized	REPRESENTED_BY_BOTH	
624	0fa032faedc0fa9a47a87c41a69c0db141b1dea2	[DESCRIPTIVE] C4MBI primitive-prefix positivity to 10^9+1	completion_heat_c4mbi	post_cutoff_created_or_materially_updated	REPRESENTED_BY_BOTH	REPRESENTED_BY_BOTH			finite certificates and source/consumer reductions	no exact broken arrow assigned in this breadth pass	global tail or source-faithful critical estimate	keep only if independently canonicalized	RETAINED_HEAVY_CERTIFICATE	
625	b7164582c458b53aeefecf7d4044984c9fa4686a	[UNPINNED TITLE] PR #625 — post hall native capacity delta	post_hall_native_capacity_delta	post_cutoff_created_or_materially_updated	REPRESENTED_BY_A	PARTIALLY_REPRESENTED	652/653	controlling native-source and independent SHARP reviews	local source, score, row, Hall and finite-certificate fragments as individually classified	no common source-faithful producer closes all required native estimates	FCHD67/subpower negative mass	supersede wrappers by PR #652/#653 registries	CONTROLLED_BY_LATER_REVIEW	Literal GitHub title not pinned; descriptive family label used.
626	bd98c59b60c0aeafe1e5c251694d233e4915d3fa	[DESCRIPTIVE] post-Bohr/fractional heat successor	post_hall_native_capacity_delta	post_cutoff_created_or_materially_updated	PARTIALLY_REPRESENTED	REPRESENTED_BY_B	652/653	controlling native-source and independent SHARP reviews	local source, score, row, Hall and finite-certificate fragments as individually classified	no common source-faithful producer closes all required native estimates	FCHD67/subpower negative mass	supersede wrappers by PR #652/#653 registries	CONTROLLED_BY_LATER_REVIEW	
627	a5f65e25835ffb791003214eb6598c157b47533e	[UNPINNED TITLE] PR #627 — post hall native capacity delta	post_hall_native_capacity_delta	post_cutoff_created_or_materially_updated	REPRESENTED_BY_A	PARTIALLY_REPRESENTED	652/653	controlling native-source and independent SHARP reviews	local source, score, row, Hall and finite-certificate fragments as individually classified	no common source-faithful producer closes all required native estimates	FCHD67/subpower negative mass	supersede wrappers by PR #652/#653 registries	CONTROLLED_BY_LATER_REVIEW	Literal GitHub title not pinned; descriptive family label used.
628	1c21389c7442f81b6bd99649e08177eebc667abc	[UNPINNED TITLE] PR #628 — post hall native capacity delta	post_hall_native_capacity_delta	post_cutoff_created_or_materially_updated	REPRESENTED_BY_A	PARTIALLY_REPRESENTED	652/653	controlling native-source and independent SHARP reviews	local source, score, row, Hall and finite-certificate fragments as individually classified	no common source-faithful producer closes all required native estimates	FCHD67/subpower negative mass	supersede wrappers by PR #652/#653 registries	CONTROLLED_BY_LATER_REVIEW	Literal GitHub title not pinned; descriptive family label used.
629	50ef8bffe18d7d197a15ef479df265c7345399bf	[UNPINNED TITLE] PR #629 — post hall native capacity delta	post_hall_native_capacity_delta	post_cutoff_created_or_materially_updated	REPRESENTED_BY_A	PARTIALLY_REPRESENTED	652/653	controlling native-source and independent SHARP reviews	local source, score, row, Hall and finite-certificate fragments as individually classified	no common source-faithful producer closes all required native estimates	FCHD67/subpower negative mass	supersede wrappers by PR #652/#653 registries	CONTROLLED_BY_LATER_REVIEW	Literal GitHub title not pinned; descriptive family label used.
630	bec6ec52ff94e0439fa6a4615c4641f7714d1d54	[DESCRIPTIVE] exact factor-67 Harnack certificate through two billion	factor67_harnack_heavy_certificate	post_cutoff_created_or_materially_updated	REPRESENTED_BY_A	PARTIALLY_REPRESENTED	652/653	Reviewer B cross-review PR #711 computation handoff plus native-source reviews	exact computer-assisted H67 and derived primitive-prefix positivity for 1<=t<2,000,000,001	finite coverage has no theorem beyond the endpoint and cannot be promoted to the global tail	global H67/source-faithful infinite negative-mass theorem	retain as a canonical finite certificate with exact hashes; never a global implication edge	RETAINED_HEAVY_CERTIFICATE	HEAVY_CAMPAIGN_NOT_RE_RUN. Exact source/result/proof-object hashes are in DELTA_COMPUTATIONS.tsv.
631	fe265f3a09f7511a8be5fba7d83348b8d269b8bf	[UNPINNED TITLE] PR #631 — post hall native capacity delta	post_hall_native_capacity_delta	post_cutoff_created_or_materially_updated	REPRESENTED_BY_A	PARTIALLY_REPRESENTED	652/653	controlling native-source and independent SHARP reviews	local source, score, row, Hall and finite-certificate fragments as individually classified	no common source-faithful producer closes all required native estimates	FCHD67/subpower negative mass	supersede wrappers by PR #652/#653 registries	CONTROLLED_BY_LATER_REVIEW	Literal GitHub title not pinned; descriptive family label used.
632	3b19ccb6b910e20027d3df894c69f5e108b23de3	[UNPINNED TITLE] PR #632 — post hall native capacity delta	post_hall_native_capacity_delta	post_cutoff_created_or_materially_updated	REPRESENTED_BY_A	PARTIALLY_REPRESENTED	652/653	controlling native-source and independent SHARP reviews	local source, score, row, Hall and finite-certificate fragments as individually classified	no common source-faithful producer closes all required native estimates	FCHD67/subpower negative mass	supersede wrappers by PR #652/#653 registries	CONTROLLED_BY_LATER_REVIEW	Literal GitHub title not pinned; descriptive family label used.
633	60f05fa6daba1674752cfa9a26ebc5cae7d037a4	[DESCRIPTIVE] later Brownian/heat successor packet	post_hall_native_capacity_delta	post_cutoff_created_or_materially_updated	PARTIALLY_REPRESENTED	REPRESENTED_BY_B	652/653	controlling native-source and independent SHARP reviews	local source, score, row, Hall and finite-certificate fragments as individually classified	no common source-faithful producer closes all required native estimates	FCHD67/subpower negative mass	supersede wrappers by PR #652/#653 registries	CONTROLLED_BY_LATER_REVIEW	
634	a4308ebe39d8036ccc33fbd776c3603a8cdda267	[UNPINNED TITLE] PR #634 — post hall native capacity delta	post_hall_native_capacity_delta	post_cutoff_created_or_materially_updated	REPRESENTED_BY_A	PARTIALLY_REPRESENTED	652/653	controlling native-source and independent SHARP reviews	local source, score, row, Hall and finite-certificate fragments as individually classified	no common source-faithful producer closes all required native estimates	FCHD67/subpower negative mass	supersede wrappers by PR #652/#653 registries	CONTROLLED_BY_LATER_REVIEW	Literal GitHub title not pinned; descriptive family label used.
635	b8d4772b5cab0655b3edf68864df6d925c76b5ba	[DESCRIPTIVE] same-row literal-score calibration firewall	native_score_calibration	post_cutoff_created_or_materially_updated	REPRESENTED_BY_A	PARTIALLY_REPRESENTED	652	Reviewer B cross-review PR #711 plus Reviewer C exact-source follow-up	literal score is locked by ordinary response; native c_X score equals P_Lambda; overthinning cannot repair same-row equality-score conflict	continuum/declared benchmark 4sqrt(X) was promoted to the literal score of the finite near-native row	primitive source calibration defect SCDR99160	canonicalize R-99161 as binding application refutation	DELTA_VERIFIED	The abstract nilpotent/resolvent algebra survives; its same-row application does not.
636	387f775f95d5e21e01c3fb39d91acc5b67f62b02	[UNPINNED TITLE] PR #636 — post hall native capacity delta	post_hall_native_capacity_delta	post_cutoff_created_or_materially_updated	REPRESENTED_BY_A	PARTIALLY_REPRESENTED	652/653	controlling native-source and independent SHARP reviews	local source, score, row, Hall and finite-certificate fragments as individually classified	no common source-faithful producer closes all required native estimates	FCHD67/subpower negative mass	supersede wrappers by PR #652/#653 registries	CONTROLLED_BY_LATER_REVIEW	Literal GitHub title not pinned; descriptive family label used.
637	30eef117a9584ebc1698efa59706f096e43610e3	[UNPINNED TITLE] PR #637 — post hall native capacity delta	post_hall_native_capacity_delta	post_cutoff_created_or_materially_updated	REPRESENTED_BY_A	PARTIALLY_REPRESENTED	652/653	controlling native-source and independent SHARP reviews	local source, score, row, Hall and finite-certificate fragments as individually classified	no common source-faithful producer closes all required native estimates	FCHD67/subpower negative mass	supersede wrappers by PR #652/#653 registries	CONTROLLED_BY_LATER_REVIEW	Literal GitHub title not pinned; descriptive family label used.
638	73ee57ccc684f4062769a6d1c0456b3ef6318db2	[DESCRIPTIVE] distributional Volterra Green formula and endpoint boundary modes	volterra_endpoint_distribution	post_cutoff_created_or_materially_updated	REPRESENTED_BY_A	PARTIALLY_REPRESENTED	652	Reviewer B cross-review PR #711 plus Reviewer C exact-source follow-up	exact Green representation, nullspace span{sqrt(x),x}, and activation-knot atom formula	smooth open-cell density does not determine boundary-mode coefficients or derivative-jump atoms	positive source/frame realization including every boundary and knot term	extract L-99230 as standalone theorem; keep producer promotion open	DELTA_VERIFIED_WITH_FIXES	This theorem controls smooth-density-to-positive-frame promotions.
639	e59b21d26c8d953e25f1492e16b86cbe72a01677	[UNPINNED TITLE] PR #639 — sharp native source reviews	sharp_native_source_reviews	post_cutoff_created_or_materially_updated	REPRESENTED_BY_BOTH	REPRESENTED_BY_BOTH			SHARP kernels/powers, source firewalls and finite positivity	no exact broken arrow assigned in this breadth pass	critical native m=1 / negative-mass estimate	keep only if independently canonicalized	REPRESENTED_BY_BOTH	Literal GitHub title not pinned; descriptive family label used.
640	026e599a169c1c695ebd156030fbfca98ef921cb	[UNPINNED TITLE] PR #640 — sharp native source reviews	sharp_native_source_reviews	post_cutoff_created_or_materially_updated	REPRESENTED_BY_BOTH	REPRESENTED_BY_BOTH			SHARP kernels/powers, source firewalls and finite positivity	no exact broken arrow assigned in this breadth pass	critical native m=1 / negative-mass estimate	keep only if independently canonicalized	REPRESENTED_BY_BOTH	Literal GitHub title not pinned; descriptive family label used.
641	19cd3939a54ccea73b055b3952b5dd7ed638c4fb	[DESCRIPTIVE] moving-row Mellin quantifier review	sharp_native_source_reviews	post_cutoff_created_or_materially_updated	REPRESENTED_BY_BOTH	REPRESENTED_BY_BOTH	652	fixed two-row consumer correction	fixed-row holomorphic-defect lemma	detector row was chosen after introducing a hypothetical zero	fixed rows 2 and 3 plus native witnesses	archive moving-row theorem; retain fixed-row lemma	CONTROLLED_BY_LATER_REVIEW	
642	07aa0d4838458a1b2d3af9e5bc96616baa6b4767	[DESCRIPTIVE] SHARP target positive-row kernel theorem	sharp_native_source_reviews	post_cutoff_created_or_materially_updated	REPRESENTED_BY_BOTH	REPRESENTED_BY_BOTH	652/653	native-source controlling reviews	positive SHARP row kernels, finite positivity, fixed 5:3 detector, holomorphic-defect API	native source promotion/critical negative-mass estimate remains absent	FCHD67 or subpower logarithmic negative mass	extract local theorems; keep producer gate live	CONTROLLED_BY_LATER_REVIEW	
643	65f9e6eec1c69c08c95f1dc30645cc27be31ae71	[UNPINNED TITLE] PR #643 — sharp native source reviews	sharp_native_source_reviews	post_cutoff_created_or_materially_updated	REPRESENTED_BY_BOTH	REPRESENTED_BY_BOTH	652/653	native-source controlling reviews	positive SHARP row kernels, finite positivity, fixed 5:3 detector, holomorphic-defect API	native source promotion/critical negative-mass estimate remains absent	FCHD67 or subpower logarithmic negative mass	extract local theorems; keep producer gate live	CONTROLLED_BY_LATER_REVIEW	Literal GitHub title not pinned; descriptive family label used.
644	cf6a7f702aab5acad8f2acac7654a72cb73d396b	[UNPINNED TITLE] PR #644 — sharp native source reviews	sharp_native_source_reviews	post_cutoff_created_or_materially_updated	REPRESENTED_BY_BOTH	REPRESENTED_BY_BOTH	652/653	native-source controlling reviews	positive SHARP row kernels, finite positivity, fixed 5:3 detector, holomorphic-defect API	native source promotion/critical negative-mass estimate remains absent	FCHD67 or subpower logarithmic negative mass	extract local theorems; keep producer gate live	CONTROLLED_BY_LATER_REVIEW	Literal GitHub title not pinned; descriptive family label used.
645	267058b22e7de5b8f97ba2da6c544e991fdb1d91	[UNPINNED TITLE] PR #645 — sharp native source reviews	sharp_native_source_reviews	post_cutoff_created_or_materially_updated	REPRESENTED_BY_BOTH	REPRESENTED_BY_BOTH	652/653	native-source controlling reviews	positive SHARP row kernels, finite positivity, fixed 5:3 detector, holomorphic-defect API	native source promotion/critical negative-mass estimate remains absent	FCHD67 or subpower logarithmic negative mass	extract local theorems; keep producer gate live	CONTROLLED_BY_LATER_REVIEW	Literal GitHub title not pinned; descriptive family label used.
646	289f774a304266ba396949995e2ccec0ce72a35c	[UNPINNED TITLE] PR #646 — sharp native source reviews	sharp_native_source_reviews	post_cutoff_created_or_materially_updated	REPRESENTED_BY_BOTH	REPRESENTED_BY_BOTH	652/653	native-source controlling reviews	positive SHARP row kernels, finite positivity, fixed 5:3 detector, holomorphic-defect API	native source promotion/critical negative-mass estimate remains absent	FCHD67 or subpower logarithmic negative mass	extract local theorems; keep producer gate live	CONTROLLED_BY_LATER_REVIEW	Literal GitHub title not pinned; descriptive family label used.
647	306d1c66fe4e848efda0bd78b5475aeeed3d5563	[DESCRIPTIVE] SHARP H67 positivity campaign to 10^8	sharp_native_source_reviews	post_cutoff_created_or_materially_updated	REPRESENTED_BY_BOTH	REPRESENTED_BY_BOTH	652/653	native-source controlling reviews	positive SHARP row kernels, finite positivity, fixed 5:3 detector, holomorphic-defect API	native source promotion/critical negative-mass estimate remains absent	FCHD67 or subpower logarithmic negative mass	extract local theorems; keep producer gate live	CONTROLLED_BY_LATER_REVIEW	
648	49be6640ae2714d1f907a6117c4a6d2aaa9f2f11	[UNPINNED TITLE] PR #648 — sharp native source reviews	sharp_native_source_reviews	post_cutoff_created_or_materially_updated	REPRESENTED_BY_BOTH	REPRESENTED_BY_BOTH	652/653	native-source controlling reviews	positive SHARP row kernels, finite positivity, fixed 5:3 detector, holomorphic-defect API	native source promotion/critical negative-mass estimate remains absent	FCHD67 or subpower logarithmic negative mass	extract local theorems; keep producer gate live	CONTROLLED_BY_LATER_REVIEW	Literal GitHub title not pinned; descriptive family label used.
649	433fd3662f7b2e4ba384ce64f196380e88624090	[DESCRIPTIVE] fixed positive 5:3 row with zero-free Mellin numerator	fixed_mellin_detector	post_cutoff_created_or_materially_updated	REPRESENTED_BY_BOTH	REPRESENTED_BY_BOTH	652/653	Reviewer A cross-review PR #710 and Reviewer C exact-source follow-up	one fixed positive row combination has numerator -3(2^{-z}-1)(2^{-z}-2), zero-free for Re(z)>0	the analytic detector does not supply its own eventual sign or subpower negative-mass estimate	source-faithful eventual sign/subpower negative mass for the fixed scalar	canonicalize fixed detector separately from open producer premise	DELTA_VERIFIED	No zero-dependent row selection occurs; do not collapse analytic consumer and arithmetic producer into one verified edge.
650	3f9e80f09fe1f595927ea7dce6fb49ac68c5c21b	[UNPINNED TITLE] PR #650 — sharp native source reviews	sharp_native_source_reviews	post_cutoff_created_or_materially_updated	REPRESENTED_BY_BOTH	REPRESENTED_BY_BOTH	652/653	native-source controlling reviews	positive SHARP row kernels, finite positivity, fixed 5:3 detector, holomorphic-defect API	native source promotion/critical negative-mass estimate remains absent	FCHD67 or subpower logarithmic negative mass	extract local theorems; keep producer gate live	CONTROLLED_BY_LATER_REVIEW	Literal GitHub title not pinned; descriptive family label used.
651	2d05ca3937df7021d33f92dd947486f6b2b13382	[UNPINNED TITLE] PR #651 — sharp native source reviews	sharp_native_source_reviews	post_cutoff_created_or_materially_updated	REPRESENTED_BY_BOTH	REPRESENTED_BY_BOTH	652/653	native-source controlling reviews	positive SHARP row kernels, finite positivity, fixed 5:3 detector, holomorphic-defect API	native source promotion/critical negative-mass estimate remains absent	FCHD67 or subpower logarithmic negative mass	extract local theorems; keep producer gate live	CONTROLLED_BY_LATER_REVIEW	Literal GitHub title not pinned; descriptive family label used.
652	24ab64551225f2dba9aa53a533eb9b0285c6e363	[DESCRIPTIVE] controlling native-source/first-owner scientific review	sharp_native_source_reviews	post_cutoff_created_or_materially_updated	REPRESENTED_BY_BOTH	REPRESENTED_BY_BOTH		Reviewer A and Reviewer B	RN child, sequential first-owner, compact Hall moat, fixed two-row consumer	alpha-child hazard is not the native Euler source	FCHD67 future-completed first-owner control	make controlling native-source record canonical	REPRESENTED_BY_BOTH	
653	e928fd615d753882706bb88c51b717bd8d4a86ba	[DESCRIPTIVE] independent SHARP H67 and negative-mass review	sharp_native_source_reviews	post_cutoff_created_or_materially_updated	REPRESENTED_BY_BOTH	REPRESENTED_BY_BOTH		Reviewer A and Reviewer B	independent 10^8 finite theorem, zero-safe smoothing, specialized Landau consumer	finite positivity does not supply the global tail/negative-mass theorem	subpower logarithmic negative mass	retain heavy certificate and canonical consumer	RETAINED_HEAVY_CERTIFICATE	
654	a21821a7ec568bbdb5e17479e04369cd6452647c	[UNPINNED TITLE] PR #654 — sharp power source wavelet bridge	sharp_power_source_wavelet_bridge	post_cutoff_created_or_materially_updated	REPRESENTED_BY_A	PARTIALLY_REPRESENTED			SHARP kernels/powers, source firewalls and finite positivity	no exact broken arrow assigned in this breadth pass	critical native m=1 / negative-mass estimate	keep only if independently canonicalized	REPRESENTED_BY_A	Literal GitHub title not pinned; descriptive family label used.
655	7946f2979a69392e5275be90f023dfb34009d4d9	[UNPINNED TITLE] PR #655 — sharp power source wavelet bridge	sharp_power_source_wavelet_bridge	post_cutoff_created_or_materially_updated	REPRESENTED_BY_A	PARTIALLY_REPRESENTED			SHARP kernels/powers, source firewalls and finite positivity	no exact broken arrow assigned in this breadth pass	critical native m=1 / negative-mass estimate	keep only if independently canonicalized	REPRESENTED_BY_A	Literal GitHub title not pinned; descriptive family label used.
656	db404ec00cf022f003ee2bbee66e0cf62ac45003	[UNPINNED TITLE] PR #656 — sharp power source wavelet bridge	sharp_power_source_wavelet_bridge	post_cutoff_created_or_materially_updated	REPRESENTED_BY_A	PARTIALLY_REPRESENTED			SHARP kernels/powers, source firewalls and finite positivity	no exact broken arrow assigned in this breadth pass	critical native m=1 / negative-mass estimate	keep only if independently canonicalized	REPRESENTED_BY_A	Literal GitHub title not pinned; descriptive family label used.
657	68089573fc170978c3bb556fd51d4015287b6e75	[UNPINNED TITLE] PR #657 — sharp power source wavelet bridge	sharp_power_source_wavelet_bridge	post_cutoff_created_or_materially_updated	REPRESENTED_BY_A	PARTIALLY_REPRESENTED			SHARP kernels/powers, source firewalls and finite positivity	no exact broken arrow assigned in this breadth pass	critical native m=1 / negative-mass estimate	keep only if independently canonicalized	REPRESENTED_BY_A	Literal GitHub title not pinned; descriptive family label used.
658	3dd7eacdadc76822e25ee630a474580259dd64fb	[UNPINNED TITLE] PR #658 — sharp power source wavelet bridge	sharp_power_source_wavelet_bridge	post_cutoff_created_or_materially_updated	REPRESENTED_BY_A	PARTIALLY_REPRESENTED			SHARP kernels/powers, source firewalls and finite positivity	no exact broken arrow assigned in this breadth pass	critical native m=1 / negative-mass estimate	keep only if independently canonicalized	REPRESENTED_BY_A	Literal GitHub title not pinned; descriptive family label used.
659	83c17b32a99ac9e1aa5aec3168535550eb286636	[UNPINNED TITLE] PR #659 — sharp power source wavelet bridge	sharp_power_source_wavelet_bridge	post_cutoff_created_or_materially_updated	REPRESENTED_BY_A	PARTIALLY_REPRESENTED			SHARP kernels/powers, source firewalls and finite positivity	no exact broken arrow assigned in this breadth pass	critical native m=1 / negative-mass estimate	keep only if independently canonicalized	REPRESENTED_BY_A	Literal GitHub title not pinned; descriptive family label used.
660	b3830a12e8823ca74d2a2f709581908c8a9e5402	[UNPINNED TITLE] PR #660 — sharp power source wavelet bridge	sharp_power_source_wavelet_bridge	post_cutoff_created_or_materially_updated	REPRESENTED_BY_A	PARTIALLY_REPRESENTED			SHARP kernels/powers, source firewalls and finite positivity	no exact broken arrow assigned in this breadth pass	critical native m=1 / negative-mass estimate	keep only if independently canonicalized	REPRESENTED_BY_A	Literal GitHub title not pinned; descriptive family label used.
661	468e8d58e8d612808aad01c64060852a001d9877	[UNPINNED TITLE] PR #661 — sharp power source wavelet bridge	sharp_power_source_wavelet_bridge	post_cutoff_created_or_materially_updated	REPRESENTED_BY_A	PARTIALLY_REPRESENTED			SHARP kernels/powers, source firewalls and finite positivity	no exact broken arrow assigned in this breadth pass	critical native m=1 / negative-mass estimate	keep only if independently canonicalized	REPRESENTED_BY_A	Literal GitHub title not pinned; descriptive family label used.
662	7af71708570b9621c08b6598efacada7abe84bf2	[UNPINNED TITLE] PR #662 — sharp power source wavelet bridge	sharp_power_source_wavelet_bridge	post_cutoff_created_or_materially_updated	REPRESENTED_BY_A	PARTIALLY_REPRESENTED			SHARP kernels/powers, source firewalls and finite positivity	no exact broken arrow assigned in this breadth pass	critical native m=1 / negative-mass estimate	keep only if independently canonicalized	REPRESENTED_BY_A	Literal GitHub title not pinned; descriptive family label used.
663	fa081e81044a81e76f48cb9878a659d749e98427	[DESCRIPTIVE] global positivity of SHARP powers m≥2	sharp_power_source_wavelet_bridge	post_cutoff_created_or_materially_updated	REPRESENTED_BY_BOTH	REPRESENTED_BY_BOTH		Reviewer A	every real SHARP boundary power m>=2 is globally positive; m=1 is the exact wall	descent from m>=2 to critical m=1 is not supplied	critical m=1 one-sided estimate	extract standalone theorem and firewall	REPRESENTED_BY_A	
664	14692244bdaef90793a0c2a1a9bfd6e6b4bb1a2e	[UNPINNED TITLE] PR #664 — sharp power source wavelet bridge	sharp_power_source_wavelet_bridge	post_cutoff_created_or_materially_updated	REPRESENTED_BY_A	PARTIALLY_REPRESENTED	665/667	source-normalization corrections	auxiliary row algebra	normalized native prime activity is p^-1, not p^-1/2	literal p^-1 source estimate	archive misnormalized wrapper	CONTROLLED_BY_LATER_REVIEW	Literal GitHub title not pinned; descriptive family label used.
665	a771772682a2c09c026348b176618c302c49c223	[UNPINNED TITLE] PR #665 — sharp power source wavelet bridge	sharp_power_source_wavelet_bridge	post_cutoff_created_or_materially_updated	REPRESENTED_BY_A	PARTIALLY_REPRESENTED		Reviewer A	ordinary/radix-four capacity separator and source normalization firewall	no broken local arrow; native one-sided estimate remains absent	critical literal-source estimate	extract canonical firewall	REPRESENTED_BY_A	Literal GitHub title not pinned; descriptive family label used.
666	7ae9e3e15b8bcb0a5f382db49f31ad385b02e24a	[UNPINNED TITLE] PR #666 — sharp power source wavelet bridge	sharp_power_source_wavelet_bridge	post_cutoff_created_or_materially_updated	REPRESENTED_BY_A	PARTIALLY_REPRESENTED			SHARP kernels/powers, source firewalls and finite positivity	no exact broken arrow assigned in this breadth pass	critical native m=1 / negative-mass estimate	keep only if independently canonicalized	REPRESENTED_BY_A	Literal GitHub title not pinned; descriptive family label used.
667	7c044d232198265974dd8f4a530b98c6653dba55	[DESCRIPTIVE] normalized source p^-1 versus p^-1/2 firewall	sharp_power_source_wavelet_bridge	post_cutoff_created_or_materially_updated	REPRESENTED_BY_A	PARTIALLY_REPRESENTED		Reviewer A	ordinary/radix-four capacity separator and source normalization firewall	no broken local arrow; native one-sided estimate remains absent	critical literal-source estimate	extract canonical firewall	REPRESENTED_BY_A	
668	15719b975115ecad1b23264c6a6303899b4c99dc	[DESCRIPTIVE] distributional critical-power descent and weighted variation	sharp_power_source_wavelet_bridge	post_cutoff_created_or_materially_updated	REPRESENTED_BY_BOTH	REPRESENTED_BY_BOTH		Reviewer A	distributional descent identity and weighted-variation equivalence	ordinary BV does not control critically weighted downward variation	subpower critical weighted variation (RH-equivalent)	register as RH-equivalent criterion	REPRESENTED_BY_A	
669	4ae26bc0538f8f7e7dc096fa221c81434cb8584e	[UNPINNED TITLE] PR #669 — owner wavelet finite euler	owner_wavelet_finite_euler	post_cutoff_created_or_materially_updated	REPRESENTED_BY_BOTH	REPRESENTED_BY_BOTH	673	UPBF controlling review	local owner/box identities	UPBF promotion does not control the native conclusion-facing source	literal owner/current estimate	archive wrapper; retain review	CONTROLLED_BY_LATER_REVIEW	Literal GitHub title not pinned; descriptive family label used.
670	f5d37a5f1880749dd33b103d98e2d85bac60ae28	[UNPINNED TITLE] PR #670 — owner wavelet finite euler	owner_wavelet_finite_euler	post_cutoff_created_or_materially_updated	REPRESENTED_BY_BOTH	REPRESENTED_BY_BOTH			wavelet/owner/finite-Euler reductions and criteria	no exact broken arrow assigned in this breadth pass	RH-equivalent critical estimate or physical occupancy	keep only if independently canonicalized	REPRESENTED_BY_BOTH	Literal GitHub title not pinned; descriptive family label used.
671	2889071e9ebdc412b94cf2cfe74f1fd5142b2857	[DESCRIPTIVE] owner HTOC/DGOC RH-equivalence classification	owner_wavelet_finite_euler	post_cutoff_created_or_materially_updated	REPRESENTED_BY_BOTH	REPRESENTED_BY_BOTH		Reviewer A and Reviewer B	HTOC and DGOC are exact reformulations	positive squares contain the unknown root scalar plus positive excess	HTOC/DGOC themselves (RH-equivalent)	register as open equivalences, not progress	REPRESENTED_BY_BOTH	
672	2a351548eb7960ff8ae99f193c10e278984c5657	[UNPINNED TITLE] PR #672 — owner wavelet finite euler	owner_wavelet_finite_euler	post_cutoff_created_or_materially_updated	REPRESENTED_BY_BOTH	REPRESENTED_BY_BOTH			wavelet/owner/finite-Euler reductions and criteria	no exact broken arrow assigned in this breadth pass	RH-equivalent critical estimate or physical occupancy	keep only if independently canonicalized	REPRESENTED_BY_BOTH	Literal GitHub title not pinned; descriptive family label used.
673	e932753906968a9e3037b44b95c5a2a711af1c41	[UNPINNED TITLE] PR #673 — owner wavelet finite euler	owner_wavelet_finite_euler	post_cutoff_created_or_materially_updated	REPRESENTED_BY_BOTH	REPRESENTED_BY_BOTH			wavelet/owner/finite-Euler reductions and criteria	no exact broken arrow assigned in this breadth pass	RH-equivalent critical estimate or physical occupancy	keep only if independently canonicalized	REPRESENTED_BY_BOTH	Literal GitHub title not pinned; descriptive family label used.
674	9962f7f712adc6b4ad72672ecfeace028ba79bdb	[DESCRIPTIVE] minimal Möbius wavelet theorem	owner_wavelet_finite_euler	post_cutoff_created_or_materially_updated	REPRESENTED_BY_BOTH	REPRESENTED_BY_BOTH	675/689	wavelet descendants	unique minimal dyadic annihilator, ratio-eight support and factor-67 shell copy	no broken local arrow; growth estimate is the unresolved detector	critical wavelet/Mertens bound	extract standalone theorem	CONTROLLED_BY_LATER_REVIEW	
675	7b28224ba1b072d4ccd5b93ad37c0a64e7939740	[DESCRIPTIVE] wavelet energy spectral-abscissa theorem	owner_wavelet_finite_euler	post_cutoff_created_or_materially_updated	REPRESENTED_BY_BOTH	REPRESENTED_BY_BOTH		Reviewer A and Reviewer B	spectral abscissa and exact Abel–Mertens frame	positive inverse desmoothing has critical sqrt(X) active mass	critical wavelet growth (RH-equivalent)	register criterion and canonical firewall	REPRESENTED_BY_BOTH	
676	9849df6a52bb4791ebf10cf0dd9f0c929d36bdd9	[UNPINNED TITLE] PR #676 — owner wavelet finite euler	owner_wavelet_finite_euler	post_cutoff_created_or_materially_updated	REPRESENTED_BY_BOTH	REPRESENTED_BY_BOTH			wavelet/owner/finite-Euler reductions and criteria	no exact broken arrow assigned in this breadth pass	RH-equivalent critical estimate or physical occupancy	keep only if independently canonicalized	REPRESENTED_BY_BOTH	Literal GitHub title not pinned; descriptive family label used.
677	d00c47155ca7440c3c07ff56b361d6aa3533da41	[DESCRIPTIVE] finite-Euler certificate family	owner_wavelet_finite_euler	post_cutoff_created_or_materially_updated	REPRESENTED_BY_BOTH	REPRESENTED_BY_BOTH	686/687	finite-Euler certificate reviews	finite interval certificates and direct-row finite theorems	normalization/direct-certificate promotion to an infinite theorem is not established	uniform infinite finite-Euler estimate	retain finite certificates; archive global wrapper	CONTROLLED_BY_LATER_REVIEW	
678	5d0ab664595b13ae2c00ea980e7b0f89404b5feb	[UNPINNED TITLE] PR #678 — owner wavelet finite euler	owner_wavelet_finite_euler	post_cutoff_created_or_materially_updated	REPRESENTED_BY_BOTH	REPRESENTED_BY_BOTH			wavelet/owner/finite-Euler reductions and criteria	no exact broken arrow assigned in this breadth pass	RH-equivalent critical estimate or physical occupancy	keep only if independently canonicalized	REPRESENTED_BY_BOTH	Literal GitHub title not pinned; descriptive family label used.
679	37c811473cad6058e5f057a9fc89b05dc5b0e4cb	[UNPINNED TITLE] PR #679 — owner wavelet finite euler	owner_wavelet_finite_euler	post_cutoff_created_or_materially_updated	REPRESENTED_BY_BOTH	REPRESENTED_BY_BOTH			wavelet/owner/finite-Euler reductions and criteria	no exact broken arrow assigned in this breadth pass	RH-equivalent critical estimate or physical occupancy	keep only if independently canonicalized	REPRESENTED_BY_BOTH	Literal GitHub title not pinned; descriptive family label used.
680	64e8e138dde15bfdb02d532041ace945c600c912	[UNPINNED TITLE] PR #680 — owner wavelet finite euler	owner_wavelet_finite_euler	post_cutoff_created_or_materially_updated	REPRESENTED_BY_BOTH	REPRESENTED_BY_BOTH			wavelet/owner/finite-Euler reductions and criteria	no exact broken arrow assigned in this breadth pass	RH-equivalent critical estimate or physical occupancy	keep only if independently canonicalized	REPRESENTED_BY_BOTH	Literal GitHub title not pinned; descriptive family label used.
681	9500d6f4bc2be3fcb53ad46144913caed2ff8c7a	[UNPINNED TITLE] PR #681 — owner wavelet finite euler	owner_wavelet_finite_euler	post_cutoff_created_or_materially_updated	REPRESENTED_BY_BOTH	REPRESENTED_BY_BOTH			wavelet/owner/finite-Euler reductions and criteria	no exact broken arrow assigned in this breadth pass	RH-equivalent critical estimate or physical occupancy	keep only if independently canonicalized	REPRESENTED_BY_BOTH	Literal GitHub title not pinned; descriptive family label used.
682	445e41e692b4413d082a5c9a800d759bda549451	[UNPINNED TITLE] PR #682 — owner wavelet finite euler	owner_wavelet_finite_euler	post_cutoff_created_or_materially_updated	REPRESENTED_BY_BOTH	REPRESENTED_BY_BOTH			wavelet/owner/finite-Euler reductions and criteria	no exact broken arrow assigned in this breadth pass	RH-equivalent critical estimate or physical occupancy	keep only if independently canonicalized	REPRESENTED_BY_BOTH	Literal GitHub title not pinned; descriptive family label used.
683	ce7aad78e1d7802d98008838230d52357564e95f	[UNPINNED TITLE] PR #683 — owner wavelet finite euler	owner_wavelet_finite_euler	post_cutoff_created_or_materially_updated	REPRESENTED_BY_BOTH	REPRESENTED_BY_BOTH			wavelet/owner/finite-Euler reductions and criteria	no exact broken arrow assigned in this breadth pass	RH-equivalent critical estimate or physical occupancy	keep only if independently canonicalized	REPRESENTED_BY_BOTH	Literal GitHub title not pinned; descriptive family label used.
684	4669183704a8f51b7d0377200a46f90ed023fe2c	[DESCRIPTIVE] finite-Euler interval certificate hardening	owner_wavelet_finite_euler	post_cutoff_created_or_materially_updated	REPRESENTED_BY_BOTH	REPRESENTED_BY_BOTH	686/687	finite-Euler certificate reviews	finite interval certificates and direct-row finite theorems	normalization/direct-certificate promotion to an infinite theorem is not established	uniform infinite finite-Euler estimate	retain finite certificates; archive global wrapper	CONTROLLED_BY_LATER_REVIEW	
685	4f69b7656f42dcb5ff250d13adc9f88e8d18f315	[UNPINNED TITLE] PR #685 — owner wavelet finite euler	owner_wavelet_finite_euler	post_cutoff_created_or_materially_updated	REPRESENTED_BY_BOTH	REPRESENTED_BY_BOTH	687	normalization review	finite local identity	certificate normalization is inconsistent with the claimed native quantity	correctly normalized infinite theorem	archive wrapper; retain corrected finite data	CONTROLLED_BY_LATER_REVIEW	Literal GitHub title not pinned; descriptive family label used.
686	a0c3c834c671fe64bfdfee6c8473d2c3702bfeec	[DESCRIPTIVE] direct-certificate controlling review	owner_wavelet_finite_euler	post_cutoff_created_or_materially_updated	REPRESENTED_BY_BOTH	REPRESENTED_BY_BOTH			wavelet/owner/finite-Euler reductions and criteria	no exact broken arrow assigned in this breadth pass	RH-equivalent critical estimate or physical occupancy	keep only if independently canonicalized	RETAINED_HEAVY_CERTIFICATE	
687	e9c84904fabf16fd93d16e7aa75d0254ec2bcbf7	[DESCRIPTIVE] finite-Euler normalization controlling review	owner_wavelet_finite_euler	post_cutoff_created_or_materially_updated	REPRESENTED_BY_BOTH	REPRESENTED_BY_BOTH			wavelet/owner/finite-Euler reductions and criteria	no exact broken arrow assigned in this breadth pass	RH-equivalent critical estimate or physical occupancy	keep only if independently canonicalized	REPRESENTED_BY_BOTH	
688	24a2a748b8b36a70382c88843bb7779caac97e07	[UNPINNED TITLE] PR #688 — owner wavelet finite euler	owner_wavelet_finite_euler	post_cutoff_created_or_materially_updated	REPRESENTED_BY_BOTH	REPRESENTED_BY_BOTH			wavelet/owner/finite-Euler reductions and criteria	no exact broken arrow assigned in this breadth pass	RH-equivalent critical estimate or physical occupancy	keep only if independently canonicalized	REPRESENTED_BY_BOTH	Literal GitHub title not pinned; descriptive family label used.
689	1751b5d63d981f1d39e0679a5997a7e32d2f1649	[DESCRIPTIVE] exact Abel–Mertens wavelet frame	owner_wavelet_finite_euler	post_cutoff_created_or_materially_updated	REPRESENTED_BY_BOTH	REPRESENTED_BY_BOTH		Reviewer A and Reviewer B	spectral abscissa and exact Abel–Mertens frame	positive inverse desmoothing has critical sqrt(X) active mass	critical wavelet growth (RH-equivalent)	register criterion and canonical firewall	REPRESENTED_BY_BOTH	
690	98140e291f1285e886d576291812961db9691c86	[UNPINNED TITLE] PR #690 — aliases conditional apis ratio four	aliases_conditional_apis_ratio_four	post_cutoff_created_or_materially_updated	REPRESENTED_BY_BOTH	REPRESENTED_BY_BOTH			wavelet/owner/finite-Euler reductions and criteria	no exact broken arrow assigned in this breadth pass	RH-equivalent critical estimate or physical occupancy	keep only if independently canonicalized	REPRESENTED_BY_BOTH	Literal GitHub title not pinned; descriptive family label used.
691	1de27a2c29e15e2dd94154f174c57bde3909daf7	[DESCRIPTIVE] double-owner/absolute-energy proposal	aliases_conditional_apis_ratio_four	post_cutoff_created_or_materially_updated	REPRESENTED_BY_BOTH	REPRESENTED_BY_BOTH	695	double-owner controlling review	balanced Vaughan rewrite and local owner identities	absolute positive prime tail defeats the claimed Schur/absolute-energy closure	signed cancellation estimate	archive absolute-energy wrapper; retain exact rewrite	CONTROLLED_BY_LATER_REVIEW	
692	50c4862c801b6388a30363c336d275270025eff4	[DESCRIPTIVE] Hasse/phase-wavelet alias packet	aliases_conditional_apis_ratio_four	post_cutoff_created_or_materially_updated	REPRESENTED_BY_BOTH	REPRESENTED_BY_BOTH	705	same-row K0/K1 alias correction	phase-Hasse physical packing realizes the minimal wavelet detector	K0 and K1 were conflated; only same-K1 equivalence survives	signed wavelet estimate	canonicalize same-K1 alias; archive false K0/K1 promotion	CONTROLLED_BY_LATER_REVIEW	
693	2cc70798b453ce4e5059dcc25d8d3fb7c38e172e	[DESCRIPTIVE] SCME/LRNM proposal	aliases_conditional_apis_ratio_four	post_cutoff_created_or_materially_updated	REPRESENTED_BY_BOTH	REPRESENTED_BY_BOTH	694	SCME/LRNM review	local matrix/row identities	the proposed SCME/LRNM implication lacks the required native estimate	literal source theorem	archive proposal; retain exact review	CONTROLLED_BY_LATER_REVIEW	
694	e6d923c1069f5a481abdf0769ca6d870a8b5ae4b	[DESCRIPTIVE] SCME/LRNM controlling review	aliases_conditional_apis_ratio_four	post_cutoff_created_or_materially_updated	REPRESENTED_BY_BOTH	REPRESENTED_BY_BOTH			wavelet/owner/finite-Euler reductions and criteria	no exact broken arrow assigned in this breadth pass	RH-equivalent critical estimate or physical occupancy	keep only if independently canonicalized	REPRESENTED_BY_BOTH	
695	5b549abb560e87718f1977d72bf6d3a18165af90	[DESCRIPTIVE] double-owner controlling review	aliases_conditional_apis_ratio_four	post_cutoff_created_or_materially_updated	REPRESENTED_BY_BOTH	REPRESENTED_BY_BOTH			wavelet/owner/finite-Euler reductions and criteria	no exact broken arrow assigned in this breadth pass	RH-equivalent critical estimate or physical occupancy	keep only if independently canonicalized	REPRESENTED_BY_BOTH	
696	f4016db548afceb31b150547cb6cd48b4cddb77d	[DESCRIPTIVE] ratio-four/Vaughan route	aliases_conditional_apis_ratio_four	post_cutoff_created_or_materially_updated	REPRESENTED_BY_BOTH	REPRESENTED_BY_BOTH	702/707	half-divisor/ratio-four descendants	balanced Vaughan, half-divisor and Gram reductions	signed near-collision/physical occupancy estimate remains unproved	physical occupancy/cancellation bound	retain reductions; supersede wrappers by end-state packet	CONTROLLED_BY_LATER_REVIEW	
697	e878c3717cd8124564e5400b2ec5db035e3a4088	[UNPINNED TITLE] PR #697 — aliases conditional apis ratio four	aliases_conditional_apis_ratio_four	post_cutoff_created_or_materially_updated	REPRESENTED_BY_BOTH	REPRESENTED_BY_BOTH	702/707	half-divisor/ratio-four descendants	balanced Vaughan, half-divisor and Gram reductions	signed near-collision/physical occupancy estimate remains unproved	physical occupancy/cancellation bound	retain reductions; supersede wrappers by end-state packet	CONTROLLED_BY_LATER_REVIEW	Literal GitHub title not pinned; descriptive family label used.
698	a10d6a40105142de2708632589c458d7534f556a	[UNPINNED TITLE] PR #698 — aliases conditional apis ratio four	aliases_conditional_apis_ratio_four	post_cutoff_created_or_materially_updated	REPRESENTED_BY_BOTH	REPRESENTED_BY_BOTH	702/707	half-divisor/ratio-four descendants	balanced Vaughan, half-divisor and Gram reductions	signed near-collision/physical occupancy estimate remains unproved	physical occupancy/cancellation bound	retain reductions; supersede wrappers by end-state packet	CONTROLLED_BY_LATER_REVIEW	Literal GitHub title not pinned; descriptive family label used.
699	f23dd81748562dfa2a73f86aecfb9fcd3e2b32b9	[UNPINNED TITLE] PR #699 — aliases conditional apis ratio four	aliases_conditional_apis_ratio_four	post_cutoff_created_or_materially_updated	REPRESENTED_BY_BOTH	REPRESENTED_BY_BOTH	702/707	half-divisor/ratio-four descendants	balanced Vaughan, half-divisor and Gram reductions	signed near-collision/physical occupancy estimate remains unproved	physical occupancy/cancellation bound	retain reductions; supersede wrappers by end-state packet	CONTROLLED_BY_LATER_REVIEW	Literal GitHub title not pinned; descriptive family label used.
700	18737409b6fa1c0a20096e5939a60cfc933d251c	[UNPINNED TITLE] PR #700 — aliases conditional apis ratio four	aliases_conditional_apis_ratio_four	post_cutoff_created_or_materially_updated	REPRESENTED_BY_BOTH	REPRESENTED_BY_BOTH	702/707	half-divisor/ratio-four descendants	balanced Vaughan, half-divisor and Gram reductions	signed near-collision/physical occupancy estimate remains unproved	physical occupancy/cancellation bound	retain reductions; supersede wrappers by end-state packet	CONTROLLED_BY_LATER_REVIEW	Literal GitHub title not pinned; descriptive family label used.
701	b8fa864f257cce623b020ff94b09c5afcbcabdee	[UNPINNED TITLE] PR #701 — aliases conditional apis ratio four	aliases_conditional_apis_ratio_four	post_cutoff_created_or_materially_updated	REPRESENTED_BY_BOTH	REPRESENTED_BY_BOTH	702/707	half-divisor/ratio-four descendants	balanced Vaughan, half-divisor and Gram reductions	signed near-collision/physical occupancy estimate remains unproved	physical occupancy/cancellation bound	retain reductions; supersede wrappers by end-state packet	CONTROLLED_BY_LATER_REVIEW	Literal GitHub title not pinned; descriptive family label used.
702	89f995450977c3590aada0c1447a7e6af7fcd9ac	[DESCRIPTIVE] half-divisor Gram reduction	aliases_conditional_apis_ratio_four	post_cutoff_created_or_materially_updated	REPRESENTED_BY_BOTH	REPRESENTED_BY_BOTH		Reviewer A and Reviewer B	ratio-four/half-divisor/Gram and conditional transfer interfaces	terminal amplitude×occupancy or signed near-collision estimate is absent	physical occupancy/cancellation bound	keep end-state route live; mark APIs conditional	REPRESENTED_BY_BOTH	
703	0a46dba5c74e573945e3612937606f6ca735a1d3	[UNPINNED TITLE] PR #703 — aliases conditional apis ratio four	aliases_conditional_apis_ratio_four	post_cutoff_created_or_materially_updated	REPRESENTED_BY_BOTH	REPRESENTED_BY_BOTH		Reviewer A and Reviewer B	ratio-four/half-divisor/Gram and conditional transfer interfaces	terminal amplitude×occupancy or signed near-collision estimate is absent	physical occupancy/cancellation bound	keep end-state route live; mark APIs conditional	REPRESENTED_BY_BOTH	Literal GitHub title not pinned; descriptive family label used.
704	66f755df4321a03874e0da3f61b033300173e364	[UNPINNED TITLE] PR #704 — aliases conditional apis ratio four	aliases_conditional_apis_ratio_four	post_cutoff_created_or_materially_updated	REPRESENTED_BY_BOTH	REPRESENTED_BY_BOTH		Reviewer A and Reviewer B	ratio-four/half-divisor/Gram and conditional transfer interfaces	terminal amplitude×occupancy or signed near-collision estimate is absent	physical occupancy/cancellation bound	keep end-state route live; mark APIs conditional	REPRESENTED_BY_BOTH	Literal GitHub title not pinned; descriptive family label used.
705	027ea8bd5c879a190e9e22620c245a81f7b93b73	[DESCRIPTIVE] K0/K1 same-row alias correction review	aliases_conditional_apis_ratio_four	post_cutoff_created_or_materially_updated	REPRESENTED_BY_BOTH	REPRESENTED_BY_BOTH			wavelet/owner/finite-Euler reductions and criteria	no exact broken arrow assigned in this breadth pass	RH-equivalent critical estimate or physical occupancy	keep only if independently canonicalized	REPRESENTED_BY_BOTH	
706	44828a27c63bfc57dce12d67e980db33f4d55c3a	[UNPINNED TITLE] PR #706 — aliases conditional apis ratio four	aliases_conditional_apis_ratio_four	post_cutoff_created_or_materially_updated	REPRESENTED_BY_BOTH	REPRESENTED_BY_BOTH		Reviewer A and Reviewer B	ratio-four/half-divisor/Gram and conditional transfer interfaces	terminal amplitude×occupancy or signed near-collision estimate is absent	physical occupancy/cancellation bound	keep end-state route live; mark APIs conditional	REPRESENTED_BY_BOTH	Literal GitHub title not pinned; descriptive family label used.
707	7bf3308d40ac8ed1ba50e404ff6e9c47526d89e4	[DESCRIPTIVE] ratio-four physical-occupancy end-state packet	aliases_conditional_apis_ratio_four	post_cutoff_created_or_materially_updated	REPRESENTED_BY_BOTH	REPRESENTED_BY_BOTH		Reviewer A and Reviewer B	ratio-four/half-divisor/Gram and conditional transfer interfaces	terminal amplitude×occupancy or signed near-collision estimate is absent	physical occupancy/cancellation bound	keep end-state route live; mark APIs conditional	REPRESENTED_BY_BOTH	
