RIEMANN_D0801_AUTOCORRELATION_V1
cells 1024
vector_scale_bits 96
autocorr_scale_bits 192
vector_sha256 3ee8d915d69cd6bfe7bd68a3bff840a693f1966aef5c3a8f61d43e33021d4297
normalization_sha256 65bacffb2e03518fa6ffb771f79d276b0018f7a22a1b17f3a7566d119024c8be
parameter_sha256 ac28f01b3804426fb19275c7cf0588226292d848b7b4d62bb983fd9ac7ad3e34
cutoff_power10 11
cutoff 100000000000
carrier_num 94184072727073
carrier_den 20
segment_size 20000000
total_segments 5000
a_count 1025
a 0 6277101735386693868379466187240526446204586298914778382336 0
a 1 6277054849330313143991138177082163908194975306874938720256 -357804105229883769065309849786898272263968106945183744
a 2 6276928097566164289916481462523030650597430568835235184640 -715001333113567562904100720253160313075957663078023168
a 3 6276727608076780355971239234322067883069747744475638136832 -1072258221234422934164125607467595491984277833370304512
a 4 6276455270916131469628092877979395935987397923435622432768 -1431092181964363131146069955926741848192352820637204480
a 5 6276110765235903509429318538640047495261428904444225912832 -1792401881570736062726542984977805633059509294568833024
a 6 6275694664312725259429639569260268908338315486637817069568 -2156394027250995152119479969838399175079766749641441280
a 7 6275208209192968455151069455902539888646884900591126970368 -2521494981359500761820377635458787883443961099171397632
a 8 6274652470671090075748330884207470337756432693479899922432 -2887305809982900213344474650791969681355478448704847872
a 9 6274027716468023941995206248092038756123139648447261442048 -3253402311116730635052579158452611996675531251948453888
a 10 6273333353374153534659801436136604594927002707977712959488 -3619771766154131833203462600008490985201016678064848896
a 11 6272568913010701049431829477931022745242096422909514874880 -3987315940409044245351942234618508273413000157481402368
a 12 6271735057589622102897766970721963895242430918835803521024 -4356774950472520373160490219494173048727131243822448640
a 13 6270830374591259887937608096289638190294822845027517988864 -4727619821183938097554750318713835993345401980631121920
a 14 6269853755283988957614411927664053270731010029712381575168 -5099858829649487157730458632914222342272043053502955520
a 15 6268805979266710181928543487979773508956418171403419779072 -5474051268554926519513919263741446551328009391511175168
a 16 6267689105351452698773536384707836023305935840904206090240 -5850159633453920397173041417690531840097277426714804224
a 17 6266502631742867757725060980974104390704462575921006641152 -6227696450326738350465664624194567299188861746097946624
a 18 6265245486869390661936882742088665673625127811172668538880 -6605552919541343279937027247995477567981943929285115904
a 19 6263918248562917997735686518141540742448453688265657024512 -6982409178174655125448411261048637580067558471197786112
a 20 6262521389094153731489747000587208353421752348239955230720 -7357528605279701637631451782185269572846552761174589440
a 21 6261054506460376161880525441927106699971410734466534998016 -7731249781105450431581578995139262071711714306567438336
a 22 6259517143046262927382598813244768916264587691307621679104 -8103514459104853350488526314491651364281590601557737472
a 23 6257908598754207054506006933556280998571609650750023532544 -8473755393143911837385604340848773393890182379415273472
a 24 6256228341778357896916203639725085247271461496506982334464 -8843175245657948043338817227599732025681247699667517440
a 25 6254476358310207423391450978019912839920848761827218161664 -9212292437215998270388360014830508382264581048284217344
a 26 6252654519875220388963133574477091346404531708958024400896 -9580751996998568121472098905614204844562092445698883584
a 27 6250763391120455805810907666432442978822002321275400224768 -9948737195887165588533738767536784215969605161926524928
a 28 6248802568221386612301266774935037504300684873339395637248 -10315888475176010948250732149506395483222716828016967680
a 29 6246772357606408361198945204162717085627725906090859167744 -10682591444893643523075862409283586171820481064910979072
a 30 6244672897407908562266514107282896866818412753573650628608 -11049536183089864579836046911731813140569233819680374784
a 31 6242503754197926259292760857920714199287614786988507398144 -11416617269813798003601292226086280141162819175409778688
a 32 6240262897681812661855852211844558462905459807795248365568 -11783216819133439167120448462884460316814787210695933952
a 33 6237949934456726034065433524197594896668737588653413367808 -12148601822079226458821524666906570862407583343992373248
a 34 6235565701132187633978964575601399737765835559252340506624 -12512469829017639518643045610598515621463431789932445696
a 35 6233110297157836940664421009904768313607339670977866891264 -12875668272405642951126307468160700993068398365512826880
a 36 6230584068916104033032515343682045992362351998432113065984 -13238631032687670675723655558298885851830171518879399936
a 37 6227986828717898696642482852773238280157039111834647396352 -13601258663230350134363012536538801291846240464560717824
a 38 6225318561976009284872736795080909349404832514167244062720 -13963775875629708812146649246648137968739521024785121280
a 39 6222580346139031305125653763225768723014261269180436185088 -14325607898632916999494172754737466961141381572679696384
a 40 6219773404656255571600123771907451115847165777752463769600 -14686746463766138138066722736611578504793685144457183232
a 41 6216897471271750093943690350402536395781578911318557065216 -15046931781040913669857772904281578833990574831942238208
a 42 6213951315234412115731432510157363481108307187489988149248 -15406817556708979842312903548363252291085001139020627968
a 43 6210935489528969183860658204112002849783874372517090033664 -15767737683777175876499505875174811542420800987136524288
a 44 6207849653497564224284057666944909781715867994966022160384 -16129464265184278960765185000871458125775115694037270528
a 45 6204693278455668025241000648855546848742867431219479445504 -16490890302797211321528389501287996424303710262196699136
a 46 6201467575657929574602549038046150966721071223451152285696 -16851977688228487959036313477929257840837185524253851648
a 47 6198174426848509346344598826515363176634466181805697400832 -17213093141196389909423803319299415192405183717202460672
a 48 6194813882252558707005009663554476080571671262813371760640 -17574517011214838223986593632817286027054343571862716416
a 49 6191384574543554413249359536202060210800688331625812983808 -17935770793663504371550550486094355865208385768593031168
a 50 6187886551974504040741946538035457297638503486848134807552 -18296520655925614945757362860030451463334152751942729728
a 51 6184320986538730064217799162960045164659801609499295350784 -18656548555223350677565174709099246512474898176038404096
a 52 6180688526418404231730039244735999239147064358829377454080 -19015846227163611242287012349139818190149455003701477376
a 53 6176989412578288759347030239781528815848780273907790774272 -19374202886425336239250325200324583881528530509345325056
a 54 6173223890610623111393442421460013800457271547353842581504 -19731061694481226622768732936048873365444234758324224000
a 55 6169392262899471553311477129370890963296084811021448904704 -20087304674725687685675985525642633506119662942302502912
a 56 6165494413638566349108982820094224520685806873454806302720 -20443483491586716116072528099043018736711684092508241920
a 57 6161530305668999467576876414834818082178653731614340677632 -20799186391314488282943662460837747191180552993664663552
a 58 6157499969384357114540309391621970368038253681695984189440 -21153976174927474141863203620664974859376332276171276288
a 59 6153403056247215990249675165983765293589997402516344537088 -21508234307515325077135212173543085395841280694206595072
a 60 6149239990219104709505381376212159970329681314962353422336 -21863200900982221567669994359422528923691996785919655936
a 61 6145009805038402586138911194700939954058187156713342238720 -22218434090221131256804310474165640923749538275310698496
a 62 6140711054065194055045263305051836970468582333262008942592 -22572909935744731268807174602876444018255792404281950208
a 63 6136343626693785663818146883023245353497137910838831611904 -22925763559602668959493879449610675338001135257367085056
a 64 6131908279772012491829407443536776654776467231441795678208 -23276965865464352151967492962686281149815184723913211904
a 65 6127404441921415082029946490053030951420428232961067843584 -23627432065191382109236587156014430706891125498954383360
a 66 6122830571690393264260826675266115544680464729614005043200 -23978252218635471099631688845572528612289187540331659264
a 67 6118187584232519275965013299070030596655993226517492531200 -24329019858481106560501259120423338360992098525005217792
a 68 6113477599214651449062660511852535045627606163129284689920 -24678808343758737069183213385536965474098051683685761024
a 69 6108702028290271478373065779457226782093081910459903246336 -25026818360333825662129557426261649257484285175438245888
a 70 6103862326158567495416890900959976406716931497235287375872 -25373593704072451524683799207694210405098131385961414656
a 71 6098959526227569070727065381619753364750556363312985014272 -25719311028887251307229444756397528572010907370189225984
a 72 6093994438572440574228107872669068804526071172271725084672 -26064488803642519883360243338710704916639287358892539904
a 73 6088967196441464863397324882116152449877505101102795718656 -26409359796573743048277052168200149001461998966510977024
a 74 6083877251593476615953219142714906230027825661622381182976 -26754346799050032787273561597860798900396416931914055680
a 75 6078724057074308589103509782712613552467445659363002286080 -27099026220165736016616729836058859558515613344076922880
a 76 6073507643045103362639045857951258988617091879289090998272 -27442780158075552358434798191086209505138129736099168256
a 77 6068228374120753616996486887105034866089803898878947229696 -27785402097873660187698437611557585556923085565856841728
a 78 6062885378045310753986601124653313585960149420520329183232 -28127506474893919122119215180364391332810103219806011392
a 79 6057477447680844167980033974180367956288489941496087183360 -28469163730313011383743387167426828459983505629755998208
a 80 6052004249848633142467626583976656830624758259860516110336 -28809904550635294803194890365117206973912421322400464896
a 81 6046466924559962082996638860658525340729392999137617641472 -29148849393300799426141126736159672298253746217993371648
a 82 6040866176348573572300850291067447745714338647393815232512 -29486149185451702658785929937365972513724422153723445248
a 83 6035202345429138968661204191045400877895340961854430117888 -29822760655444362120595573014083530407593211033854935040
a 84 6029474839045241981854515323296744614967292468142427602944 -30158770877811271487165473741486159011510636036738777088
a 85 6023683750910753728705585154958857088303631214334091198464 -30492648158715004074723026735621134856470818299054129152
a 86 6017829513211045440264033567320425016617431205798505086976 -30823673090373394739309608077324158462094972502832840704
a 87 6011912960928905458385030093479399435748748008963109289984 -31152099654052355402073300958258262154501382825662480384
a 88 6005934801089221862331029675527115764037257813395180093440 -31478084704124285547771501314649738792128801634122727424
a 89 5999895610228719428485306915010657902672091531560691433472 -31801462835564199224557372571356830041216149409073463296
a 90 5993794989064428476964507595035025205797777219701671198720 -32122520938581364376071805593135328326574174236447866880
a 91 5987633724427791438433970188846753824182505571020722667520 -32442378747836375219272017822653306603156697164833357824
a 92 5981411582492188174493916601698859322015837134769159667712 -32762360639184878464923337347626110719159486742001614848
a 93 5975127758376025395730095240711205627354932905989497683968 -33083309644252652152207317348752131311378279292538454016
a 94 5968782784565121291641634814140018813426099111591952777216 -33405074976983391024527987456744880680789582158533492736
a 95 5962377358804878893994715421670288204852666521629201793024 -33727144467463235155036178180747480095520464424874803200
a 96 5955911549183891970052412156235601623893405462407751401472 -34049468164873421334405702380939167412644676888764088320
a 97 5949384240064105400815031507840904639859997404630496575488 -34372600615512110653394123336602809898166647498949525504
a 98 5942794670301030236912545308699565334074804380752540598272 -34695608345403333535940217365418058228424472075557666816
a 99 5936143348015625604018365059559514680919993929924828200960 -35017037290370577046884457083418929113256747861612167168
a 100 5929430626751392036375744013278637570740510723476004274176 -35335532807159010991194683270159109387575739308304236544
a 101 5922657962226602979442670822643113661410957893472712916992 -35651146877651332268351063281436397285074406665390915584
a 102 5915825330294841380550561219172448397620986940981552087040 -35964118361805306349279641217137572730441244509609132032
a 103 5908932229850835522597514675050514168016265344995618193408 -36275319454917326448051786980421790261089785092763549696
a 104 5901978905255554088513249972135516563133745651632664739840 -36585094072172637668233872242086031869381670754483961856
a 105 5894966323040438578033373573702766594940806153368292556800 -36893524507280124419703158290996879477059113159596441600
a 106 5887895489587218694485771832495545372036494910862259126272 -37201191766346422455013820619419744401392207949438386176
a 107 5880766890161511594342424527326847372715574599017597763584 -37508891870679382429102028744868636191211960818867372032
a 108 5873581135150045936922444816530027817813690704604430336000 -37817243715912045948191292241579990797697865855801491456
a 109 5866338509424999917250387244442242148532653704698358923264 -38126577797894917922597332383135939451256958120238252032
a 110 5859038525889729176440509864460357994940656254778834157568 -38436732279313869069099408018289175361720628539562131456
a 111 5851680784823693828412728124402387496631739530736465608704 -38746793108801324110390374732712739904181995573799288832
a 112 5844266029198824441131267779280630698697505455414691495936 -39055575014017709777721487119359978217358610545982308352
a 113 5836795250176355345010441518841388141521651443936520044544 -39362458693298824503181069302232209755776681569463304192
a 114 5829269017453246658696259802189724555351121618315759321088 -39668086816828191499641152478525010513702885238545317888
a 115 5821686506687263615211060341236910172801970427898573619200 -39973633637761196307300491537080279816841988958242996224
a 116 5814047067805560437005576576105283191594083456748049399808 -40279021704207267891052379641738391317188751799246389248
a 117 5806351521270230949749421098580791748017674966285991018496 -40583048012971765366314509955572931432091635147830460416
a 118 5798600925631150303527093506002479286779784286129597972480 -40885496221106619182645825404154550422646539992254382080
a 119 5790795546312042241147121490007192248798239352278015279104 -41185941873006073752176878812054766091697964466686656512
a 120 5782936499066586152856631010388454316858483940811056611328 -41484780158355628031230493433167031157511997256158412800
a 121 5775023758411913187376252537045600823611260066636658376704 -41782245331588399810275566417633322540325655107919151104
a 122 5767056851999860965970516926649577838318036609905171890176 -42077770508085127536430083051248385036294054573923893248
a 123 5759035195265764408722687154804458968087500883025182326784 -42370795969949751936855413358114600104699710460275982336
a 124 5750958280183552295829836372306454955197024671962272628736 -42661595650574868211960981552148249173553540426390044672
a 125 5742826154638026776471084856835098311247446343076053778432 -42950846135037120064779140394435794443764066410769154048
a 126 5734639234098936815751467754747260110923566775767845044224 -43238750936960404623687726931303105327231600597112193024
a 127 5726397069877237801359098386838991152096182040551862829056 -43525529590442890741605773152523228891354224812999311360
a 128 5718099612082765502914525776218333740676465415534527119360 -43812201508641377657650651959082987479441065847033954304
a 129 5709747473894516503179296733839796542363060397127640285184 -44098133142156811051822484723045756010565472441411305472
a 130 5701341123619568995523319171162748201493252347465696280576 -44382999122343502183247398992309062604649586080853524480
a 131 5692880619755038880680974934672077726897696873567225905152 -44666791972108238418424813088801675911847856383822135296
a 132 5684366823769519916929003577502133536216688256984975147008 -44949446025647028359723028458243291469317585268098727936
a 133 5675800500327639380875671277182153794957098456882614370304 -45230416735236981730054243873893113840641199958128590848
a 134 5667182066969627957123693605847374708414933858877567926272 -45510319675420786521404516071367407061392767049850159104
a 135 5658511819435435834935894212580870764716349431511173300224 -45789457748676832242086293045907238367543526292858077184
a 136 5649789724364707623328372088409798339467756145310395531264 -46067506312925731766291281442233903975762479990041477120
a 137 5641016132197042390608288208560410616470002785782954196992 -46344095129469486587880334853068638729058351667098943488
a 138 5632192429242423982885148138039535479337768421205118812160 -46621130742322319627436470003102894919431327297396801536
a 139 5623318937611368411228747533825321023889770830721020067840 -46899686302101430301540094170611320512238325562488127488
a 140 5614394995459241927279835676628503726450028856265815359488 -47180086425706518047411637536887194135589022200976375808
a 141 5605420297367985300112562713860957578172360832487864139776 -47461547104420240621282609613873485631503072782790426624
a 142 5596395207191645038918484025130298507784882492479354437632 -47743055713094385087601542777515291884924411589456560128
a 143 5587320323559335900533722480078987680140668918353050468352 -48023338069027032366508664201576207720877279367479164928
a 144 5578196564252107752912731795829681783794491477538333786112 -48301894982642891224637734196219682400704713524537982976
a 145 5569023956359713461131377381731059694162226638125885554688 -48579003841044192114277516911854280462055638366725079040
a 146 5559801923524396081436952038458834417143436993761621573632 -48854662065359354352371163438230459391540644697218220032
a 147 5550529669291208094895601924799055255358775661045477277696 -49129052059168674535152985530353313217233194692493967360
a 148 5541207997292466088371249313515670041093004577572705533952 -49402329815332306566964838906934936579783952728951095296
a 149 5531838392872938847595832446545365366231171374536825241600 -49673868305206402723334819345552898483179288383335694336
a 150 5522421814464385144908801460834685224954813153886563467264 -49943423584455459428493414982293196739456483094184329216
a 151 5512959213749297728635175983357743908126849254133080260608 -50211520788025250247477925222799393548706314952365834240
a 152 5503451208989907991282968546069112443940154122941400875008 -50479346775632613910469137335145479753088571137910112256
a 153 5493897210103019686562559088207405715986025112558670708736 -50746866293362903719112001643014408005511729681621057536
a 154 5484297476638857400140332017380737426668674061271151149056 -51013327056102627664046189211672207156643239384382963712
a 155 5474652645916407571381375246610657450281695488320972259328 -51278557048670435549198118672297116560946694091515625472
a 156 5464962327804723711314358796050577612798669989591402938368 -51542712499595309815856495958171563355514160489856761856
a 157 5455227309061602866799284298186710135689184315663198453760 -51806912939574426291279526035435555401215448321466826752
a 158 5445447399662398207551053466398639726364210001397646622720 -52071707237204418715681227974346129877325162900153696256
a 159 5435621558432868795315344572542848895475021621636718657536 -52337749438491607958087280983371591049611057524941783040
a 160 5425748992139901608837496892650394497037637267721384099840 -52604216324792280069873918069135922747695083749665406976
a 161 5415829899392595445417691870989641470372085365782668640256 -52870532509667722707718098221685122981911469777116725248
a 162 5405865326977754230958197743209849743221093992169241313280 -53136302249492759265826177392471588959947974478009466880
a 163 5395855429651179335972682109153758190006353267915852087296 -53401113795332919199636235889656768767648104803861528576
a 164 5385800685020056821868155788803129923725112021716815577088 -53664449481352160462701063929608813739889059277173686272
a 165 5375700780705590090568695548583960993992060120658975129600 -53925433369919634974067613082402896225665773516219219968
a 166 5365556334359006920577990275125580137446214784792299307008 -54182907956210429269470003509101227342749695704486117376
a 167 5355368143687510117211301271164633734385661747092487405568 -54435854973850606700213782403501019298083919816208416768
a 168 5345136785491514277370041970439777414396380908877137313792 -54685018550187907026567460302806647286194262821455265792
a 169 5334863372734446562557963581885349859244109974521709068288 -54932492658828532202970275451144336507527601072323428352
a 170 5324548114825673879265143291870664217057663072595668369408 -55180126455308524641137854983557668653440178121995190272
a 171 5314190549398742710540844060928317349460255371223577395200 -55429221847530249235747753090351925146348984954448248832
a 172 5303791158194193757898527272632982715304999781551302508544 -55679946109105119036652871596449044818630732807814512640
a 173 5293351701911989556412558596520105487237151532683519590400 -55932034504900564321460283263516530471793510156632850432
a 174 5282873492849699746911095547920662744435853802796776161280 -56184619842196630864862201702577736255963772484491149312
a 175 5272356837209814267787965285387155558507199456673989132288 -56437664850558983301786050124570122941243712216621907968
a 176 5261801373747147541767830530186024444766571018061789265920 -56691822438390834752556664290865569476456662290900451328
a 177 5251206521299334328187014257346377825923650761277581557760 -56946264533524692202481179292209966061049994644404830208
a 178 5240572148567887787354929758039370989520128570745310674944 -57198888238078841932170976093271783330480332720958341120
a 179 5229899252182322401759409278627695428577622290233938673664 -57448810663936563982912631328380741492649713880195399680
a 180 5219187868446268314320235865199221255897242719653455724544 -57695821461701043074769494506268572838813497265856970752
a 181 5208437254848922156931792587667367523943232095229002645504 -57940172476699450667782308050223717450264225897032712192
a 182 5197646721471318419656879055886823344786331980629421326336 -58182545690805425116588140102942618024732428671471583232
a 183 5186817036877429325929013830756307471957927350062534361088 -58422754296977323048290978493047535701572190122637524992
a 184 5175948888743659264382757570086050234005419875712322502656 -58660241580350416053509649959618551957663722011193507840
a 185 5165042729000942063331465131923092348280994990193610063872 -58895256670110154398184360320571883993148479161407373312
a 186 5154099373379014281154873666019618130274112476102776586240 -59127861762966599072621323671026280933955716656348004352
a 187 5143118950019240461797511374344005629681257492361756278784 -59356879319518224828562853405328449590260993120310132736
a 188 5132101666909727272761390419446554911488125819144200257536 -59582566696787818286511531356253903197482831326067294208
a 189 5121047581378532703492059014350692819040947150019721428992 -59806342220589595935339303897310704093756052775492386816
a 190 5109956612965311938875109811101989087842618835670654779392 -60029709896019861062441977949981063917930539562905370624
a 191 5098828237196019131659126797570671074122983862611346456576 -60252128805923363519481199429724454798796447901491920896
a 192 5087662230312346070693806532900537154325185033192133885952 -60473725543173047674304914833518011001601858305253179392
a 193 5076459100144515276681852291352630092623183463443651887104 -60694448384482011144877411415693908293920871465854435328
a 194 5065219111940640764103156846392220380957628563926902898688 -60914256770452890820176518168200252956913775080823062528
a 195 5053942946116582147428166595384732741514780082099831439360 -61134099174771970713083248471178990552431620330404970496
a 196 5042631172178528762092576280975117542620082852535145070592 -61354587109125496767643581802126404738775246264739037184
a 197 5031284317675410125892458138432549464664544555768362303488 -61574414629773253234955851863482886190442727141407719424
a 198 5019902736313618654896162539565796464450002644028511748096 -61793346373498859891096671568234841691357720357797625856
a 199 5008487063265240799046717497953140490859843603153658314752 -62010844159894491070925706956369028429809095758370045952
a 200 4997038721097732403701984739778742288941594256583340064768 -62226357421888274234635984773071610521419896067555590144
a 201 4985557904869738516008290761187240934188538162246242533376 -62439876658423699111902506025770077621733373497971834880
a 202 4974044316250446141897373386739886714563695602133744222208 -62652358692608743467279600362692585548004073899663818752
a 203 4962498164547194278447542764666920027040635835953058938880 -62864213031661113291016848532760280376983998493324476416
a 204 4950918897118919020617052303839522471331898882270420795392 -63075649817490080873850563638686678687091970126783709184
a 205 4939306943082905356946578127066051407487522519480600100864 -63286834698251220079646016617679945022561655019200839680
a 206 4927662963516812068434113149930711640104813840060941074432 -63497666320851024069866188398432382131161687530382819328
a 207 4915987674786959572489933078579073594214164336093320708096 -63708373298640913336688922747964708588101567979720802304
a 208 4904280912151504610187633505176065909973194605714059821056 -63919102698441155041263471154441189991075764210923208704
a 209 4892543005562552336213596748839782216649746491496663613440 -64128621786296889774459864636781446677265977918340726784
a 210 4880774760565028912654046946734707300131044509326468186112 -64335121380517064216849714513128523635944374127992766464
a 211 4868976869933725478195790145138458032551584647602231050240 -64537288666227029722861151122359579019483453557508669440
a 212 4857150305129344313313785352195297485932001595586018017280 -64736705175199229476051413023769526675050217227883118592
a 213 4845295531825717463304282372803508171232587132081272782848 -64934470294765608008482514362259775127100216810728849408
a 214 4833412525864206930840285687693715626758040152375920951296 -65130707098018842718408149733018124325916994706780192768
a 215 4821500375545980438873532138529869179100858131830880075776 -65324326193168664038750820323084224362433906870547644416
a 216 4809559650439196869912009527981085699341670333807750807552 -65515021337700829585685453579006696379767856495922774016
a 217 4797591346179499149751207025267860684379898727761927208960 -65704493007676404501367241506927738764582241313778302976
a 218 4785596053625739291655563022774231065487653281283931373568 -65893377766358720893694481636204025429699301364597784576
a 219 4773574308376937799364066013076332317836987453052410658816 -66081767248705684668725089359914694534375970866735349760
a 220 4761525127379786605590865178323043399818208345083489550336 -66269583267648956414018356082280165095415308687335489536
a 221 4749447879860167128379397543515802987276891508652380258304 -66456405172157074328137880138729050903259303378591678464
a 222 4737343581770066423430308316923741097172619113384002977792 -66641951323199368453253457203328181473624510547816873984
a 223 4725212568656433521152812202174031706341224280887469801472 -66825681133421340411603630814740627262917613079180083200
a 224 4713054797950596449023806702921558756321148364296212709376 -67007440762577740886669702554053850577885599684827807744
a 225 4700869065034592536995771471662834207713931021038213136384 -67187434952614383620916648773404021593982757483262771200
a 226 4688654556991502420052527843775322934828790534046002184192 -67365793425060192280748841799673481708572443468263063552
a 227 4676411764588702027536751457770730477598075346602722066432 -67541967885984568260339411430522710640056448563445497856
a 228 4664141815308028754372476845286384442592025864226895560704 -67714839097111254378904767184636049462898540692637745152
a 229 4651845144684650032634157072093030988782423831986990743552 -67884315362730954032055760458130423795862015937209171968
a 230 4639522439830474747790625932609440898701286899469233684480 -68051498404338883495728050131258475264540768748701745152
a 231 4627174967335815732226642696299077917827310404422164545536 -68216638994332216711156154450786100009750354329558056960
a 232 4614803088109798852589108895720676265762559463010817015808 -68379584631833689322970884201621452943464078786735112192
a 233 4602406735460439031391457258538444928308734126950015041536 -68540228022326840184946315633789848256312881682615107584
a 234 4589986864478556678138069979004495937661942046522846740480 -68699206837753495807545948541885552163623816793363054592
a 235 4577544814734035410599961237033050643244372163433141895168 -68857636126885702190501502059414709730218107457744404480
a 236 4565080980471658481919676199734646498156019853768548941824 -69016871886657113792053912076680948028804036289271693312
a 237 4552595378205655100425267904673478239659301532047643770880 -69177479791904106387461656697549773102975169018103595008
a 238 4540087534879478485811894030254239872955952310081535606784 -69339196816913633731420062338263909799147687307439505408
a 239 4527556881929681401368773914578402440607023411052110938112 -69501617021036929449570918859581142256997152681946513408
a 240 4515004592545124551140686688465582926573115711167584534528 -69664701964714736735186951099689097961029395561446375424
a 241 4502432040674144378411607101779030489502920491066208550912 -69828880410587497075998209197912313642102988723055493120
a 242 4489839099946978051794241190268130625577429672836428988416 -69993286807419070851854513730835878915149317558377644032
a 243 4477225906411096238984202441600353763907867720731424980992 -70156521219259331280220066888799596240925430341320048640
a 244 4464593278175654795602812932214405326149407726345381740544 -70318131282165123168056258266889037844304220957284761600
a 245 4451941402048660854624922851533247972376982430186830036992 -70477694786845696303174808288312084089150695106053931008
a 246 4439270349943385232925636324794834950793566934614757343232 -70634682323228755781885323692826592420906161276247343104
a 247 4426580695237273098876078127977502674696230829477882494976 -70788508357678825789504652279835735751929653908048183296
a 248 4413872564189766744766669103901323092030248803426606514176 -70939302486425183460167778800991713791967461281997258752
a 249 4401146002508552442957954905524111603188071423286435643392 -71087476793423792070825330155054159568036955609735626752
a 250 4388401313962211315667694404899309963383176762115238133760 -71233559256951201489456239698664779721363512757103624192
a 251 4375639389107807883534030534449665458067626095126415147008 -71376558671288273619477262604568056129789207111977140224
a 252 4362860274547329346373531961804323024449201944927831851008 -71515923666192013256745422689689637592161169677427408896
a 253 4350065058079117722436254754936104553990234316350081204224 -71652814707828384001452468806924445528645235317256749056
a 254 4337254393494097836953951073475369557729076988736874479616 -71788714180314915473852721933103877111939670757095768064
a 255 4324427902624489734777078629704190434761743356143022899200 -71924354602341123807870523881675384537112888719689383936
a 256 4311585045705565056004346671950415512464311125114521387008 -72059241978456231623951769970606714707165048168773582848
a 257 4298725512674358288197379729231806589302750594269230137344 -72193666303187628448547064679662086230367869270977675264
a 258 4285849715976920600561493572830035471634431340991358173184 -72327678183003621783971547256848426891043580800699203584
a 259 4272957309559830804642190902880650555241822222783822692352 -72459898779163639399598572511921905314389625647770107904
a 260 4260048046344922353106327835648778983797625423769167200256 -72589863233436505068385524078638335239702426634669785088
a 261 4247122608111759704553830363157752154904233714429322067968 -72717576474116016666951439376984132672235538551129767936
a 262 4234181626962063028685376438644848215322792245626054639616 -72844089541557524973098369689348827581365542336126255104
a 263 4221225554417203988533369685999960012060570510530332065792 -72969605625953823441682536573559820871920170924161105920
a 264 4208254804179169787772202815275171480415016920610829762560 -73093701396206558200618672357234043450017290123869159424
a 265 4195270295741141308852883790945804249975700817228488245248 -73215569319611830226824070164668575521582504213940797440
a 266 4182272788229163655244466452247105394449138293922116665344 -73334684144377545773906989021833146761569117892729896960
a 267 4169263502161062365345877798608648952079297257432871337984 -73451860727394712940492986621217946973726608537033900032
a 268 4156242767869151254305200310022750647344600033793272709120 -73568123142750631597969485341377082883627507142753255424
a 269 4143209885138936738912273813693999000555023225798197772288 -73683447703000630169004769726020259278584272830628626432
a 270 4130164193401109119628982138254971672145707418855430684672 -73797900455743522561834586290979727172024080164940939264
a 271 4117106160617223004996562242475967669716094480136211005440 -73911042680727247756108976530322960674546327492084367360
a 272 4104036470696274436411918922082644338763294811822265204736 -74022320273347576978388917461544727291371058624378961920
a 273 4090956007436910689577406736282666860647780927084158779392 -74132198573128475060716493282021464277007198559968165888
a 274 4077864305025858962187633177318293389141882381582542569472 -74241517577729958555131235641601917157076245450277781504
a 275 4064761825516962921120550881364324269721032298286089764864 -74350295481859425938414904096448812767739224690926813184
a 276 4051648522148305827131496588254361823534611421377668841472 -74457710089736019331338177741214106755039074378860986368
a 277 4038525206576174790220072282271939937866480538628911005696 -74563565362255726258042205213220916451515412855459414016
a 278 4025393073248825362003164136638095608135706401376032522240 -74668073421388132310925115122950314176775162514047500288
a 279 4012253298065565003424667129564399320947221416834943156224 -74772059064528317178231392019342269334317315063057219584
a 280 3999105816781288798532895279314161906633035378816641400832 -74875928724038910273427574338700018781114837223348371456
a 281 3985950482445274751782057582446902408391275727518336811008 -74979110090716725146615394044162718405671982807228874752
a 282 3972787408408845716970215274990779316864580419044193075200 -75080895005458168643805325982105951680892715064765710336
a 283 3959616636697254208462783888244100702396630697034840539136 -75181163032565651741300032598862426372741897061027282944
a 284 3946439258212938385296648161016793292670901799188491665408 -75280360273700718544111538439276396280189538386910904320
a 285 3933256153081225764464869934088733482250478516342972481536 -75378919313081637508826023810434377133246640405774073856
a 286 3920067052886783700427031917131762728249070181929856270336 -75477110361108442180411222495842477166828178580730544128
a 287 3906872143794582469835462166310623207403888454337388609536 -75575120471412659843233721279503192041454948786494242816
a 288 3893671338379998287229891513620902583000702289492662288384 -75672324335447746990083568626060853567599443072549650432
a 289 3880464646324900281792514679610584260010708580721699586048 -75767812920261190192644149317019853196895837645313146880
a 290 3867252864298117120204488487533393356160195814786817064960 -75861059098281026052294828893964992820167683368458125312
a 291 3854036402239999670494129833035382237672654919888952885248 -75952472672808013390303507323719125135533442095174909952
a 292 3840815798214559272894412264099444400611786314437858689024 -76042037555509849423822240829820554022316743258957414400
a 293 3827590178413984244543274311234426473161231088867090628608 -76129236793276763395334764494721379447095875494100336640
a 294 3814359507067973476040968382438325600095721688462635565056 -76213577558114348643499290641356566150050473366513516544
a 295 3801124343783898039618012546729951306452401167684083908608 -76294490733640224019846856181980033089132552495084601344
a 296 3787885864129493957629742283182112230391711635610317881344 -76371978563368429721060674677806975457171248731429797888
a 297 3774644947111238175800501638280117114404337975893688320000 -76447285801858755439829191375177662414192151947833769984
a 298 3761401750995315431355174580499515452491721705245217128448 -76521863687117689528244180843550724253119886371718168576
a 299 3748157596477064289981507277792724154177164889579874942976 -76596427908364648750011934229411450422028449967402647552
a 300 3734912943230267616406633943373074708988982845747312459776 -76671251334766832206490308487185702283037121014864543744
a 301 3721667327900768428363896147841110781907130688440304140288 -76746382533472077975770644002520371939770144473795788800
a 302 3708420255918648176950026708140317756123258481495183982592 -76821628345807856930744338032927994659334876805600378880
a 303 3695171967541378810096208280480492786732763486088547270656 -76896413237855698522468606056854943929917830221166280704
a 304 3681923312383663176885044406696593665421088275374339522560 -76969851609595979968897759673133901570330969992817803264
a 305 3668674281986434176783577974228126900032096552492791234560 -77042412233835923839058969737892662308183224781341982720
a 306 3655424660042242159410220413325623802431507549304058281984 -77114504604832766481717197332784180246023671580943450112
a 307 3642174177126256290401289070236046751108945299061721792512 -77185274685256656000118561033065244059975758150352502784
a 308 3628923526122503343615426011398289391988944288996114038784 -77253052160431508975656185801941265708571615679804866560
a 309 3615674670379992552450992208955712307921694790260514357248 -77317056711338977905618191956126279898421610790963380224
a 310 3602428674118497310979910778317763094923046108359827652608 -77377055451084026151174350409401685947035420697261244416
a 311 3589185744895498533423813861619425104934936866199900782592 -77434080456646724450321387259497940260121424839376371712
a 312 3575945940854831435973280090185152839692472217348318691328 -77488250562478452725849610957815204103308840931669573632
a 313 3562709492094801627285231665835244134932315545971476922368 -77538992713267011814250915885287244792647927073949614080
a 314 3549476451748794795035093118171307273010745169844428079104 -77586201028990418438320338204772550556806187666349490176
a 315 3536246874027837650370248186573301356780892215994646265856 -77630434979620928177367199088604520398804550798184284160
a 316 3523020381701483219680590550066903639060669275776653197312 -77671941226045729622826689959650935175909028807443480576
a 317 3509796550549881885590529163279140119692873847721257074688 -77710646012906913378330815674266253241164145302997827584
a 318 3496575026811161093111716263588429425937174831996627582976 -77746900378402658958453503860767190888673592235012390912
a 319 3483356357198286729398871596468859003516615280224246956032 -77781696930337798974500067462005099266574558087784431616
a 320 3470140818081144802354335758472189507348901382232788172800 -77815429444413554857824881433869736921037370461322739712
a 321 3456928423358321769753429969188306635183521510464222658560 -77848850806959330669468822470500488048483405708881035264
a 322 3443719540369796275105987161941050764305186611547410006016 -77881964585026087961631961708615325222009343793948524544
a 323 3430514876900262357391330164765513132431236369077615198208 -77914707779767250300210745215339905904203377342653923328
a 324 3417314152797671273116279641044720609457933671836441116672 -77946162874355716971809026805121770874114540059488157696
a 325 3404116514784181590794171831261420553373704661775637544960 -77975788890670427351145474507396663469352083834280083456
a 326 3390922825209097879882155662573033020808998089504451461120 -78002596911187777744128940425404572855357862019241869312
a 327 3377734430787955596455267747823598181008589062468471357440 -78025917860473237770745523191933124721319320605509550080
a 328 3364552729806188308174073434876379544990431026922769088512 -78046909153156463326828803438046336872992783627557273600
a 329 3351377904512171085498962384862351865512038909118292951040 -78066610321004222841567096871736446974526373363636502528
a 330 3338209587315691755140641558131305938681252924976040771584 -78084812767075605564412388275792477935421659064999870464
a 331 3325048597553018660852154428449058914342684709841673388032 -78101440630258739401951957371093728193708422895576809472
a 332 3311896258646537919231056746842307456800991272502170746880 -78117247929037509785323762168567692836027090571683168256
a 333 3298753436695965448445304591066238572133436896938345627648 -78132187477792352442464197229218106427540410582385557504
a 334 3285619932812745658416209100516162259308544409833161359360 -78146305807697573109516033604609180023406643456862322688
a 335 3272495462015598203554330548113217190926986689126495944704 -78159781549341440707335653819436978393981106233593036800
a 336 3259380414593057508550750960008358343452870413385409232896 -78172246362164869244121833698455464820309964192091209728
a 337 3246274572145180126188802397632669992492529986903568547840 -78183572861196552583354302525284106779201187819735220224
a 338 3233177175289349456948053412741344004307125065641925541888 -78193602778307338112289716365845667065116228477593321472
a 339 3220088389036391714149876200250819453836756903734924017664 -78202161943431326871106717007938992110417183349967683584
a 340 3207009011843827997324463785846283994899894397410813673472 -78209481835465933113745635135165918896422251686493421568
a 341 3193939140379651375861414825557831589647590507477559410688 -78216379179314220259562350960785932818925026951217283072
a 342 3180879406466050213597777522757861503647252833843430817792 -78222993706712087698828855127679828532858948770999566336
a 343 3167830175417330854953497689162722125239125868233789276160 -78228550278950963467239138716877389512421986309299503104
a 344 3154792012323707226402143297471211391233271876106328211456 -78232315667633619007468521177521541504799833659099054080
a 345 3141765943135149789662750958041276405777456282986818306048 -78234149114689215939413044781698262203554383360532938752
a 346 3128752717282078744349824107724735136140297884329052209152 -78233537754351737208557626708642322755994180430000553984
a 347 3115752351803702558784101230401540452481042312535610490880 -78230037789500473505023765985152950590060743913891692544
a 348 3102765137341405220339359431211287589446245566639341830144 -78223939271723540034401467375361744929745525585456660480
a 349 3089791069733145594371375734648481915291630667146966597632 -78215178337102559791531900208514739190748732952911282176
a 350 3076830201860899517944996455811976021393934290559103401984 -78203867298829808198927972484758805033962974136550555648
a 351 3063882073492575091955194135496420935569023468901553405952 -78189444023314278046949125438100586810319610737302962176
a 352 3050947216505976208439717144161729750832892887255377510400 -78172297057436046508370418031781028898525575516115697664
a 353 3038025800195819060382771737360938278416791270663208828928 -78153372013123458351779114343730511298742187946609213440
a 354 3025117864945656238081339564559717507479407205284008951808 -78133451693905937286814448979547064184176958295328686080
a 355 3012223651283881419537678221864115917053265319802202750976 -78112368596958996504193984134382630369738747784556707840
a 356 2999343034161504287511265229976607532492989355462590726144 -78089313708317550905882643474598047809547856621219086336
a 357 2986475766786660426916978018026807501912201632343836852224 -78064063837624817364781593861767162825999522748050702336
a 358 2973621752968532788493653575091617995084450968153901498368 -78036120560999519119534466039231360663623464394629840896
a 359 2960781422092758884865161879564808742455534062824557903872 -78005678991739874888169917817063397219700478419520192512
a 360 2947955481032193763466252209202370221254907543179906514944 -77973241602299764086817225966551986823368617733686034432
a 361 2935143933411397444604931691597631171739229490129066262528 -77938926909175731136695512517633351124688790661464326144
a 362 2922346904112104449780298454365559471897945449617753636864 -77903306851641734849820305095732064632371716029457367040
a 363 2909564411711943288136693849657297662265986325609829105664 -77867020590025344112649755825603796453130353296539648000
a 364 2896797789647906564331796340197070634536755991289910001664 -77830328806246244805397404804972832451559692537058820096
a 365 2884048394022468525716491574512542734786632071299010134016 -77793583599610965266599536525350146005238413561012682752
a 366 2871315919101096660149518698097974138634572086879916654592 -77757185111765457280134497100856238929928439409745592320
a 367 2858599499098424297241067243256044669447594975357808148480 -77721467849955141529181107802629177919288627355791130624
a 368 2845898983593496144610335678712520049150160576167895105536 -77685088520185571703159338403960602541129123477044854784
a 369 2833215037947483511456541445575206517433540461845584805888 -77647190281851549919921750265067579924697932162047934464
a 370 2820548269743380223301582247788410919043491694328424693760 -77607817315246261105564146639621042567672999499240833024
a 371 2807899257548403043039628544505891789398616453725156278272 -77567117125660781583428677471754317694004098830111342592
a 372 2795268721907096852318637399222304911048082362566010994688 -77525854785867502082656330847964249867583471299422322688
a 373 2782656372733449644301134092651310595463531601029645729792 -77483533034344652544526374778987993683693587472156983296
a 374 2770062481784474460528412252177478846275347003256051073024 -77439010535468576750252653692914803127755671172359913472
a 375 2757487540581304743810653250062959638326501801461238726656 -77391543590113338059602333087809044623910714741706719232
a 376 2744932649942417388751037937128788913441754290436551213056 -77342131530385980518590240727272443160266895268826316800
a 377 2732398706235093110887109615491063672247031487280405544960 -77291667312343549269480085430322330144120821859951312896
a 378 2719885537987116991709025941045637519482525026435242917888 -77239700572157602887330129440775320453705259000862343168
a 379 2707392855661650367038075774567716413023547303989560213504 -77186500081312155618400553080430593321047020001604665344
a 380 2694920392597504529632895924890684157914773020570971799552 -77132020745791414590905582964039923302044335960462721024
a 381 2682468092369237969908380130695744463890542283035370323968 -77076297022658131668953312054150899650504621887699550208
a 382 2670035131071980126130642355362211076179248445223730151424 -77019077334726172418851186843246979832772027537325817856
a 383 2657621570623734868713708459323154190372521210366927044608 -76961144348655295002932820004137913568817663065557303296
a 384 2645228053113534870657437447784514808725582004373006843904 -76902997497871950013879988732917814971232359638248718336
a 385 2632854186556157178981286704704848113560766787706509328384 -76844647746779281578955089590870890333086629529898713088
a 386 2620500005855154343278191764031649779354950092652598525952 -76785732118133224095206252673041954935115071280541335552
a 387 2608166140916940798658138082709759795072177267916918489088 -76725965619123508655906817718436534996435297577813934080
a 388 2595853957257733471178034954861857189003022614278094979072 -76664883236465207207238120989049117009471231915821367296
a 389 2583564027483266227529029035512909843360583414592479166464 -76602709250354252804728494041776794086453371699436978176
a 390 2571295556185046293515893816500042443867994996417459388416 -76539712864312481440958783070425582668543742935344087040
a 391 2559047976452027872860341018996138605695602747925782855680 -76474778258651919799945114514571536923282839466084925440
a 392 2546821901785993525039027753890765181577991097927520485376 -76406288269826432353471671431642814686210507546157907968
a 393 2534619223068137507962297338568954844892423054122125623296 -76334531362371497499303992733785547455086714744729501696
a 394 2522440164172363021720172828920051728885966758953541959680 -76260958681047209575285308961856706527470364332134498304
a 395 2510284725628410342272968891649460890569290182313268740096 -76185721152871256321530027256083599299048715802430668800
a 396 2498153478301333808566864673885188925891239899970223996928 -76109512498187498616006416503307631196161149596113829888
a 397 2486047104779732873096323305665625701188873641898239066112 -76033284880588307033726445807334049951732325978375979008
a 398 2473965423967781964783546616715291979789550680996013146112 -75957622351767497179132293704494173166011573236408516608
a 399 2461907438579777568353641245094756174530067436536688803840 -75882331389759891606563125132682677996156353359019769856
a 400 2449872624090509612021563205005725920488374702997619343360 -75806858797859199862688430483150889183074484850511577088
a 401 2437861422726686443428824110730076993627287205801493528576 -75731007463981307363663599880221951137186939079330103296
a 402 2425873918630806271860386982487368776510753882292548009984 -75654646331298519022423051300269652704082820566804856832
a 403 2413909737932586120858425362447334048194143567527169490944 -75578104057119881779253511898026027950874217307634139136
a 404 2401968869408075518789168112673940380720149384037817909248 -75501218693458962962690496437684470400488892560434003968
a 405 2390051579884385060307247354776074012743730255200870465536 -75423152645093900757910160932929044658566125221073387520
a 406 2378158352025848834428099133382995747173519095292491726848 -75343637307327400606311825242368334670153739825177427968
a 407 2366289642319152801507876505577797578746340288009043181568 -75262745046023629307872934703297322402787000370180653056
a 408 2354446357003304173918177730196838029074097856965425233920 -75180580972012971972022077555230365261967213565724065792
a 409 2342629266850592560664577914752092722917322346820385374208 -75096672715090632860346218471221992381656764614279430144
a 410 2330838595647778257748170458667492519278445111330148974592 -75011348775749613304123258504654820908689440660030226432
a 411 2319074742597809264510378206378585644103038027557278580736 -74924505645477749219559083004683072501639734184223178752
a 412 2307337595055446232060442461595188614077142942524551200768 -74835376170642998502046549703524907867403415585581694976
a 413 2295627801213880873681906386411951107197832520354867707904 -74743626099388383100928360472200514462981860737075380224
a 414 2283945824125293851354687458952340010774577090171731181568 -74649409591884929245167351504121995895206353163631198208
a 415 2272291191052397023585636766021023342938898494759874068480 -74553508738990843865739711926862993901149798247000178688
a 416 2260662683754346365034681735691156547370255719540902068224 -74455932210865820848169602633773159192676381929001451520
a 417 2249060251826389474020708574132357927251277026821194907648 -74357035976044812872377995329364691817494423677400252416
a 418 2237483814711521976754796674694351245074890063262802509824 -74257227701417521892922101301509379470252633089976041472
a 419 2225933137081682642620958013326610891703209673702756057088 -74156044051569814591967287815755187442181122804710113280
a 420 2214408930022404541472881592008854998216732300361596928000 -74053985744006805198709320772445022856566698363225899008
a 421 2202911540841642044511882060445889342697619712410688421888 -73951868618634003874869950584735023608394534447906553856
a 422 2191440597230032790956624563931738565870758891636507279360 -73849496123858181977145985730202166927043668674764341248
a 423 2179995267808586271123019220861451765735041298963361693696 -73746474167107997713067905611420287341510619630955134976
a 424 2168576019069305651163632844948424490673695707392739639296 -73642873627976637682354885677925102530457238255054094336
a 425 2157184333373080792081939400239017478723049885676997705728 -73538159333000026804137333766229458925416377070913585152
a 426 2145820837127918999682692790060402758910638838293664366592 -73432047563020885931735980906083926302756120514166521856
a 427 2134485502055701389229182098603518276790044162308370857984 -73325190900192394867986028740590953836383788574934302720
a 428 2123178056677838051932295337633171198856115637036557271040 -73218221818038238169772329546322294767209686695336214528
a 429 2111898716326596125448512196932322481997499883150435680256 -73110881970447368442334247406646944999956475459582033920
a 430 2100648139709712827030910872297186182424324498455909105664 -73002429100844854153524381543464663272571156834600091648
a 431 2089426516313505049620433137538079151348805558532587913216 -72893106353972421663314641969878957448191832494832615424
a 432 2078233702073440302469780678000950745948097055962834141184 -72784174491474680375528623326023565927018191101496393728
a 433 2067069798997371404036198953637763560837705133258044342272 -72675794916074641203573384835576934725096390919125467136
a 434 2055935160689371730149599375227756074658389692684156534784 -72567952716686181074771167254484054768652900503792910336
a 435 2044830003390134000691840597115465751270184282308292378624 -72459519160952613659792879021669754366469754722778611712
a 436 2033754615252915792971706931487810727633359934977017380864 -72349534984420615016100850242245935966869262036080001024
a 437 2022709838794661342718640661093161893267521651321952272384 -72238428644299649461911254898937376817158537818008453120
a 438 2011696777540523613857420847260948275208595976139959173120 -72126335326919552106760022228414906180481771283054329856
a 439 2000715612487864552545999564187929458386528567261002727424 -72012911813080303750823318474043796076203394502685097984
a 440 1989764765589115180142644877113697734861697232272174874624 -71897691896866142486358127281791963734983458075545960448
a 441 1978843372411773363325046136227064981397610562858514382848 -71780524517443836887388531819041862675075805443763732480
a 442 1967952026842356251989252850157413503270723228054820225024 -71661184241536563553137891634789299279493180627900956672
a 443 1957090913564821563240995306841688281580272753315669868544 -71539220662073999247778919559448389857111784947401621504
a 444 1946260078550022382802442097930396803969822313012472578048 -71415569536704789815861715771397064964920110645690499072
a 445 1935459671008916577881864534363919809471018156025331056640 -71291028668405750872214979526125140524897645916764241920
a 446 1924689585181183999881101301526335216069835632781702463488 -71166299069205364184365106722637280312033592073397469184
a 447 1913949252328136089693022625842797565016744451138075492352 -71041003275984275876763996447502405351073852969770287104
a 448 1903239337869289155936098522264842307251155310087392722944 -70914024654644029828927916100127073468543291600387702784
a 449 1892560502421692572822853874965483359058290996142185381888 -70785586948585621865600837368373566429565104764059910144
a 450 1881912588386805841522852763771391015442259903952608821248 -70655926586134527496595579475893627111421606635581210624
a 451 1871295261741496049654693071400004078276978769561252790272 -70525128378650641336129931368339932578145669172183433216
a 452 1860708407137798994505345353645302323877595957356719505408 -70392927632398246880643668483953838034381464057132613632
a 453 1850151640863778810542760866648581755059413451087007449088 -70258234385061596681808445647043273380168207856446734336
a 454 1839625207284400021041505827960844319838054999762478825472 -70120687300717876559352221971750823382461050181944082432
a 455 1829129117957304243117341814993938263870035421059579117568 -69980821782449407860329656294804602626380147096163450880
a 456 1818663305398588023022180896818681858441736159120699949056 -69839092475169807801077289167959313560135618329395068928
a 457 1808227845378251038926942870188852828369320001554765316096 -69695102440625353338592497236280352755531573752741494784
a 458 1797823578717705431244970033530397460982863214341026480128 -69549611939196246922748943692801841557050650320862969856
a 459 1787450830153800274262061381133228027727807950031975088128 -69402479148763670936509301716222600287118716039203913728
a 460 1777109482930473456186626693732670418219753543646798938112 -69254075053415920943223375841317857728897720000087851008
a 461 1766800253419817484975142433536162298453343251225485770752 -69104966450302591546984762969009055967518665647557967872
a 462 1756523898888095561859252632431138976964838871449496190976 -68955176106509462320746679047088186807000556996650860544
a 463 1746279610956880335171922614025692264363542701212868542464 -68805077892154682419072393171725386739349668637513351168
a 464 1736065588742969916225854895983674989110542588641049313280 -68655654928573145959462801629212608390487871453965320192
a 465 1725880781047773422758216691213835501542665575667226116096 -68507185252439486461104926315918719261439189842743263232
a 466 1715725466753358151490141288063299304013218626024465498112 -68359716362547677433583492073109852061944213940369096704
a 467 1705599966518441867713251878079499251840829898455471095808 -68212858511128703702912165225952362354713562790714408960
a 468 1695505372304377434595137453066685357526153416325201920000 -68066405255368944489557605059040502905593495266133016576
a 469 1685442466053555423199577695042771363459355137000876277760 -67920136374276867929925337231721038227900845319151157248
a 470 1675411901107876162115642506325818553790700981844573159424 -67773589324338580312481531808377853619222863243210915840
a 471 1665414276283794026994468416142767370600871460984141643776 -67626095742901304333837541266369576242263855979240095744
a 472 1655450186125192707177998689932264521783011008327756808192 -67477191587896653815637184837916269744893809357374881792
a 473 1645519676781138143047341780553581722561028066012504784896 -67327064473960690062311523625488927169393916126538235904
a 474 1635623211467051047625178297509112435243155046424670896128 -67175589366220036249193426408310657200167942814808670208
a 475 1625761565642207343418650746171171966434597661244085239808 -67022367444492642312513841204905908748308688525141737472
a 476 1615934419429409560964525465821610853328906320514824273920 -66868057207397714239906796649070617489716743981368344576
a 477 1606140417689861133194913533689299004256553135473967497216 -66713131393662290719173619111003743936728710739920945152
a 478 1596379441328153534716336605612863597399130962178508587008 -66557871371559195234841828353254218320617524816655679488
a 479 1586651990928527651190308851291365019144303876552458764288 -66401544167934789315803139224389532975966911021277249536
a 480 1576958133406696001304152349721967482815366105018604191744 -66243707671713184196537753282899973421497376911197732864
a 481 1567297918058937257778623739198696520564776258993523785728 -66084572678295177832455088639354439984264428939131224064
a 482 1557671311500515927864730925674640844486971315975169769472 -65924538580376585584418417353564133475878854431189499904
a 483 1548077521205673450557954340402907548069395599080732753920 -65764050714634803320286048663118335593317345503647629312
a 484 1538515845178672981780958986795695562856393536903302873088 -65602603060149701413824595083875370036792481636182654976
a 485 1528985715963158962906614718124632569161058722126734819328 -65439440664621637319741614516325095491841552283414298624
a 486 1519487671976530003357112690838344331064067143872381190144 -65274447760275961211704071661820453868189271198684676096
a 487 1510021886012982563461642503595684229859418376320709558272 -65108529395141513086149314997140270151383771525884674048
a 488 1500588195512438578837564651883600593104332870123016683520 -64942020646992277283452250130911237352519819009175060480
a 489 1491186489418549403698385037990645943616529075722770186240 -64774781276456457726569136735672916177078786158378352640
a 490 1481817347281068969795445270758984568300446474385747869696 -64607373629721530781176792339086363589050758077653975040
a 491 1472481329163876840024122080342250303730856629084056715264 -64439384034587953824082328330781627843463655232825720832
a 492 1463179310423212084803785943802592763499724307697091215360 -64270323888988503741838895510844831204838271247940845568
a 493 1453911824865237164891252566626971147734966063440850845696 -64100833776085759129980199668713920608390530620998025216
a 494 1444679409258594307567357778622325524331366489496238424064 -63931346586384822058227291472352652563365693332553465856
a 495 1435482192645452779379071842223962413547671409592490786816 -63762013420003562949060627944203747383648928941079527424
a 496 1426319468812061559825864734262985484444316696970012917760 -63592417294752851686822824076293342979861073835289739264
a 497 1417190311885542867736505873411694952245766029973273968640 -63422716462062910175077318249574848505187645056150929408
a 498 1408094427449275369025115560991096415637512655371505762304 -63252704978411346847093523439097182058471443103376998400
a 499 1399032359098604300553708688830678685804689158207394807808 -63082798092032714045990267454481240782013542041640763392
a 500 1390004410103930988529166039787821359308493875133041082368 -62913188622710060698968504649077450196671098067137593344
a 501 1381010068801001601541496714137859871241129430854165069824 -62743692321542780843236004372775007094345960418514567168
a 502 1372049442157022999805315662252935740043331181837776060416 -62573940328224040423018584501846289069699298403849076736
a 503 1363123589052077672004444975728534280406991747418094043136 -62403270969371762598022393325105559572395565676417253376
a 504 1354233173817287597999808877240451807206034869865058140160 -62231086293424243716819101559462259601454741015746314240
a 505 1345377417418079061867078953256925725299586155700478279680 -62057366520495097468363947388257502649081167267265249280
a 506 1336555641538579093292102837820319145546395433790200610816 -61882290361737496552476934080246904339831068339828948992
a 507 1327767894968765311925073033745998603664572218790872350720 -61706010186355961685301431840895321492376726267202895872
a 508 1319013756130076898266307164204606457677409857188126523392 -61528449400161075129001471513803286703111013935030992896
a 509 1310293026699721769154033599419772131786518840124551200768 -61350247119663759304883344699059564637483362029473366016
a 510 1301605930097430465441362260809373325852096660341535014912 -61171695888149961092773987169903105827748795435146280960
a 511 1292953164384714801090398498474834256147744902290197184512 -60992919526933192018560841505755830962971142380171821056
a 512 1284334726390417742008168209084134527858532490041221971968 -60814367373389155982998156133285018539811027303700365312
a 513 1275750959903612077234260796365489261666663482133661614080 -60635736214792728551655787134937590209299870359381606400
a 514 1267201613272706650655539691524196906179019033891387211776 -60457444442876086191574639486556076227559211788350259200
a 515 1258686094285725938053537895108159022960166383333071126528 -60279032378920525556037317291689270737780581293600276480
a 516 1250205169518199958718606513250852478873560180935815593984 -60100263745494838738815165291059756793747994702220623872
a 517 1241759349333428859325963621484443158071437951998470651904 -59920602751236883102262096223959393214578551882084515840
a 518 1233348524524899023201040005778142420526980492935210991616 -59739746803638294101026189030662599148957502281690906624
a 519 1224972562949512460779478002190027854540813661151325847552 -59558227121209268801842904676309354396751685167018409984
a 520 1216631123414720398685362604400694989676179338236174270464 -59375926713312316469437428495508944303210965919686721536
a 521 1208323301992351986495683749391280926018773006948063248384 -59192877838927458288745752051156459340581663062349578240
a 522 1200048717029229196391430248386368535018471585221798002688 -59009084923795352026373673484130785908537473392810393600
a 523 1191808502193493410109189264209533856757061869399057629184 -58824719755194232866465004594635252950006437460232372224
a 524 1183603582310656501674806264845410304426746775960083759104 -58639878429921005246219878466868152519535469729406779392
a 525 1175434282618439489705425304138318711258129024437974990848 -58455103877738710686055760363731313978767902638658813952
a 526 1167300147260214190856456538467797573008930018592555008000 -58270853012669160614420923291443996321099749992177860608
a 527 1159200627910161190643131952168400785455233024180866777088 -58086494743651738909755767952125132179998971945457549312
a 528 1151135390595538561372343018876241916915543538226763399168 -57901627389318065261322417957845506206702609178698973184
a 529 1143104220376845493267851474639931637844637173555623100416 -57716781690964739966786502428742233300002416581354192896
a 530 1135107058853324534805337580799554457002141996243472089088 -57532077908367990389580597237127259727182200185657753600
a 531 1127144276007776665724920805473715711129027770806578446336 -57347795800461798587700567590151803130334645947199389696
a 532 1119216090748151637423626041587634898302487957662601314304 -57163719239148341381174122135712824319231942498499690496
a 533 1111322518638322730816043834214519114138748411781429854208 -56979480210514594941527283425650324122868333955531145216
a 534 1103463693842410851516443536030386820358838690989335379968 -56794490816546696266979915863892896071708903737795805184
a 535 1095640454666421077298044901228410527792559078294297772032 -56608711000297161313790330512765437648866385126483820544
a 536 1087853345029380819216556750470491338842608244636763815936 -56421989204667439686954176694685967703303696753788715008
a 537 1080102603941882486210896357262613541337371980408637358080 -56233961390495718389455291193874415726118130636254347264
a 538 1072387823435685679718700537521384828813152237260906692608 -56045466324249175880593524865188039043709598668949553152
a 539 1064708516109736084846069369232838691947671861031235223552 -55856266020548012013862398620114094359011266049022623744
a 540 1057064583471638780678859300144444031803496413751368744960 -55665385057962945009836131179432375388689250512789307392
a 541 1049456263560404978645253302019697520760747172786432114688 -55472896567544601619733807426514333945236288035685924864
a 542 1041882862179945779105752825198424329835427289681486675968 -55279887298697952151145837097614756777053552135593000960
a 543 1034344005425736621579115455398478548569147904342815145984 -55086744949198305537837960104180123990034271946022060032
a 544 1026839390438915355709929565706243702053885202058218307584 -54892713773857172148597808022409130032614122606974468096
a 545 1019368874106943666903528763106193145595608340832792346624 -54697060161480903466853447936743869176944720705497333760
a 546 1011932463340928091630967619047569312287223775938622783488 -54500035804882754495848684969586960806580689390022950912
a 547 1004530090454052158052335492151146497649729248251451801600 -54302517559860528934801020151600407404287378330704936960
a 548 997161677861058028956901106875152974574133148816286679040 -54104870802801071954060253430140792100093365506109603840
a 549 989826412878356861449080959884312327917907641999449653248 -53906323571202399090939233740835114059613732367998386176
a 550 982523281074945067560921612179335463587635902733053067264 -53707077813340236441477607549878121964721023149483753472
a 551 975252700301496247487616764323339260276424562935355932672 -53507177595834563053995392673624560901840551516141780992
a 552 968015415358881744534325359967316071091136997284487626752 -53307118628254546802131900633356145977966505314742173696
a 553 960811765727332765427942095981059961871541634708818362368 -53107122542049344390627686799022353430392147743074156544
a 554 953642150581808739013069134919465286471485412954045677568 -52906685557354068628580321417730312214164400307833929728
a 555 946507237695862841241181844655801871076662442744180899840 -52705816217278723164677281939345866316181487498483990528
a 556 939407645587726418834770900242723454165157606050957885440 -52505112122159867440810987712231882533654655413073739776
a 557 932343763432489707444686853143014184948803250317640597504 -52304962084522466708586103471905703464974853953669824512
a 558 925315693617738383241651301968203637488517244383729287168 -52105058697978929568447371529603481608954103434508763136
a 559 918323821233431861062331773618547459953858164459122458624 -51905318448352707028899904840339834608459982466426339328
a 560 911368378501778260470845866281865294753888786637178011648 -51706157923997537147849272330592128576304981516046303232
a 561 904449301985082411348114553389258711769041639638480977920 -51507543112913359570490324252040962042202603869846896640
a 562 897565260344560187383378978284103753832224933495332405248 -51309644323474547033446637299608592153513552948475461632
a 563 890714624348992756357741599679209376074367060451136634880 -51112518026908722585935451249900602685770477890476965888
a 564 883896971125097970676826307712182915494330912678021693440 -50916080637042482460179183641156451366867151898680492032
a 565 877113022105033588517865853540150658708736115578232635392 -50719890783897666631512148184779353539060787779886645248
a 566 870363325868821054602075926540756242059545412131541221376 -50523048870491224812530327247736732873926767300680089600
a 567 863648129486903821230274803049780903155023495720264007680 -50325116827168572311441134411890603530224260559298101248
a 568 856967893377789612163965778363729776140142799213037617152 -50126191975619611196244130607134469371712988325273927680
a 569 850322778931331196625240461869243564501526008451521576960 -49926061567484392185398953612125438863699211387169406976
a 570 843712299198865715851041157028606175573057466522427981824 -49725317324854564757490483346174938455953863102166990848
a 571 837136129769348744679822980422051224553068155161418924032 -49523283364204316755486794266053789406345141147385462784
a 572 830594359207562871471556860154882517556271127775974260736 -49319362695615099864824508029421727985534650305105362944
a 573 824087617915031500780682471736197464799147799983996010496 -49114223660191481722887751253437377379545760555723653120
a 574 817615627655248781049415587375389564959220055008335626240 -48908857814291241027301068946625000542421544242130190336
a 575 811178139545933580372977164667848493248966265762106834944 -48703215235425337656027276172568647882166786772281851904
a 576 804774571148025951274691598681491035895170710466958721024 -48496758474078945305217126876911714509521911291614068736
a 577 798405063038258181435330463849345575721250807524637016064 -48289114310587876734951279360168153994671835982967341056
a 578 792070098667099119789554308533002860204859145378380906496 -48080477985439008722095438807919367463653521941562654720
a 579 785769433676169123028536785847239194310687456062175444992 -47872088525087812994044206441713479678833906858267246592
a 580 779501983733575989367757181584754338629277726600207532032 -47663941114789380252439697658063722323042653976248975360
a 581 773267589276393224004661054159460346441953520436044103680 -47455392509696263685830119219077273729784705172002308096
a 582 767066376349710523784354536880957430087015703344509353984 -47245904550463949238966663809177507412927047119287615488
a 583 760898317223236665326508946510896629290888814337091174400 -47035084730121498021429246668849728966028895412348256256
a 584 754763452315848461345552529035867541158264939614566350848 -46823638057417352182068666746875233202942202310643679232
a 585 748662053148962487915293845294770390397542238368334610432 -46611459307090079660543267048418422751746998406645547008
a 586 742593364133084547970958977315902115832841662389905522688 -46398476153168783950262638225399929121989874082035793920
a 587 736556451447621065355128447843381269837227951594412179456 -46185366389460545421521846714366946416154602306699001856
a 588 730551565685625310137557132936554299821384598943183142912 -45971988591862105570751634649397515617429293798285901824
a 589 724579293835188486260174531073784086445334514538330980352 -45757897750244469545661342265944107702204035297261387776
a 590 718639960804142938865000695131664889554381326633815506944 -45542874104970543629491237293994554679436797552667656192
a 591 712733753725422053839742206265922722391688361623890690048 -45328125545992929814175859857815586223233067803138326528
a 592 706860595128103359004021282736155198067264009616857497600 -45114239572230537222323397758744310035855337164002820096
a 593 701020002382408579788490303085672491776318390827082579968 -44900863550759643442264173718690289357296882481954291712
a 594 695211975962862357268458915134844478159001115172657954816 -44688025017507282776579356993267294026336461061460328448
a 595 689436555738441043317400010695563925434426010656669958144 -44475302283291329110058168857555527342138289126713065472
a 596 683694255618800355583380625283361456744768657936978280448 -44262542199623512830680579572814192346176691371428020224
a 597 677985367174639925488876270477862077683581877240989745152 -44049912012832046391320080334253468191184658340710973440
a 598 672309553973175409634209058370691353186265659408245587968 -43837495971238341630111690695380442375767516875314954240
a 599 666666112841490950848172658139277182780389509622145220608 -43624883304595372267724266077931276169647113383878590464
a 600 661054672359595180093120625074231085504027359345150787584 -43412120035104961596890731784199672755155542522097303552
a 601 655475594644619040816932321411619672016583201712647438336 -43199472228484248843370606296636891253429901719234412544
a 602 649929862830557414848501584435722726123705101306073972736 -42986953918338085123191468571167272755802776719421603840
a 603 644417810014848112326959329855561486915365217291955339264 -42774716840865496417059154683175179849583265211754741760
a 604 638939213484284956912325508623095407890443778177802174464 -42563618132948625681730566927017223494658188709059362816
a 605 633493674790561017386542677426584193503710226360569954304 -42353645118765173551602995397199623240488069859815456768
a 606 628080951666710276992553576183512817822955906832948789248 -42143834384377454804793181069138589368632354570187571200
a 607 622701030022663962290631343865181387733383465716873691136 -41933839018048672262345552127598182369215960706378104832
a 608 617353617153444805915769834982641265842299777204273283072 -41724143515183556818145211506010729852425304396311560192
a 609 612038575341204107812286704683190351478318040098105458688 -41514080482813044926509694788129157645952108891207630848
a 610 606755665072287517595824149184219963135497362605399343104 -41303258615905546389222379735197792167724958736833314816
a 611 601503817567994991505593078535880857935452016607122948096 -41091891466329576799433714479697893330248412725212348416
a 612 596282455960588545046611646659639892976385975123867336704 -40879701402836707279747075997754170472101144654717648896
a 613 591091548620454660693819662188147801723190703984056729600 -40667140785325993332759009687664807495970834614203711488
a 614 585931422429885907714863758661976747079449900944067657728 -40454569736247625576521819273693770217209833077558214656
a 615 580802214860473418395198654095181890273119601619705528320 -40242395626133117856095402140655206153666541040605069312
a 616 575704460462131085915116965427040638284983635875882598400 -40030430072343319866190073655997030638972310170716078080
a 617 570638135515718890078278480499150016611337364187910242304 -39818453227720846649078212185375270052943437179297726464
a 618 565603947668543143330078651990236209646454592698054606848 -39606753821323605594168187349146179652585932203858329600
a 619 560601990756949274368391151006252034989300064287016878080 -39394889762936313156457093230171160056247927098883178496
a 620 555632081251778979590803225326876877116887639490377547776 -39182840770349500385408470842528766204974430385491410944
a 621 550694315330111668782890280807455519102951948450571223040 -38970828529407392813517242640904967763923053519770222592
a 622 545788564882189907596350710635108158793471072503464984576 -38759527519195991453923151031806632063931504848567009280
a 623 540914289600286979302973585179299760511037592476254732288 -38548978159288660350908547307523998917571409280742981632
a 624 536071054601219955425428214204254973594784631487798968320 -38339028523861269498642792272823693059307100073069903872
a 625 531258974127107264840041611645118948902464710884320083968 -38130044721893244425976816905569864396859108301060702208
a 626 526478150515538093808762059789268238641516759438025818112 -37922102298030089432413754943779846041899437132445908992
a 627 521728255280198137001713562665976260172973408082825576448 -37715354817224433675957587855958599619037368827936505856
a 628 517008957549118677160284340612853405800411624660390641664 -37509403731447010453159965251221844162224513202295668736
a 629 512320235238874575676889284467513908707942922906530480128 -37303927707562356874742042799770211682177545206545514496
a 630 507662149294345225319990763836896055324287103632033185792 -37098727004147438039932786299683476674573305048004034560
a 631 503034131652215899953607211811736237584440247756204802048 -36893542719171560620767364398146576573149368302096613376
a 632 498435679208267106923696551150458971834026799855201943552 -36687835004402090941302106140863317175653707151218573312
a 633 493866653135793722767278863740652942332646253538373009408 -36480290614565344306524332039251936536435284268271271936
a 634 489328614334819107598689207802097787846921923959378149376 -36271265873416323252396924672167282928977445693465559040
a 635 484821921520946233111381078030866435372182047274733404160 -36062798273472528336222245363862623241386022015367905280
a 636 480345727245162081775734883070964986371408200806455836672 -35855675379413268594446605321673674836653899514409648128
a 637 475898965067345693402145430758010436080906060785191485440 -35649226274289507349719483015367716677374404477673537536
a 638 471482215186481176115838051497279579159183585546248126464 -35442865843435004726047076504237502666902031592029421568
a 639 467096589920872157059566064648504448267904716094490804224 -35236780183437376385637971951055944361711959350532112384
a 640 462742280182592951032893742738181982851956489180040658944 -35030885882014713767066239736928750576271478065698177024
a 641 458418724542108508692184456241805071401224538357831303168 -34825139902427277335025935021010079171074923670456500224
a 642 454124778679713648487082690920155530268225372941918928896 -34619334475475081044404597801568469477713584841178480640
a 643 449860201052720348741117253021559781877767154132863418368 -34413418749912376430523666086798699057509869717710438400
a 644 445624331907876294166822710911303404511382656404208746496 -34207469913697403102053366112445779503958979017088958464
a 645 441416680133116650246789945685459854405746459280844783616 -34001975499223451496336626079495533477084338667288264704
a 646 437237426538360391551874326117561156361129942620389244928 -33796830762636897317458865176611390188815804517501108224
a 647 433086116445795170870748403065740887277111062006549446656 -33592400863254709279873954884582672661780478634175234048
a 648 428962535354471563944454355044029027982453372107297390592 -33389092781182559762525588706115449294226576628120551424
a 649 424866785970948164530582785071694053901222951802665697280 -33187160838639842606002165747912046835931584596558217216
a 650 420799197065137447840216337023028904526439220669633789952 -32985174988000374778966325747187049199998950760062648320
a 651 416759974381042531988979654719467833226137213635328475136 -32782222859863728937945356800449730113240966902054912000
a 652 412749316233848336152979398252342086041239386128765681664 -32579030470975362995255697952129648780239033378338242560
a 653 408767489917060097852254098287976164609649888637480861696 -32376208186845673722795516762256502980368478773864038400
a 654 404814027565023908555333505336182290933993685203569082368 -32174076170039586385925466408096349361285415763083001856
a 655 400888908610272516375998778758032643165498112686361149440 -31971947151757828908555983012145505537707184390804602880
a 656 396991878396573527820615582429409868126167361759857344512 -31770056574548708201067004031275009291516526755099705344
a 657 393122538757031750979926649854453282524452975056890363904 -31568660714818655742653241927384463887923406988709462016
a 658 389281156415078726122901434910274588607882077436322512896 -31368472984857083927103240055697069543032417415656898560
a 659 385467980011242300368637832275670681032420700238318141440 -31170080400755329846440832713691267009109800960013631488
a 660 381682364026447198549378713440709287228953656859574665216 -30973258288745751053015180868459970906107499006008492032
a 661 377924161663863977353114701055077571319874288517797380096 -30778126005018351129522969988039912767187832806462980096
a 662 374194097886542275038735588411831575995625898670322352128 -30584232678419616180295818614652646931839228386849325056
a 663 370492398003478178117275921965593433359770286561830109184 -30390757498342572699150728834022027981884906918574555136
a 664 366818646369160919781291412116461026473652276228228382720 -30197359490852768168532322820629600270157445544519139328
a 665 363172786451113026889792637725698804678050982138994491392 -30004049399888671343701417345908060099370425837349240832
a 666 359554242394996014919363809972243992087482764221789241344 -29811176941668038687296042162260845512391439061130149888
a 667 355963114317400395305345830635964377276787549940033257472 -29618527889976877360763227178951891807643907399742390272
a 668 352399437657916651387545910596435904929662084211906969600 -29426196437737313947420854222509022527553543998571282432
a 669 348863236568404257796686764240779020310411558921051308032 -29234170000015404526334367519228106162934044501167046656
a 670 345354163683940806154521168895179362985376101324510199808 -29042229344889130899179418356694893724332379210139041792
a 671 341872179742587045748773551895160937177472525532840067072 -28850933484310796036139779138573090555403544676016324608
a 672 338417336975500979096253463320429652690207130876435759104 -28660572872930546063904122649428455407205247065488621568
a 673 334989202492248473889121436494487413610386243449773883392 -28470541580053078859455930510390463390545164963682451456
a 674 331587304916762229963958421586431390632591332975193358336 -28280207194759050085322570915989967424564573760816939008
a 675 328211204614211489583291028360795723678997257977130385408 -28089246059414813205290387634251709471809130466402893824
a 676 324860269253014441710429889725313991677252456444206252032 -27897932157442275547401506581679264758777100887094460416
a 677 321534849825356883089162931647614919448579179980431294464 -27705971154442617018779296965588126636659719055133900800
a 678 318234648414420916709062933913970844840431439661510950912 -27513797082745200202214425801961478088914588397385809920
a 679 314959024952219982661067820210431413531529742332588982272 -27321600864099193248648994425934058315571833086266048512
a 680 311707571645157737686682906413884683542796656501055291392 -27130034318048114082093006585924392698807956388328767488
a 681 308480793590028114928315265872140686507434743343003729920 -26939249971469998299041949755117081866401946010153648128
a 682 305278958083907507335426974478308530230686594426778681344 -26748767800190738283569468748463639106865693689521373184
a 683 302102293342826383264283033666179576534245963158637248512 -26558686844893540438355072116306009573181916577951383552
a 684 298950842613654227406402282035344169504076304371456933888 -26369258158857840358653296199158287023080505458269618176
a 685 295824591685920128583348328191345106713618054021092737024 -26180588298463834431517796477425173950444614034420400128
a 686 292723208161655119266732329228955786726880481778792923136 -25992572110770497666047757612954309679935033344576716800
a 687 289646681987711587237006695308470092717289800116727709696 -25805215119126231306502941466540335249234291551287377920
a 688 286594527388950696800512671559464711774551415623079952384 -25618236489629475545845926592434232964890171842150531072
a 689 283565951293923689357011159202091842588928951304948023296 -25431800785943637084974691297040828837848178390510600192
a 690 280561284800684276724341210479886067801055436260356653056 -25246003892637127227632322362746548764840897336741724160
a 691 277580595924970323122697509996870996379454810296221171712 -25061131671532312418661772289833878208089262823611301888
a 692 274623219560397295484043907976350390402100510741432893440 -24877154664653820691875654587513472387587649324172967936
a 693 271688923862468037999124218962921687346076025889518256128 -24694097761201696280833371414698398881696690355568640000
a 694 268778088734848792529006408076099441482612412884979810304 -24511802699484092041767647051457569342594124742379175936
a 695 265890928746619095676290220784370585317752521167512535040 -24329756054740377792455566959788456026626170773695365120
a 696 263027521567507700440866275543753691607921714897186979840 -24148330362965361709402806006875046990626439072395034624
a 697 260187123463835197824514057997704053747371707381724479488 -23967840237252765908465535838274244008241999344190881792
a 698 257369471504961996971735977660265172725262608316386770944 -23787821380956522961383979206285729024731899027540410368
a 699 254574883520753765835804389526783829279903673708816891904 -23608224037948366415474724607924439519944489742502985728
a 700 251804068135267777238359135125852345324712755596344950784 -23429435421056870937793925241893455864739754481639489536
a 701 249057197522647914671369389379734860572588172826483097600 -23251318524459644305677788862537431242820376338980929536
a 702 246333621874179720636212231566679986998840255785058959360 -23074109372168778210228088128761317824631939166736744448
a 703 243633080949806290747881781072220824992290565583919906816 -22898971121468178361267621838280811864937871667489669120
a 704 240955580847842243640016514498929667908172169202251071488 -22725746375332166028372167225985901444434113652013924352
a 705 238300818072591157014887114137936591851186083797277868032 -22554171016437658437592460072415110652666433478586269696
a 706 235668540915575399555644629759452035213804164580705828864 -22383303307127972944255268207487406448657647926935289856
a 707 233058827862371758390240031822941984276435800884009500672 -22212767522776613034530598618259806222071968819086098432
a 708 230471565952668344648890278061613047016659707278879883264 -22042283682617675356794891659708511033285206533665193984
a 709 227906130236208111377624109331529709935549287280865705984 -21872301320115494895325710474983326787319715100469755904
a 710 225362280851344130224818939037570332079134128185962135552 -21702812864774061036893614150627753340411415506089672704
a 711 222839608763366049264965383881300815980195442695677673472 -21533531394730788526388606252651458884879665211511930880
a 712 220337766472000118114559702242401471133950326039407230976 -21364194022019955906301662564010499035851519684627136512
a 713 217856641968493342839773848784878755006898109821566844928 -21195327410161099505590333240306920968308870003843661824
a 714 215396365940297109317236256432146287931266507034339573760 -21026992105718952489120883580881382805224479390577983488
a 715 212956627984803661208692405524902604535378137049074761728 -20858768370850847288365035352416836586444511567822192640
a 716 210536944838712028437823437555454186369513209680451600384 -20690159448769904956146444344751701022322307604225720320
a 717 208137747099771481863593219919115707739162852562917392384 -20521838290638999586389402824858969695589008009798352896
a 718 205760011959294432692658722701639132083151811981149732864 -20353996515347020430788470674243820325784867113676046336
a 719 203403593324859989693237884169454014027822470584137154560 -20187163974709252429221280604979486211201127263940640768
a 720 201067726041391212307799720355154294039577860161130201088 -20021248909469781653328382728728630103926416769315504128
a 721 198751955018986556900158371890253649612093133466783186944 -19855946151098800368422975159252169453005290938006765568
a 722 196456142776242818916079314563227648520318715332411785216 -19691384833018331152663537467301397297980908342666592256
a 723 194180835742956311201607765079739610109604894649771622400 -19528095167669239272525703867414565183052680931397599232
a 724 191925800938134642440534262877232394344775946195966099456 -19366251146966110700659114921383704520589708212746321920
a 725 189690305214592774574138799836720702938442227459356098560 -19205833604073412248186000246407542985400291216974675968
a 726 187473931897191703005495888021570832783055153307053981696 -19046779282949236919192196166226358513170339333538840576
a 727 185277000640924196559340565791632727214343721462232252416 -18888999141470343469388847668619905523187781148168159232
a 728 183100087984185416798523315528741022427066082136590123008 -18732037355199342223858353431945376371973962609538891776
a 729 180942650765906908068409250122031447180107610736402890752 -18575177550737027046481938278268214058962902268671688704
a 730 178804745201447691081339770883380672700206899673692110848 -18418291771305965622028485759717656499671787737079349248
a 731 176686658416445784647757596006828781854511781595297349632 -18261419691230964701501820730580802657946179537108729856
a 732 174588206174841383672573484362567992369701651259620065280 -18104547166171962070590427294608981253050472805976506368
a 733 172509155786552125037661856962965895478999028636330229760 -17947872694802388161992780345761169771095755693045579776
a 734 170448603053848145550741042005366027331806229729611087872 -17791831756025281761059374318407635438681214273384873984
a 735 168406333940962314849298966930525794699255696419668885504 -17636411656806234996553098761181326933084795086001143808
a 736 166381971569782339921332227533612028196348829052505686016 -17481202013960098565423986116063424442488678991026716672
a 737 164376069966121555158895177146229465280927483678987124736 -17326701684366359952324934910421247051435317217298743296
a 738 162388690845273120469407278010610328624544199296807862272 -17173557096329523588387936580495703519960965575010680832
a 739 160419493249537128476418114761345524353946742812330426368 -17022314963771223052775528437581437711491294594431188992
a 740 158467946148984689178584640778376001689853470092958892032 -16873056769545148029888456706928735557863683843432644608
a 741 156533509438928343618326948738687672996169531531007623168 -16725300907202162918332531109540425090344509907115442176
a 742 154616788302757438050694879524053203003003779650877915136 -16578306944936450827804367662535789679568421822213914624
a 743 152718103774319257797615082195234665811519599392619233280 -16431671907014533350509579497879638835268917081738838016
a 744 150836875396792526641223982521136337350692087997371777024 -16285778658606415763182126285357539170601838922971480064
a 745 148972883487499040601816368398022533699588403874848833536 -16141157876257615063459344617831864875196326419967770624
a 746 147125563889404687180268955831647189349465893466561052672 -15998001818690470150888508733810359340068223321221627904
a 747 145294323889324153842743657051872355328302160685696024576 -15856105435287045331404952369049310652829623828023869440
a 748 143479532043903027755161298687012966612706563348139868160 -15714853302076091288161483172421480947012352961465548800
a 749 141681385079108525720563441546529816642190717755823489024 -15574175466066121630257211874242634061331500113344856064
a 750 139900568990577237712834978142688745570140739973190516736 -15434254936741735365622709549418547321522357026756231168
a 751 138137126136772262242378886282962876086510979216631136256 -15295918120114004150288655863917625983870492796809904128
a 752 136390794086853179920955407565696323609651476871870676992 -15159082379819032266022010464161283883905478746120912896
a 753 134660818612898275029645917471195630535726398892039733248 -15023339166949037586459061445155781015487987664411426816
a 754 132948063695364354878856802483449261522778968885980823552 -14888163855607923127179376513241373690449124369304125440
a 755 131252756787547247371533339525940053895923576345529942016 -14753708222025827982452054767172905430033882172606119936
a 756 129574598274223571035594797982118277482243512471809687552 -14620139860338144796104470776280712739587683088546660352
a 757 127912536535028426552124679595026157753844087233106149376 -14487492731258277402030169341087377929003058109953867776
a 758 126266268589813538229802850641898540072219742463254855680 -14355866956808611242723178695528754337774727448710086656
a 759 124635597576852205874635910061169934848786243152301260800 -14224624530689006743316875685549555779312314440442970112
a 760 123020998293173920220109926752278003647797101221682085888 -14093606848361971782318938634668936344437551888898981888
a 761 121422229821926879343945693518655149912106707171724492800 -13963401082412517518479791110054329305618254276174282752
a 762 119839647024121549257661427088279747609414621682527633408 -13834296428401967434048015368209244240147321583843672064
a 763 118273612949632369548142728467379660723043750812019851264 -13706488496573790830423108367645802781879407845264326656
a 764 116724137317010384450359785777192846315514652265218572288 -13579968310246744103189371403599876162675017712995926016
a 765 115190751430511263515016214531064696715224268929696268288 -13454137448502476068583243155114483185835098623780585472
a 766 113673310720794505970025008320312111570830347915174608896 -13328954232377626540796138919908379516501063218279481344
a 767 112171566491692754572882519414663384670926532039262863360 -13204100097450308835639252864014373337531299310642135040
a 768 110685401322243835821526305578206769474779077435243626496 -13080107439361637254438067493222914362587882862676017152
a 769 109214629941382136317581465411855153919890568558128660480 -12956889939157596629036380218620571765435177900800212992
a 770 107758691895247785107848867900309766330935039808178749440 -12834741140146024562756901489339095603470009646406696960
a 771 106317156986262213140063168485892412313962325654475112448 -12714229465682946863734206021976386366839528515644162048
a 772 104889798871138204771987449258593287693131765934240825344 -12594862796335983014364220747989257418190764568330895360
a 773 103476836129542699023312674379409601179444976943296937984 -12475567307365595272034937866050740747176158412322897920
a 774 102078355276325539054256605876883787551020818710950576128 -12355783087950406388713956125451088387176675182706163712
a 775 100693931139054547110933468186951343800877330456865931264 -12235979104581129019918990190169029379422212576698695680
a 776 99324011659486882110561912883869062604716842202504888320 -12116619930720671282309173815896701464407125467521351680
a 777 97968394677172646171266612645240225031659700403625263104 -11997294103171125218104998873490741690506984925876453376
a 778 96626679396125937605855814308224252983355476093270228992 -11877893559670573052812406604631891371048875017830924288
a 779 95298529709801179553290699162613642741818013793673805824 -11758264327451971112598381491093467540223979813259444224
a 780 93983892929720635608012386921393367456694196716672385024 -11638471159213686613360746942220227940829223694012252160
a 781 92682436580110922083902997268427529088706258683037745152 -11518752905107935731336654039284998073241574515459227648
a 782 91393887155777960267460996540299822103143912128028606464 -11399633375285736640564962789160762421586544428878659584
a 783 90118051676358708201786593258481982116733598369736294400 -11281186270410047907705819226054468725144754495825117184
a 784 88854466928864773721019742722633575216045636736860028928 -11164074806691619853316897612301394904272617435987705856
a 785 87603099011822703500576826313636985101783268870334709760 -11048415738816160770389512519051568830045773622207840256
a 786 86364969986101316875040618861473865104513822440367849472 -10933695973235711157949947780757035623324855733369962496
a 787 85140635224645018052183501850820166959400305221221482496 -10820285004978523907042028195030181408490751717382553600
a 788 83929215385269185521358641687085718641426015968596852736 -10708710030653212730929548982481796459927163361403338752
a 789 82730439325777515575298967163271790227245465784767479808 -10599260359861146026594419654984438023645884031510249472
a 790 81544182984782837199290874025135073684517177607388659712 -10491644048722471724081660850640754907331735373039534080
a 791 80370649732739060955064392090081463476457591019566792704 -10385188291353823887845433710470692630730813128096874496
a 792 79210395620897553772564078884203173428922622220313821184 -10279247458456449177940685634170551195868682959550676992
a 793 78063227200930638329870361710643817430119061828975722496 -10173327934920312307636666259961703610794607648243187712
a 794 76929194268391998526415969502752558386256256132320329728 -10067874750527976006282304959111053760310172153171410944
a 795 75808724454260838508067233720190041545365348591616393216 -9963327987294587806234382380573799778565840132338876416
a 796 74701820649055668426037548435750425661844715696417669120 -9859563795681994457286671561658930763601488657885691904
a 797 73607606143178382567409424698400686026561025560291573760 -9755839435102416036481105801029186312654240947225231360
a 798 72525771393695231083876990649292747698455741564014559232 -9652048974533420133480519428592510998542184714214572032
a 799 71456921906875232340897198737878404274313843112646017024 -9548385474625431802500447251290534467983835796116340736
a 800 70401040882175877016589916478830331706956302288422961152 -9444952259420421823308839265525691727293658289854742528
a 801 69357310656429348113560774850827537645103586349145915392 -9342148612705673286981951820277649027691165446905528320
a 802 68324991551806688205325395290025373802518595353450643456 -9240063983199391025871730336338181500884952340716584960
a 803 67304067238394601245002496564159208884233197993714515968 -9138579586945987544669464114093009220020773066832347136
a 804 66294728462607143111384899388258130084393845852725051392 -9037878518334545322677809220862829985721426057317318656
a 805 65297329203382946216600283873739973135844135363053355008 -8938007450158678263178728693437597936822595939007987712
a 806 64311059119275887291186792751862751524584064229845237760 -8839416464288622467441291628771871513157562212519247872
a 807 63335346451644794578415971780498844419605408618167402496 -8741948472252580602477006310191532290616447233595277312
a 808 62370667166524896020878823234399670799191022287542288384 -8644978936578758166401433761701677853258187448170577920
a 809 61416804853843134456280583866228500539985919654708117504 -8547952098038655393198254210833424018738664275961708544
a 810 60473550263991344808534912740316162513216886937789399040 -8450190433933021400621300385494305833333634998747529216
a 811 59540832891408987204852404122506543689947605143480434688 -8352278821133968327072286960831108933514954131539755008
a 812 58617995208514274854397578104236614070215865705288433664 -8254873571898988716493703296260543822944442442558996480
a 813 57704843559958374676755978993396263652566424060174532608 -8158173457939651434975475521000503491864251695835906048
a 814 56801316348361237881113987375336731355573271766021177344 -8062041654499869293337760138278145575294573587711655936
a 815 55907571597095980775931322326060204686484099801471254528 -7965785637670587855005484465778930730544933434164248576
a 816 55023884064562060334767137176312290210466668797633757184 -7870023469977577671838863000038296199481165460281491456
a 817 54150447599922624597932221650340739399834487115873255424 -7775023626463570624830945754891651661856551850804772864
a 818 53287358493219669615637942899046186542515224004970676224 -7681327497614619873352976621066566259456767766818717696
a 819 52434333069214617721461844383778221472425867013236195328 -7588992608548903882763185834346439712466024395719049216
a 820 51591855299495366485938774426868660611305979603712999424 -7497722382203949616042461299651528709608090891232215040
a 821 50760080289867827794140591427620035540332995354975797248 -7407235481123661333448547881296536452798041821735288832
a 822 49938786327187095535487526697236859651109148561128816640 -7317281207578575721270618515836767878010348461331841024
a 823 49127093876425014759537005655151991120627049092995874816 -7227907625558734847918852015048423796759895472129179648
a 824 48325152071976368831854166664678929777948355340793806848 -7139050643242432873337996918979929452586307419790901248
a 825 47532669530057987312065053903444860778672580379124170752 -7050677733378545211215631178835207292620819650666561536
a 826 46749758508358058397724522757586259803469951604828930048 -6963205921856247642631847585614226945554701101519863808
a 827 45976668214588462416779270962889853007069376118047899648 -6876830444445051958766248575403959823308172323119431680
a 828 45213328256346428109727080694570917992877992408084643840 -6791872753382558811491000187736816225991573507229614080
a 829 44459859490170056460960295457842424178750766190824521728 -6708339918677069957911774799458991913356042693869830144
a 830 43716720036939984281380773070824582253333912174620311552 -6626568923860510586629167310760544605414938902192455680
a 831 42983716302809312193635125837076954842033156658919636992 -6545687610297112488080465502870404217803771954186944512
a 832 42260649789485136670760411339869153879927405015587618816 -6465231992829815478588713670970156271723150647270309888
a 833 41547222038471720203418495213634595076199095864880267264 -6385238496705968485456898029028912573886649753661341696
a 834 40843345440839430923283400850652111605865466763130437632 -6305716817196337835400098673398741562094574846651400192
a 835 40148640617243053256748898898846767904922830445157023744 -6226576987620557556769504029215274755547172444978544640
a 836 39462987239391493856022937729641440659402236264773058560 -6148166872733967785229750149470198725273180993887404032
a 837 38786121259624255177652860609302526933829336884735639552 -6069568854510562428259831589218005719662512719400009728
a 838 38117851451417501459575443189910612299885273397476720640 -5990723860890713809218739400524350642100585063379894272
a 839 37458179677919195041723805922693535667410952216045944832 -5912037313292297281462764964456945353120392159462162432
a 840 36806870998489065874771146275550922814100777191381925888 -5833975375821424452271283554232802762299623969145225216
a 841 36164039055375684121640762167232527768949237855100600320 -5756079323398433332326596502122448211118056353512292352
a 842 35529565443301126010321671820969825835431818508560760832 -5678382754533814088987591508025747001197262294021570560
a 843 34903618255304387133102054804794357263899774328716132352 -5600936903008230617185142711852819787874506397917904896
a 844 34286211652710806509851925821918235020190657966004764672 -5523248079104588090722682537567706000637457651478822912
a 845 33676446312107653352502214717055267662893698981417713664 -5444882538650291452521087798895775417068307162303823872
a 846 33073749729401666493947724684871888536830653511101317120 -5366187559175646901050935183788722513404833715363774464
a 847 32478038964825925892246597361637825427367363728382099456 -5287414991971236139230094170053489229100378819359932416
a 848 31889700552771330336095781397041790736773277748595523584 -5208919516724918589537847250728669262095505760750403584
a 849 31308653888120698857011848924118235550806264263487782912 -5132144683991743435051087741107828116415038927040151552
a 850 30734543843963145260100756209977271749599956073403383808 -5057443729831054621605461795289611135474259299286384640
a 851 30167010735751327053593933028047286077157522533026627584 -4984291810651456138677693978041094568524788990795055104
a 852 29606740515371352673232006449740151550858840602434338816 -4912665001485609663845549859061411160409455655773011968
a 853 29054543708504092921070011208706979842270317381035229184 -4842712660353722604156573268072788738693946064121102336
a 854 28510934389323932897593719397085041820565173566154211328 -4774384204816402551291105514486656236728527657860333568
a 855 27975871148121408514976681557562165012055750149484314624 -4707738949477089619626702335828147168650216213426733056
a 856 27448728813709604563391050299380433054678517802508222464 -4642015500488269178392212368324922026273268097091633152
a 857 26929465569728345351088128301697920069303322151187644416 -4576277476092637112600309694156081904925354909405020160
a 858 26417704815640913331479569554098022707555871862938402816 -4509848482852748475403919402621108416085563069123526656
a 859 25912950187138474112200211257801959508384717703152140288 -4442897477086650594157648621569760067552888806317228032
a 860 25415446080875454471431975398627794486890349443351052288 -4375807712843226775609875749897391626090106914894512128
a 861 24925436502932209646491743810525180246686601330124914688 -4308749095829461304497044394879280129915602052797431808
a 862 24442712848702190642185215662825104995773028110040039424 -4242385698659855541084204827350414293728387407011643392
a 863 23967289246636271424638892939378877096273915129330925568 -4177379394557717979271509765353871527490489106745524224
a 864 23498666514414064209770917429434970904343281499079966720 -4113617251042177206373626575044339892126529151043633152
a 865 23037309739444662742107454046199432658493371409070292992 -4050569324667656096720711846746908915858780813155893248
a 866 22583166501328064553898583373071053530843989896868134912 -3988448353359655931901363320727532712374520198325075968
a 867 22135675235416756021918978140302216365132227471048966144 -3927714257296976054253536740317915749639571747154952192
a 868 21694337299040800645924007342814887109712557372803645440 -3868024662326554470804478970593027674709201210444873728
a 869 21259519002384361580574276290800737789625360811437326336 -3809219624605433763052118236830157730722105995747655680
a 870 20831679615744484029659882697887045591424428725887827968 -3750735292188906517987643719836975658740647880579612672
a 871 20410049580241879253707459726163431793972211711138070528 -3692702335023178113585516589651764326646762663537803264
a 872 19994567072650679625358922055939217902037124308371767296 -3635178930333681448863802868924349548286822343900135424
a 873 19585235096099038085209092249192733145468902746783481856 -3578529786370751756211075166893282760490378509594656768
a 874 19181887982908453697491687564514191006518317464363728896 -3522733722572720369223716774702256872108442054167625728
a 875 18784614615243972504100415806786058370323977711602630656 -3467080528874633351701135005556857633361918257635786752
a 876 18393241198397920444306472744645014647033831761805049856 -3411702629586356478795934000994417154997625790964695040
a 877 18007623661643197300649521977460034246683973544583364608 -3356750465367385494097879095080969026190881202213224448
a 878 17628229806744243464880901806014189737373430025711255552 -3302280120154114846166261780278657362817259665677615104
a 879 17255222269128634911874235044287029982569733345568096256 -3248101978567706312026262423307264462216749877165031424
a 880 16888053925084175847931551563913711687548790345291530240 -3194514033444733363132560392125579587579825781011906560
a 881 16526298804380426619722377982016084726381825470207361024 -3141534754460020397200012047158342277731974377726017536
a 882 16169574474563702186934956831409566230710983659563778048 -3088740607585374630521770990918075637296564713973350400
a 883 15818591670677360428256098150336578334061863863733714944 -3036305519149948574860494561674984471802309569702526976
a 884 15474000110205219724487454891431993800735036508295135232 -2984666346779223441700596351239394477813953718007103488
a 885 15135497426183917167013148262285566471622695474557878272 -2933847832817792884055880587898593417732135290461487104
a 886 14802546412987616324830613015777434380321680241188667392 -2884241531116517673431098180658224841796140971585437696
a 887 14474722341749642850842458390976742332690005831618396160 -2835558977388683832825718879856241573812995593466806272
a 888 14152291844857851072471778376438404174575062509317783552 -2787206023356990152575593198466495479128899053412155392
a 889 13835532179317241349451052197208989911199600727759519744 -2738683447384275494745023405110721493469573665060290560
a 890 13524055431239921283457543848600350031759356947142279168 -2690997050554649930691172443034120706081397765618794496
a 891 13217740386771981932759502250218982682906072120106680320 -2644194095432747592444667265917875014884708228584701952
a 892 12916645875875441130099586065646197143727830043505721344 -2598016484040104871667447853441313649816832481031094272
a 893 12621033507133023903120803823754628599351636069596528640 -2552521171302047501061707662894449990295732044525731840
a 894 12331015639184669163696142641793711111103640124885303296 -2508125776250330079643997260244774512762561615651405824
a 895 12046151968097551917348034322669136710149026162912788480 -2464377241306341369123501305166688567453080008030945280
a 896 11766189089331785086064750666464668572767697118362075136 -2421040156331574096492610393270601041902975221749514240
a 897 11491566477275052119432043341586169838756087476317585408 -2378047112293838202170216261680936136458716126182899712
a 898 11222490530746706086092366096926797099466540639156436992 -2335767978030398321594403781492670418286582500614471680
a 899 10958325424791042063028476639590235213089770293491138560 -2293833092150833182267864804082920289937961259525734400
a 900 10698886336272860927117359619791646407367520067669458944 -2252352992596172093589207792512497635629745624485724160
a 901 10444500148903170941270418358986406163104738972190900224 -2211137266305101861778196745295542826889301805947158528
a 902 10194889467886885803998653430760453263809046318938062848 -2170082755070368725641619867989960113480040870299303936
a 903 9949610136429783168188996898362365897365052152302534656 -2129358802145161796314645428781743487205765303821664256
a 904 9708492744126428291528328796664202581396801061140824064 -2089379136635460187545600394922562847849774756543856640
a 905 9471554500375684275107029457964696010961895182752022528 -2050179079870573869667342876786574024603600742751666176
a 906 9238832969421417301164675988312548217384870972324052992 -2011404199301563943742527930111422898249582200859131904
a 907 9010618486053094834691264566837095852578408403820347392 -1972804611484855600747106430263091046078720390530596864
a 908 8786481454331378344006595805695235518791251463598243840 -1934429655068985905236295208443994000456073900183257088
a 909 8566725871625813768533114568495653648011287895033774080 -1896158453083417167338808872060749174611849985271005184
a 910 8351663705091692137741928556605385544535373244553756672 -1858577847988490487587187110097523214200832274827575296
a 911 8140722979873648084545236879582994710448860889117360128 -1821643863335138234125542518788403991652738164762607616
a 912 7933406328467580517816721225530219816334004864208076800 -1784841776703785891017753024807694121092806477244006400
a 913 7729735593758081474300120187456944374754854840045666304 -1747916151561001374700361649172562512224942151459405824
a 914 7529860896185890045113838651173268818576535857557143552 -1711112077805229925723028482580610721005995974096584704
a 915 7334292185524380211002379513089326013438386471685849088 -1674970831869093319765145740238089555958006401778843648
a 916 7142677265343251604591548443783577370414865946656112640 -1639741866316963873009007987461615052282817038165999616
a 917 6954639133808518291597912133181945231484050973810229248 -1605294616183590494740745511156896856763704145023598592
a 918 6770420686447090076521606133550291713626213570993717248 -1571393156439064151366996242308294798320434146273394688
a 919 6590146696681769385899563471766020472015466137053560832 -1537893304844624520492665374081869008810538337956790272
a 920 6413506839807689777639573068759561449589309908621197312 -1504749541639134064165548140311360968168452386281488384
a 921 6240501445174376971306668941805971087762495300733763584 -1471848181484125167394828934937026052563370472233762816
a 922 6071395877335884986552567391463251494445434706560286720 -1438998949555609588312362605825717864176845518517829632
a 923 5906026803814568880011178961075062650256905691428028416 -1406098097709743140445009320243619197083788003619373056
a 924 5744078877718385912413896994017038165424745806693400576 -1373239627440229966385805551991303437694892044202278912
a 925 5585414405770233680120125741408678563004557226107994112 -1340664426959938352189627306605786193948909912616599552
a 926 5430171036425863582215583911182892415708131548077228032 -1307941101743430999217090863840397447551718603645517824
a 927 5278076711806148576303150384951110434477856772740612096 -1275722435312750559542058611040240351779785188738859008
a 928 5129603675613451912884640013302362977679399769593610240 -1244539061707035273729052471479325552128138310647283712
a 929 4984320846552127301073515755017960412115578510970454016 -1214708798852538990411078537220573981207361732902649856
a 930 4841503981011555648181362536722449670308418226212569088 -1185822080260103950872304606366841343255727974905806848
a 931 4701316065900449830114403759133440777093012099818323968 -1157794439552392484637984972097673554825014386433720320
a 932 4564557249555741141017658510384190554827062002308874240 -1130755282502343757877068741441148935352792058462994432
a 933 4431684827313196701466358066297349214710641940756430848 -1104870712511892680608059921234363677133614590401183744
a 934 4302064267251112192741017816729067446508349193340321792 -1079739050701979806381486870463450423815681612946866176
a 935 4175520072801366611911693132073098145500103445804220416 -1054663074009687033404827962538701584593535062427828224
a 936 4052250505810343107585174716215115478573327684699422720 -1029473374990534457915379209251420326616472833344143360
a 937 3931514276078975525662403918196532839764425279312756736 -1004462848565985663355595953482386418217651528473247744
a 938 3813039155643291997557016546195575325657480873669296128 -979577156221913336278679824485580003132478713497649152
a 939 3696901762271956513791905266205726143757742572623101952 -954348477699367751560819383090783084016059968101810176
a 940 3583427032809428856657492784321486370638235546308050944 -928751230330883122933700119279985452308971647498452992
a 941 3472712519866835038636726067485700172065017500782297088 -903667603326468812596034970679660308549526596049960960
a 942 3364679307581247626410170978020064321939846948953522176 -879763750433495776367838809155864745060623641070272512
a 943 3258793372374392400985245603014648966387561477745672192 -856611023656989220303783421190142250359801669390172160
a 944 3155214148204523500774939450335776130072169468997402624 -833687487808614897649734472306122874770478335294177280
a 945 3053936353512630957467957267263381944102118949740609536 -811027923239743317268841316422372996576435769425526784
a 946 2955768222330562105425012672852891364298272208649715712 -788887377260083751518241955719360624315619245230653440
a 947 2860423106979302383109598930330427207421842726217318400 -766988369835352349648269811892448963668166303564169216
a 948 2767382572148378994853843076147231203049860255178555392 -744878920237586909487809093058772756248400229478432768
a 949 2676439309233107094557262003822724223880766325161721856 -722282098409997777874048954060217565224324542240915456
a 950 2587764621671343846499617320477781314518329174255468544 -699486346021814539314776204663744302609893631092326400
a 951 2501060441888407805743017563080110135763838030493777920 -676916051471755827428896965420294890738992707373367296
a 952 2415990457646682191889954491362388640217663191491018752 -654965461366876803748020396862931782405022210896953344
a 953 2332437484731434618391306072419364152596825931606130688 -633581302126599237678562042840893460559022716060958720
a 954 2250599507536328603808906117496520472869033455057371136 -612993549068721528242330631017022669432289147230355456
a 955 2170573022202425663863214249192950253864454997669838848 -593145342694530369860008300290418935301481930246062080
a 956 2092672417786613329174433510173031094721256625434263552 -574068168273692203393644996924707367709098149096194048
a 957 2017030537953584917125670249231373574872826354316869632 -555434329544204082170963959624720006681633384558493696
a 958 1943953205335982264973673107535753005315709461877227520 -537361905207652958346331970623987745697643383075373056
a 959 1874302146172487207342220296557304465248244600133386240 -519887868487851175984377842083637315966235835778465792
a 960 1808141306567431084298565329023422139298647442477547520 -502942478225150739006344429271521199068303683479404544
a 961 1744201726976768330909685092767886168478283716932665344 -486036910453628541966239040838669471762711155350437888
a 962 1681973211011595883733183156284540909523015911425966080 -468891479120387491503775443908381881129940311429087232
a 963 1621669250268707521267508895517845272986427767704780800 -451490422073284621384457892024640427153385374691098624
a 964 1563248476512295873924781751285207981292171620501159936 -434239340400545483734264398237605648874934197800665088
a 965 1506264528167799656506954357246549263919868581311938560 -417672291162375081481210268519250181092043109655642112
a 966 1450757739453210221087687762454734446806515007147212800 -401690573025258588334432141161463637822024600405409792
a 967 1396963256086533512501889617404394468055703122524241920 -385673025048010041887471764656069180525927707323662336
a 968 1344304381041805268576429508943484335265808385006632960 -370075869214794239129328414598160030012297582160642048
a 969 1292628784388525938143789866559281696569245511844888576 -355136913444402598567989980436467707123926531175350272
a 970 1241953743231896615499942146528319959519702526065639424 -340719261539183262705893107540075353990191645376643072
a 971 1192301653366743230187572849611052476294267836888514560 -326344279599168880221392597915091324054657369536200704
a 972 1143609120944297143320216931063908380549202697548464128 -311845219582607439657757939285177411753442021742739456
a 973 1095779893292771026552290867209555873992745809745018880 -298020186566458877609121966144015242506064260356898816
a 974 1048742130799192824929039051775419015538069789613228032 -284832128412138907959241840445066473333404318016995328
a 975 1002600503031242572215427011587347454645587956706836480 -271988598069221609328369947491912400630838513281007616
a 976 957998766692676859555101574039590532884573683529547776 -259352918056911508781364832497236839847041426805227520
a 977 914994782109817562994900379215649157290895000790368256 -247220337675073769962358843446539484481409569106427904
a 978 872895859718810969652945835744549905162240138814685184 -235915508482259027904603393038735069407462992895803392
a 979 831570921289430659373405362016749738677772879208120320 -225040496053776805332436379424056652521447984455483392
a 980 791594367732664213567140592668074661389836747456643072 -214561664645482407727710895804731022417028047330869248
a 981 753181990154945599543466813083075705110809062391414784 -204702792860951923772242015271474087225883309673283584
a 982 715988546866489441453896965295226389233302378920280064 -195806522928057666360829419546594814469954775375937536
a 983 680084614153851091136736116606067546031853914774568960 -187564727148807041694487917665518801187828758673883136
a 984 645871744361279232779085958251978961663861540798857216 -179262169841807486995729334499151831040262636444844032
a 985 612664897674101242095433812866566969462368736104153088 -171224031994535920527464548998695363196769863540408320
a 986 580606710520589901829709923418675304761795946783703040 -163831133395443764057796185220711732674366408912535552
a 987 550443584863890192875012361128615612363811137676902400 -156884735357951879034666439643198487250666345858072576
a 988 522431499521936101129071410009591311689759630446034944 -150702343605625542636173180371242173993327197406887936
a 989 496026295149752023053643091781517493210136397347815424 -144942162235347869464513456284151045813494839769038848
a 990 470856971280364416419240899801491263870237664562118656 -139622158988172855822049656990479813353425714043420672
a 991 447045991524279829805583250614236437770586426039074816 -134347337576425145169865191902646854363938336758824960
a 992 424469312391198978479677267417201640427821723516141568 -128582368443270126139724142453815164505141924576886784
a 993 403391666601990318443160726817015660933161624423890944 -122553046547219869858118672087455052159347698054463488
a 994 383456506405849684019092728816920354349845532597288960 -116799044733367474140788390099612809456166381025230848
a 995 364119092965963703176248653105254556016721839897182208 -111630895839606703699529238106180359847845094735478784
a 996 345550625141826945215757366676517811830165965279068160 -107050289396385598544682128909446857978581238396485632
a 997 327741297299407053766832373168974915108226372644896768 -102432042800612517190192443592316240753405152064438272
a 998 310887708002394975638071853241611521144714029537689600 -97470225764660446679954556944552235496842414845329408
a 999 294756377307061024871907923131580176861657609927655424 -92361304580437205399575442657797047921336797869637632
a 1000 279451217913477274224414360122909560917247036353413120 -86814261405285715418032446067839295340621435911536640
a 1001 265670420390610912839979640591513857732859263723765760 -81047079370099107888532152532240589930745929448554496
a 1002 252767977694751474554197378783282817838309353287843840 -74706264820900458094444914965330871158751789347504128
a 1003 240015933867130217505707679165650325864106842694615040 -67519284620738186774016752315253968320832353767260160
a 1004 227012730884842477524804842632971156120431780866031616 -60539359521269575369770565197760661848158856365998080
a 1005 213672114844620186306949473572109256916681162882023424 -54040473585123757624349946723493985105533303366090752
a 1006 199652289664008922954739139925033278056990552709136384 -47788067919226157332841791255758560893266233883885568
a 1007 185319842626373404120606178337938736288901487495479296 -41738924889267799183427386180333378715479834917601280
a 1008 171203174468291306469404443653253097541032530929516544 -35949539305246814502403028529164843608857533216718848
a 1009 157091554130190876101875444570372384785627342432108544 -30652208422651371357427488356649016909301868241354752
a 1010 143166151933225450680314247700579459001610036267974656 -25906900915202859382316539663676504986224972552732672
a 1011 130408035479695678170536088252509264690203561614639104 -21551677044070654851179396752531773344308708532813824
a 1012 118476797893975453167865681877346639414972405747023872 -17297964017805442654390436579506278325928328159035392
a 1013 106638168270417952669008648442315414994187309306347520 -13256470115914451420857053785261068249756800387121152
a 1014 94643500633915309362207033515525151768295828076101632 -9651930576697576855507005449833532367060979341590528
a 1015 83033745269933652972820176786099497326353391120547840 -5928754223232564366742009973299208417926682102464512
a 1016 71605455332207715383125801736655487574708886370779136 -2149558568026005199482019149161347860480087702896640
a 1017 60252793028114483968928534674761345144764839705444352 1167656495758879554904191044657092731604663625842688
a 1018 49241411585873347261343362768168287613039839555878912 3558256637664307018353516133175638133147435578425344
a 1019 38966033276360674524410364502103686502452224294125568 4963135825094628304959639435767667179457475141173248
a 1020 29654566916664933477305089114582961634033079104307200 4932470983644349491454335464449100150416438720462848
a 1021 21050054305242026171486340578051594457018936372232192 4045461791431325984650338389461729866071633907679232
a 1022 12802473068199590277154089089537660378297826025668608 2499910676107422081473549602202145788671822829453312
a 1023 5381880604401536067550582350214924959587686410092544 986181896727424993759419378262515270609839969009664
a 1024 0 0
